{
  "type": "FeatureCollection",
  "generator": "overpass-turbo",
  "copyright": "The data included in this document is from www.openstreetmap.org. The data is made available under ODbL.",
  "timestamp": "2026-04-26T07:39:56Z",
  "features": [
    {
      "type": "Feature",
      "properties": {
        "@id": "relation/10129979",
        "addr:street": "Jalan Kaliurang",
        "air_conditioning": "yes",
        "amenity": "restaurant",
        "brand": "Pizza Hut",
        "brand:wikidata": "Q191615",
        "brand:wikipedia": "en:Pizza Hut",
        "building": "yes",
        "cuisine": "pizza",
        "diet:halal": "yes",
        "name": "Pizza Hut",
        "reservation": "yes",
        "takeaway": "yes",
        "type": "multipolygon"
      },
      "geometry": {
        "type": "MultiPolygon",
        "coordinates": [
          [
            [
              [
                110.3821814,
                -7.756344
              ],
              [
                110.3822105,
                -7.7562584
              ],
              [
                110.3821511,
                -7.7562389
              ],
              [
                110.382091,
                -7.7564054
              ],
              [
                110.3821514,
                -7.7564268
              ],
              [
                110.3821814,
                -7.756344
              ]
            ]
          ],
          [
            [
              [
                110.3822135,
                -7.7562597
              ],
              [
                110.3821844,
                -7.7563453
              ],
              [
                110.3823547,
                -7.7564023
              ],
              [
                110.3823838,
                -7.7563166
              ],
              [
                110.3822135,
                -7.7562597
              ]
            ]
          ]
        ]
      },
      "id": "relation/10129979"
    },
    {
      "type": "Feature",
      "properties": {
        "@id": "way/120516284",
        "air_conditioning": "no",
        "amenity": "restaurant",
        "building": "yes",
        "building:levels": "2",
        "building:roof": "tile",
        "building:structure": "confined_masonry",
        "building:use": "commercial",
        "building:walls": "brick",
        "cuisine": "regional",
        "name": "Pondok Cabe",
        "reservation": "yes",
        "wheelchair": "limited"
      },
      "geometry": {
        "type": "Polygon",
        "coordinates": [
          [
            [
              110.373758,
              -7.7771292
            ],
            [
              110.3737897,
              -7.7770517
            ],
            [
              110.3736354,
              -7.7769948
            ],
            [
              110.3736037,
              -7.777068
            ],
            [
              110.373758,
              -7.7771292
            ]
          ]
        ]
      },
      "id": "way/120516284"
    },
    {
      "type": "Feature",
      "properties": {
        "@id": "way/120516398",
        "addr:street": "Jalan C. Simanjuntak",
        "amenity": "restaurant",
        "building": "yes",
        "building:levels": "1",
        "building:roof": "tile",
        "building:structure": "unreinforced_masonry",
        "building:use": "commercial",
        "building:walls": "brick",
        "name": "Soto Kudus Pak Dewo"
      },
      "geometry": {
        "type": "Polygon",
        "coordinates": [
          [
            [
              110.3740142,
              -7.7769064
            ],
            [
              110.3739915,
              -7.7769847
            ],
            [
              110.3742617,
              -7.7770617
            ],
            [
              110.3742844,
              -7.7769835
            ],
            [
              110.3740142,
              -7.7769064
            ]
          ]
        ]
      },
      "id": "way/120516398"
    },
    {
      "type": "Feature",
      "properties": {
        "@id": "way/121364647",
        "amenity": "restaurant",
        "building": "yes",
        "building:roof": "tile",
        "building:structure": "reinforced_masonry",
        "building:use": "commercial",
        "building:walls": "brick",
        "height": "15.0",
        "name": "Rumah Makan Adem Ayem",
        "roof:height": "4",
        "roof:orientation": "along",
        "roof:shape": "hipped"
      },
      "geometry": {
        "type": "Polygon",
        "coordinates": [
          [
            [
              110.3665623,
              -7.7842261
            ],
            [
              110.3665493,
              -7.7843236
            ],
            [
              110.366663,
              -7.7843385
            ],
            [
              110.366676,
              -7.784241
            ],
            [
              110.3665623,
              -7.7842261
            ]
          ]
        ]
      },
      "id": "way/121364647"
    },
    {
      "type": "Feature",
      "properties": {
        "@id": "way/121367484",
        "amenity": "restaurant",
        "building": "yes",
        "building:roof": "tile",
        "building:structure": "reinforced_masonry",
        "building:use": "commercial",
        "building:walls": "brick",
        "height": "20.0",
        "name": "Rumah Makan Bebek Goreng H.Slamet",
        "roof:height": "4",
        "roof:orientation": "along",
        "roof:shape": "hipped"
      },
      "geometry": {
        "type": "Polygon",
        "coordinates": [
          [
            [
              110.3665946,
              -7.7837213
            ],
            [
              110.3665714,
              -7.7839119
            ],
            [
              110.3667837,
              -7.7839372
            ],
            [
              110.3668069,
              -7.7837466
            ],
            [
              110.3665946,
              -7.7837213
            ]
          ]
        ]
      },
      "id": "way/121367484"
    },
    {
      "type": "Feature",
      "properties": {
        "@id": "way/121373703",
        "amenity": "restaurant",
        "building": "yes",
        "building:levels": "1",
        "building:roof": "tile",
        "building:structure": "reinforced_masonry",
        "building:use": "commercial",
        "building:walls": "brick",
        "name": "Papa Rons Pizza"
      },
      "geometry": {
        "type": "Polygon",
        "coordinates": [
          [
            [
              110.3673009,
              -7.7796236
            ],
            [
              110.3671084,
              -7.7796142
            ],
            [
              110.3671071,
              -7.779641
            ],
            [
              110.3670042,
              -7.779636
            ],
            [
              110.3670008,
              -7.7797059
            ],
            [
              110.3670989,
              -7.7797107
            ],
            [
              110.3670973,
              -7.7797429
            ],
            [
              110.3672946,
              -7.7797525
            ],
            [
              110.3673009,
              -7.7796236
            ]
          ]
        ]
      },
      "id": "way/121373703"
    },
    {
      "type": "Feature",
      "properties": {
        "@id": "way/122833288",
        "addr:street": "Jalan C. Simanjuntak",
        "amenity": "restaurant",
        "building": "yes",
        "building:levels": "1",
        "building:roof": "tile",
        "building:structure": "unreinforced_masonry",
        "building:use": "commercial",
        "building:walls": "bamboo",
        "cuisine": "regional",
        "name": "XTra Hot"
      },
      "geometry": {
        "type": "Polygon",
        "coordinates": [
          [
            [
              110.3741898,
              -7.7767017
            ],
            [
              110.3741575,
              -7.7768035
            ],
            [
              110.3742709,
              -7.7768389
            ],
            [
              110.3743032,
              -7.7767371
            ],
            [
              110.3741898,
              -7.7767017
            ]
          ]
        ]
      },
      "id": "way/122833288"
    },
    {
      "type": "Feature",
      "properties": {
        "@id": "way/122889730",
        "amenity": "restaurant",
        "building": "yes",
        "building:levels": "1",
        "building:roof": "tile",
        "building:structure": "unreinforced_masonry",
        "building:use": "commercial",
        "building:walls": "brick",
        "cuisine": "regional",
        "name": "Gudeg Yu Djum"
      },
      "geometry": {
        "type": "Polygon",
        "coordinates": [
          [
            [
              110.3801651,
              -7.7654675
            ],
            [
              110.3801303,
              -7.765578
            ],
            [
              110.3802324,
              -7.7656096
            ],
            [
              110.3802672,
              -7.7654991
            ],
            [
              110.3801651,
              -7.7654675
            ]
          ]
        ]
      },
      "id": "way/122889730"
    },
    {
      "type": "Feature",
      "properties": {
        "@id": "way/122903135",
        "amenity": "restaurant",
        "building": "yes",
        "building:levels": "1",
        "building:roof": "tile",
        "building:structure": "unreinforced_masonry",
        "building:use": "commercial",
        "building:walls": "concrete",
        "cuisine": "regional",
        "name": "RM Padang Pergaulan"
      },
      "geometry": {
        "type": "Polygon",
        "coordinates": [
          [
            [
              110.384109,
              -7.7633203
            ],
            [
              110.3840456,
              -7.7634407
            ],
            [
              110.3841296,
              -7.7634647
            ],
            [
              110.3841806,
              -7.7633414
            ],
            [
              110.384109,
              -7.7633203
            ]
          ]
        ]
      },
      "id": "way/122903135"
    },
    {
      "type": "Feature",
      "properties": {
        "@id": "way/122954977",
        "amenity": "restaurant",
        "building": "yes",
        "building:levels": "1",
        "building:roof": "tile",
        "building:structure": "unreinforced_masonry",
        "building:use": "commercial",
        "building:walls": "brick",
        "opening_hours": "Mo-Su 08:00-20:00"
      },
      "geometry": {
        "type": "Polygon",
        "coordinates": [
          [
            [
              110.3816844,
              -7.764571
            ],
            [
              110.381667,
              -7.764682
            ],
            [
              110.3818817,
              -7.7647157
            ],
            [
              110.3818991,
              -7.7646047
            ],
            [
              110.3816844,
              -7.764571
            ]
          ]
        ]
      },
      "id": "way/122954977"
    },
    {
      "type": "Feature",
      "properties": {
        "@id": "way/123631187",
        "amenity": "restaurant",
        "building": "yes",
        "building:roof": "tile",
        "cuisine": "regional",
        "name": "Pem Pek Palembang"
      },
      "geometry": {
        "type": "Polygon",
        "coordinates": [
          [
            [
              110.400388,
              -7.7782378
            ],
            [
              110.4003754,
              -7.778292
            ],
            [
              110.4004672,
              -7.778313
            ],
            [
              110.4004798,
              -7.7782588
            ],
            [
              110.400388,
              -7.7782378
            ]
          ]
        ]
      },
      "id": "way/123631187"
    },
    {
      "type": "Feature",
      "properties": {
        "@id": "way/124066899",
        "amenity": "restaurant",
        "building": "yes",
        "building:levels": "2",
        "building:roof": "tile",
        "building:structure": "reinforced_masonry",
        "building:use": "commercial",
        "building:walls": "brick",
        "cuisine": "regional",
        "name": "SGPC Bu wiryo"
      },
      "geometry": {
        "type": "Polygon",
        "coordinates": [
          [
            [
              110.3849007,
              -7.7665914
            ],
            [
              110.3848407,
              -7.7667699
            ],
            [
              110.3849385,
              -7.7668096
            ],
            [
              110.3850053,
              -7.7666289
            ],
            [
              110.3849007,
              -7.7665914
            ]
          ]
        ]
      },
      "id": "way/124066899"
    },
    {
      "type": "Feature",
      "properties": {
        "@id": "way/216476297",
        "addr:city": "Pusat Jakarta",
        "addr:housenumber": "LT 5",
        "addr:postcode": "10710",
        "addr:street": "Pasar Baru",
        "amenity": "restaurant",
        "building": "yes",
        "cuisine": "regional",
        "diet:local": "yes",
        "name": "Bosanova Bilyard",
        "opening_hours": "10:00-22:00",
        "phone": "+62 21 3520413",
        "website": "http://www.bpaindonesia.com/"
      },
      "geometry": {
        "type": "Polygon",
        "coordinates": [
          [
            [
              110.3710391,
              -7.8087398
            ],
            [
              110.3710408,
              -7.8091386
            ],
            [
              110.3712691,
              -7.8091377
            ],
            [
              110.3712676,
              -7.8087524
            ],
            [
              110.3712358,
              -7.8087525
            ],
            [
              110.3712354,
              -7.8086581
            ],
            [
              110.3710822,
              -7.8086587
            ],
            [
              110.3710826,
              -7.8087396
            ],
            [
              110.3710391,
              -7.8087398
            ]
          ]
        ]
      },
      "id": "way/216476297"
    },
    {
      "type": "Feature",
      "properties": {
        "@id": "way/240361025",
        "access:roof": "no",
        "addr:full": "Jalan Wonosari, Banguntapan, Bantul, Yogyakarta",
        "amenity": "restaurant",
        "building": "yes",
        "building:levels": "1",
        "building:roof": "tile",
        "building:structure": "unreinforced_masonry",
        "building:walls": "brick",
        "capacity": "5",
        "description": "bangunan",
        "name": "Sate Kambing Pak Tomek"
      },
      "geometry": {
        "type": "Polygon",
        "coordinates": [
          [
            [
              110.4052917,
              -7.810882
            ],
            [
              110.405285,
              -7.810989
            ],
            [
              110.4053959,
              -7.8109958
            ],
            [
              110.4054026,
              -7.8108888
            ],
            [
              110.4052917,
              -7.810882
            ]
          ]
        ]
      },
      "id": "way/240361025"
    },
    {
      "type": "Feature",
      "properties": {
        "@id": "way/249520399",
        "amenity": "restaurant",
        "building": "yes",
        "description": "bangunan",
        "height": "7.8",
        "name": "Taru Martani 1918 Coffee & Resto"
      },
      "geometry": {
        "type": "Polygon",
        "coordinates": [
          [
            [
              110.3811579,
              -7.7910874
            ],
            [
              110.3811793,
              -7.7912176
            ],
            [
              110.3813476,
              -7.7911905
            ],
            [
              110.3813263,
              -7.7910603
            ],
            [
              110.3811579,
              -7.7910874
            ]
          ]
        ]
      },
      "id": "way/249520399"
    },
    {
      "type": "Feature",
      "properties": {
        "@id": "way/249655479",
        "amenity": "restaurant",
        "building": "yes",
        "height": "7.8",
        "name": "Omah Baciro"
      },
      "geometry": {
        "type": "Polygon",
        "coordinates": [
          [
            [
              110.3815056,
              -7.7942604
            ],
            [
              110.3814815,
              -7.7944699
            ],
            [
              110.3816641,
              -7.7944905
            ],
            [
              110.3816827,
              -7.7943294
            ],
            [
              110.3815521,
              -7.7943146
            ],
            [
              110.3815576,
              -7.7942663
            ],
            [
              110.3815056,
              -7.7942604
            ]
          ]
        ]
      },
      "id": "way/249655479"
    },
    {
      "type": "Feature",
      "properties": {
        "@id": "way/249850669",
        "addr:city": "Bantul",
        "addr:housename": "Gumuk Indah",
        "amenity": "restaurant",
        "capacity": "100",
        "cuisine": "Masakan_Ikan_Air Tawar",
        "name": "Arum Mina"
      },
      "geometry": {
        "type": "Polygon",
        "coordinates": [
          [
            [
              110.3510877,
              -7.8162642
            ],
            [
              110.3510368,
              -7.8164821
            ],
            [
              110.3510153,
              -7.8165964
            ],
            [
              110.3509858,
              -7.8168568
            ],
            [
              110.3509912,
              -7.8170269
            ],
            [
              110.3511414,
              -7.8171172
            ],
            [
              110.3513372,
              -7.8170641
            ],
            [
              110.3515062,
              -7.8169365
            ],
            [
              110.3518549,
              -7.8167664
            ],
            [
              110.3519139,
              -7.8167532
            ],
            [
              110.351938,
              -7.8165884
            ],
            [
              110.3517744,
              -7.8165804
            ],
            [
              110.3516135,
              -7.8165565
            ],
            [
              110.3513452,
              -7.81653
            ],
            [
              110.351254,
              -7.8164874
            ],
            [
              110.3513305,
              -7.8162929
            ],
            [
              110.351195,
              -7.8162881
            ],
            [
              110.3510877,
              -7.8162642
            ]
          ]
        ]
      },
      "id": "way/249850669"
    },
    {
      "type": "Feature",
      "properties": {
        "@id": "way/251106367",
        "amenity": "restaurant",
        "building": "yes",
        "cuisine": "regional",
        "height": "8.5",
        "name": "Dapur Manado"
      },
      "geometry": {
        "type": "Polygon",
        "coordinates": [
          [
            [
              110.3848022,
              -7.7911839
            ],
            [
              110.3847765,
              -7.7913025
            ],
            [
              110.3848865,
              -7.7913258
            ],
            [
              110.3849122,
              -7.7912072
            ],
            [
              110.3848022,
              -7.7911839
            ]
          ]
        ]
      },
      "id": "way/251106367"
    },
    {
      "type": "Feature",
      "properties": {
        "@id": "way/259534283",
        "amenity": "restaurant",
        "building": "yes",
        "cuisine": "regional",
        "name": "SS Special Sambal Pandega"
      },
      "geometry": {
        "type": "Polygon",
        "coordinates": [
          [
            [
              110.376548,
              -7.7559309
            ],
            [
              110.3765539,
              -7.7560545
            ],
            [
              110.3766599,
              -7.7560495
            ],
            [
              110.376654,
              -7.7559259
            ],
            [
              110.376548,
              -7.7559309
            ]
          ]
        ]
      },
      "id": "way/259534283"
    },
    {
      "type": "Feature",
      "properties": {
        "@id": "way/259544601",
        "amenity": "restaurant",
        "building": "yes",
        "name": "Katsu - Katsu Jakal",
        "opening_hours": "10:00-22:00",
        "smoking": "yes",
        "takeaway": "yes"
      },
      "geometry": {
        "type": "Polygon",
        "coordinates": [
          [
            [
              110.3845983,
              -7.7521916
            ],
            [
              110.3845581,
              -7.7522687
            ],
            [
              110.3846587,
              -7.7523218
            ],
            [
              110.3846976,
              -7.7522474
            ],
            [
              110.3845983,
              -7.7521916
            ]
          ]
        ]
      },
      "id": "way/259544601"
    },
    {
      "type": "Feature",
      "properties": {
        "@id": "way/259544619",
        "amenity": "restaurant",
        "building": "yes",
        "name": "Xtra Hot",
        "opening_hours": "10:00-23:00",
        "smoking": "outside",
        "takeaway": "yes"
      },
      "geometry": {
        "type": "Polygon",
        "coordinates": [
          [
            [
              110.3858057,
              -7.7512345
            ],
            [
              110.3858352,
              -7.7511707
            ],
            [
              110.3857037,
              -7.7511056
            ],
            [
              110.3856729,
              -7.7511707
            ],
            [
              110.3858057,
              -7.7512345
            ]
          ]
        ]
      },
      "id": "way/259544619"
    },
    {
      "type": "Feature",
      "properties": {
        "@id": "way/259549745",
        "amenity": "restaurant",
        "building": "yes",
        "name": "Warung Makan Sederhana"
      },
      "geometry": {
        "type": "Polygon",
        "coordinates": [
          [
            [
              110.3765564,
              -7.755013
            ],
            [
              110.3765372,
              -7.7551365
            ],
            [
              110.3766389,
              -7.7551479
            ],
            [
              110.3766504,
              -7.7550339
            ],
            [
              110.3765564,
              -7.755013
            ]
          ]
        ]
      },
      "id": "way/259549745"
    },
    {
      "type": "Feature",
      "properties": {
        "@id": "way/259549760",
        "amenity": "restaurant",
        "building": "house",
        "cuisine": "italian",
        "name": "Zu-pa"
      },
      "geometry": {
        "type": "Polygon",
        "coordinates": [
          [
            [
              110.3764245,
              -7.7557608
            ],
            [
              110.3764268,
              -7.7558398
            ],
            [
              110.3764918,
              -7.7558379
            ],
            [
              110.3764895,
              -7.7557589
            ],
            [
              110.3764245,
              -7.7557608
            ]
          ]
        ]
      },
      "id": "way/259549760"
    },
    {
      "type": "Feature",
      "properties": {
        "@id": "way/259560083",
        "amenity": "restaurant",
        "building": "yes",
        "name": "Gadjah Wong"
      },
      "geometry": {
        "type": "Polygon",
        "coordinates": [
          [
            [
              110.394048,
              -7.7625127
            ],
            [
              110.394108,
              -7.7625265
            ],
            [
              110.3941373,
              -7.7624501
            ],
            [
              110.394202,
              -7.7624639
            ],
            [
              110.3941843,
              -7.7625181
            ],
            [
              110.3942436,
              -7.7625326
            ],
            [
              110.3942667,
              -7.7624329
            ],
            [
              110.3941224,
              -7.7623995
            ],
            [
              110.3941127,
              -7.7624181
            ],
            [
              110.3940757,
              -7.7624135
            ],
            [
              110.394048,
              -7.7625127
            ]
          ]
        ]
      },
      "id": "way/259560083"
    },
    {
      "type": "Feature",
      "properties": {
        "@id": "way/259560084",
        "addr:street": "Jalan Inspeksi Selokan Mataram",
        "amenity": "restaurant",
        "cuisine": "Masakan Banjar",
        "name": "Kindai"
      },
      "geometry": {
        "type": "Polygon",
        "coordinates": [
          [
            [
              110.3962181,
              -7.7650111
            ],
            [
              110.3962132,
              -7.7650976
            ],
            [
              110.396362,
              -7.7651061
            ],
            [
              110.3963669,
              -7.7650196
            ],
            [
              110.3962181,
              -7.7650111
            ]
          ]
        ]
      },
      "id": "way/259560084"
    },
    {
      "type": "Feature",
      "properties": {
        "@id": "way/259567255",
        "amenity": "restaurant",
        "building": "yes",
        "cuisine": "indonesian",
        "name": "Bakso Temanggung"
      },
      "geometry": {
        "type": "Polygon",
        "coordinates": [
          [
            [
              110.3938565,
              -7.7631042
            ],
            [
              110.3938192,
              -7.7632871
            ],
            [
              110.3939111,
              -7.7633055
            ],
            [
              110.3939484,
              -7.7631226
            ],
            [
              110.3938565,
              -7.7631042
            ]
          ]
        ]
      },
      "id": "way/259567255"
    },
    {
      "type": "Feature",
      "properties": {
        "@id": "way/259567256",
        "amenity": "restaurant",
        "building": "yes",
        "name": "Waroeng Penyet"
      },
      "geometry": {
        "type": "Polygon",
        "coordinates": [
          [
            [
              110.3937353,
              -7.7634158
            ],
            [
              110.3936715,
              -7.7635243
            ],
            [
              110.3937186,
              -7.7635514
            ],
            [
              110.3937343,
              -7.7635247
            ],
            [
              110.3937994,
              -7.7635622
            ],
            [
              110.3937667,
              -7.7636179
            ],
            [
              110.3937783,
              -7.7636246
            ],
            [
              110.3937566,
              -7.7636616
            ],
            [
              110.3938114,
              -7.7636932
            ],
            [
              110.3939138,
              -7.7635188
            ],
            [
              110.3937353,
              -7.7634158
            ]
          ]
        ]
      },
      "id": "way/259567256"
    },
    {
      "type": "Feature",
      "properties": {
        "@id": "way/270034533",
        "alt_name": "Kedai Pekate",
        "amenity": "restaurant",
        "building": "yes",
        "changing_table": "no",
        "internet_access": "no",
        "name": "Mie Ayam Grabyas",
        "opening_hours": "Mo-Sa 09:00-21:00; PH closed",
        "takeaway": "yes",
        "wheelchair": "no"
      },
      "geometry": {
        "type": "Polygon",
        "coordinates": [
          [
            [
              110.3766008,
              -7.7887708
            ],
            [
              110.3766025,
              -7.7888721
            ],
            [
              110.3766703,
              -7.788871
            ],
            [
              110.3766686,
              -7.7887697
            ],
            [
              110.3766008,
              -7.7887708
            ]
          ]
        ]
      },
      "id": "way/270034533"
    },
    {
      "type": "Feature",
      "properties": {
        "@id": "way/270034918",
        "amenity": "restaurant",
        "building": "yes",
        "cuisine": "regional",
        "name": "Laris"
      },
      "geometry": {
        "type": "Polygon",
        "coordinates": [
          [
            [
              110.4006683,
              -7.7759359
            ],
            [
              110.4006521,
              -7.7759992
            ],
            [
              110.4007466,
              -7.776023
            ],
            [
              110.4007628,
              -7.7759597
            ],
            [
              110.4006683,
              -7.7759359
            ]
          ]
        ]
      },
      "id": "way/270034918"
    },
    {
      "type": "Feature",
      "properties": {
        "@id": "way/270037373",
        "amenity": "restaurant",
        "building": "yes",
        "name": "L'Cost"
      },
      "geometry": {
        "type": "Polygon",
        "coordinates": [
          [
            [
              110.4001548,
              -7.7750151
            ],
            [
              110.4000877,
              -7.7752127
            ],
            [
              110.4005186,
              -7.7753563
            ],
            [
              110.4005857,
              -7.7751587
            ],
            [
              110.4001548,
              -7.7750151
            ]
          ]
        ]
      },
      "id": "way/270037373"
    },
    {
      "type": "Feature",
      "properties": {
        "@id": "way/270849928",
        "amenity": "restaurant",
        "building": "yes",
        "name": "i love nasigoreng"
      },
      "geometry": {
        "type": "Polygon",
        "coordinates": [
          [
            [
              110.380015,
              -7.766035
            ],
            [
              110.3801065,
              -7.7660572
            ],
            [
              110.3801288,
              -7.7659504
            ],
            [
              110.3800434,
              -7.7659243
            ],
            [
              110.380015,
              -7.766035
            ]
          ]
        ]
      },
      "id": "way/270849928"
    },
    {
      "type": "Feature",
      "properties": {
        "@id": "way/282647336",
        "amenity": "restaurant",
        "cuisine": "regional",
        "internet_access": "no",
        "internet_access:fee": "no",
        "name": "Lesehan Pak Isnen",
        "opening_hours": "10:30-22:30"
      },
      "geometry": {
        "type": "Polygon",
        "coordinates": [
          [
            [
              110.4237747,
              -7.7696713
            ],
            [
              110.4239509,
              -7.7697377
            ],
            [
              110.4239791,
              -7.7696539
            ],
            [
              110.4238029,
              -7.769598
            ],
            [
              110.4237747,
              -7.7696713
            ]
          ]
        ]
      },
      "id": "way/282647336"
    },
    {
      "type": "Feature",
      "properties": {
        "@id": "way/283537859",
        "amenity": "restaurant",
        "building": "yes",
        "email": "superman_resto1@yahoo.com",
        "height": "8.0",
        "name": "Superman",
        "phone": "+62 274 513472",
        "roof:height": "3",
        "roof:orientation": "along",
        "roof:shape": "hipped"
      },
      "geometry": {
        "type": "Polygon",
        "coordinates": [
          [
            [
              110.3649887,
              -7.7911584
            ],
            [
              110.3649869,
              -7.7912476
            ],
            [
              110.3650959,
              -7.7912498
            ],
            [
              110.3650977,
              -7.7911606
            ],
            [
              110.3649887,
              -7.7911584
            ]
          ]
        ]
      },
      "id": "way/283537859"
    },
    {
      "type": "Feature",
      "properties": {
        "@id": "way/290090165",
        "air_conditioning": "no",
        "amenity": "restaurant",
        "building": "yes",
        "cuisine": "regional",
        "diet:halal": "yes",
        "name": "Flamboyan",
        "opening_hours": "Mo-Fr 08:30-20:00, Tu-Su 08:00-15:00; Sa 08:00-12:00",
        "smoking": "yes"
      },
      "geometry": {
        "type": "Polygon",
        "coordinates": [
          [
            [
              110.3900192,
              -7.7660317
            ],
            [
              110.3898094,
              -7.7659406
            ],
            [
              110.3897426,
              -7.7660916
            ],
            [
              110.3899524,
              -7.7661827
            ],
            [
              110.3900192,
              -7.7660317
            ]
          ]
        ]
      },
      "id": "way/290090165"
    },
    {
      "type": "Feature",
      "properties": {
        "@id": "way/290090375",
        "amenity": "restaurant",
        "building": "yes",
        "cuisine": "regional",
        "name": "SS - Spesial Sambal"
      },
      "geometry": {
        "type": "Polygon",
        "coordinates": [
          [
            [
              110.3968596,
              -7.7580929
            ],
            [
              110.3965806,
              -7.7580371
            ],
            [
              110.3965672,
              -7.7581062
            ],
            [
              110.3968462,
              -7.7581647
            ],
            [
              110.3968596,
              -7.7580929
            ]
          ]
        ]
      },
      "id": "way/290090375"
    },
    {
      "type": "Feature",
      "properties": {
        "@id": "way/290091012",
        "amenity": "restaurant",
        "building": "yes",
        "cuisine": "regional",
        "name": "Gilemno",
        "smoking": "yes",
        "source": "survey"
      },
      "geometry": {
        "type": "Polygon",
        "coordinates": [
          [
            [
              110.4112327,
              -7.7763544
            ],
            [
              110.4112039,
              -7.7766131
            ],
            [
              110.4113629,
              -7.7766305
            ],
            [
              110.4113917,
              -7.7763718
            ],
            [
              110.4112327,
              -7.7763544
            ]
          ]
        ]
      },
      "id": "way/290091012"
    },
    {
      "type": "Feature",
      "properties": {
        "@id": "way/290091058",
        "addr:postcode": "55281",
        "addr:street": "Jl. Kledokan Raya, Gg. Garuni II",
        "amenity": "restaurant",
        "building": "yes",
        "contact:email": "somayoga2007@yahoo.co.id",
        "contact:mobile": "+62 815 904 8282",
        "contact:phone": "+62 274 7110221",
        "cuisine": "regional",
        "diet:vegan": "only",
        "diet:vegetarian": "yes",
        "name": "Somayoga",
        "opening_hours": "Mo-Su 09:00-22:00"
      },
      "geometry": {
        "type": "Polygon",
        "coordinates": [
          [
            [
              110.4089763,
              -7.7752482
            ],
            [
              110.4089266,
              -7.7755248
            ],
            [
              110.4090782,
              -7.7755509
            ],
            [
              110.4091212,
              -7.7752748
            ],
            [
              110.4089763,
              -7.7752482
            ]
          ]
        ]
      },
      "id": "way/290091058"
    },
    {
      "type": "Feature",
      "properties": {
        "@id": "way/292822745",
        "amenity": "restaurant",
        "building": "yes",
        "cuisine": "asian",
        "height": "15",
        "name": "Mahkota",
        "name:en": "Mahkota",
        "roof:height": "3",
        "roof:orientation": "along",
        "roof:shape": "hipped"
      },
      "geometry": {
        "type": "Polygon",
        "coordinates": [
          [
            [
              110.3642571,
              -7.7964227
            ],
            [
              110.3642828,
              -7.7962691
            ],
            [
              110.3641707,
              -7.7962507
            ],
            [
              110.3641451,
              -7.7964044
            ],
            [
              110.3642571,
              -7.7964227
            ]
          ]
        ]
      },
      "id": "way/292822745"
    },
    {
      "type": "Feature",
      "properties": {
        "@id": "way/311513952",
        "amenity": "restaurant",
        "building": "yes"
      },
      "geometry": {
        "type": "Polygon",
        "coordinates": [
          [
            [
              110.4229374,
              -7.7791998
            ],
            [
              110.4226232,
              -7.7791644
            ],
            [
              110.4226056,
              -7.7793179
            ],
            [
              110.4229199,
              -7.7793532
            ],
            [
              110.4229374,
              -7.7791998
            ]
          ]
        ]
      },
      "id": "way/311513952"
    },
    {
      "type": "Feature",
      "properties": {
        "@id": "way/316824147",
        "amenity": "restaurant",
        "building": "yes",
        "name": "Kring Krong Foodcourt"
      },
      "geometry": {
        "type": "Polygon",
        "coordinates": [
          [
            [
              110.3890403,
              -7.733807
            ],
            [
              110.388994,
              -7.7340378
            ],
            [
              110.3892421,
              -7.7340867
            ],
            [
              110.3892687,
              -7.733954
            ],
            [
              110.3892884,
              -7.7338559
            ],
            [
              110.3890403,
              -7.733807
            ]
          ]
        ]
      },
      "id": "way/316824147"
    },
    {
      "type": "Feature",
      "properties": {
        "@id": "way/319060480",
        "amenity": "restaurant",
        "building": "yes",
        "name": "Pondok Raza"
      },
      "geometry": {
        "type": "Polygon",
        "coordinates": [
          [
            [
              110.4169803,
              -7.6669159
            ],
            [
              110.4169729,
              -7.6671624
            ],
            [
              110.417035,
              -7.6671604
            ],
            [
              110.4170375,
              -7.6668555
            ],
            [
              110.4169801,
              -7.6668534
            ],
            [
              110.4169803,
              -7.6669159
            ]
          ]
        ]
      },
      "id": "way/319060480"
    },
    {
      "type": "Feature",
      "properties": {
        "@id": "way/319259489",
        "addr:street": "Jalan Kartini",
        "amenity": "restaurant",
        "building": "yes",
        "name": "Bumbu Desa"
      },
      "geometry": {
        "type": "Polygon",
        "coordinates": [
          [
            [
              110.3770112,
              -7.7801053
            ],
            [
              110.3769964,
              -7.7803044
            ],
            [
              110.3772798,
              -7.780325
            ],
            [
              110.3772963,
              -7.7801031
            ],
            [
              110.3772164,
              -7.7800973
            ],
            [
              110.3772147,
              -7.7801201
            ],
            [
              110.3770112,
              -7.7801053
            ]
          ]
        ]
      },
      "id": "way/319259489"
    },
    {
      "type": "Feature",
      "properties": {
        "@id": "way/319259491",
        "amenity": "restaurant",
        "building": "yes",
        "name": "Gado Gado dan Lotek Bu Bagyo"
      },
      "geometry": {
        "type": "Polygon",
        "coordinates": [
          [
            [
              110.3785535,
              -7.7802972
            ],
            [
              110.3785417,
              -7.7804297
            ],
            [
              110.3786012,
              -7.7804349
            ],
            [
              110.378613,
              -7.7803024
            ],
            [
              110.3785535,
              -7.7802972
            ]
          ]
        ]
      },
      "id": "way/319259491"
    },
    {
      "type": "Feature",
      "properties": {
        "@id": "way/319259536",
        "amenity": "restaurant",
        "building": "yes",
        "name": "BellyWise"
      },
      "geometry": {
        "type": "Polygon",
        "coordinates": [
          [
            [
              110.3770443,
              -7.7803374
            ],
            [
              110.3770346,
              -7.780449
            ],
            [
              110.3772169,
              -7.7804646
            ],
            [
              110.3772267,
              -7.7803531
            ],
            [
              110.3770443,
              -7.7803374
            ]
          ]
        ]
      },
      "id": "way/319259536"
    },
    {
      "type": "Feature",
      "properties": {
        "@id": "way/321115392",
        "addr:street": "Jalan Kaliurang",
        "amenity": "restaurant",
        "building": "yes",
        "cuisine": "chicken",
        "name": "Ayam Geprek Eskom"
      },
      "geometry": {
        "type": "Polygon",
        "coordinates": [
          [
            [
              110.4176712,
              -7.6963957
            ],
            [
              110.4176374,
              -7.696502
            ],
            [
              110.4178067,
              -7.696543
            ],
            [
              110.4178292,
              -7.6964367
            ],
            [
              110.4176712,
              -7.6963957
            ]
          ]
        ]
      },
      "id": "way/321115392"
    },
    {
      "type": "Feature",
      "properties": {
        "@id": "way/321229423",
        "amenity": "restaurant",
        "building": "restaurant",
        "name": "Gudeng Yu Djum"
      },
      "geometry": {
        "type": "Polygon",
        "coordinates": [
          [
            [
              110.31385,
              -7.8021667
            ],
            [
              110.3139179,
              -7.8021682
            ],
            [
              110.3139206,
              -7.8020508
            ],
            [
              110.3138527,
              -7.8020493
            ],
            [
              110.31385,
              -7.8021667
            ]
          ]
        ]
      },
      "id": "way/321229423"
    },
    {
      "type": "Feature",
      "properties": {
        "@id": "way/321229427",
        "amenity": "restaurant",
        "name": "Paradise Resto",
        "opening_hours": "24/7"
      },
      "geometry": {
        "type": "Polygon",
        "coordinates": [
          [
            [
              110.3140556,
              -7.8024983
            ],
            [
              110.3139953,
              -7.8030495
            ],
            [
              110.3144947,
              -7.8032654
            ],
            [
              110.3145885,
              -7.8030595
            ],
            [
              110.314364,
              -7.8029466
            ],
            [
              110.3143439,
              -7.8027308
            ],
            [
              110.3144813,
              -7.8027142
            ],
            [
              110.3144823,
              -7.8026465
            ],
            [
              110.3143069,
              -7.8026606
            ],
            [
              110.3143069,
              -7.8027169
            ],
            [
              110.3141173,
              -7.8027239
            ],
            [
              110.3141315,
              -7.8024868
            ],
            [
              110.3140556,
              -7.8024983
            ]
          ]
        ]
      },
      "id": "way/321229427"
    },
    {
      "type": "Feature",
      "properties": {
        "@id": "way/321229429",
        "amenity": "restaurant",
        "check_date": "2025-07-11",
        "name": "Rumah Makan Ambarketawang",
        "opening_hours": "24/7"
      },
      "geometry": {
        "type": "Polygon",
        "coordinates": [
          [
            [
              110.3129703,
              -7.8031395
            ],
            [
              110.3128968,
              -7.8026465
            ],
            [
              110.312475,
              -7.8027192
            ],
            [
              110.3124418,
              -7.803055
            ],
            [
              110.3129703,
              -7.8031395
            ]
          ]
        ]
      },
      "id": "way/321229429"
    },
    {
      "type": "Feature",
      "properties": {
        "@id": "way/332501414",
        "addr:street": "Blok B",
        "amenity": "restaurant",
        "building": "yes",
        "name": "Palm Kuning"
      },
      "geometry": {
        "type": "Polygon",
        "coordinates": [
          [
            [
              110.378277,
              -7.760734
            ],
            [
              110.3781695,
              -7.760694
            ],
            [
              110.3781006,
              -7.7608762
            ],
            [
              110.378208,
              -7.7609162
            ],
            [
              110.378277,
              -7.760734
            ]
          ]
        ]
      },
      "id": "way/332501414"
    },
    {
      "type": "Feature",
      "properties": {
        "@id": "way/332633996",
        "amenity": "restaurant",
        "building": "yes",
        "name": "Mie Godiok"
      },
      "geometry": {
        "type": "Polygon",
        "coordinates": [
          [
            [
              110.3766052,
              -7.7590561
            ],
            [
              110.3765705,
              -7.7591569
            ],
            [
              110.3766274,
              -7.7591761
            ],
            [
              110.3766621,
              -7.7590754
            ],
            [
              110.3766052,
              -7.7590561
            ]
          ]
        ]
      },
      "id": "way/332633996"
    },
    {
      "type": "Feature",
      "properties": {
        "@id": "way/332633997",
        "amenity": "restaurant",
        "building": "yes",
        "name": "ToeToeng"
      },
      "geometry": {
        "type": "Polygon",
        "coordinates": [
          [
            [
              110.3764317,
              -7.7589378
            ],
            [
              110.3763804,
              -7.7590479
            ],
            [
              110.3765221,
              -7.7591126
            ],
            [
              110.3765733,
              -7.7590024
            ],
            [
              110.3764317,
              -7.7589378
            ]
          ]
        ]
      },
      "id": "way/332633997"
    },
    {
      "type": "Feature",
      "properties": {
        "@id": "way/332634007",
        "amenity": "restaurant",
        "building": "yes",
        "name": "Classic",
        "opening_hours": "11:00-22:00"
      },
      "geometry": {
        "type": "Polygon",
        "coordinates": [
          [
            [
              110.3762129,
              -7.759903
            ],
            [
              110.3761526,
              -7.760061
            ],
            [
              110.3763908,
              -7.7601337
            ],
            [
              110.3764571,
              -7.7599734
            ],
            [
              110.3762129,
              -7.759903
            ]
          ]
        ]
      },
      "id": "way/332634007"
    },
    {
      "type": "Feature",
      "properties": {
        "@id": "way/338261229",
        "amenity": "restaurant",
        "building": "yes",
        "name": "TIPS"
      },
      "geometry": {
        "type": "Polygon",
        "coordinates": [
          [
            [
              110.3936711,
              -7.7781933
            ],
            [
              110.3936226,
              -7.7783529
            ],
            [
              110.3938791,
              -7.7784294
            ],
            [
              110.3939276,
              -7.7782698
            ],
            [
              110.3936711,
              -7.7781933
            ]
          ]
        ]
      },
      "id": "way/338261229"
    },
    {
      "type": "Feature",
      "properties": {
        "@id": "way/341994080",
        "amenity": "restaurant",
        "building": "yes",
        "name": "Warung Maharasa 12"
      },
      "geometry": {
        "type": "Polygon",
        "coordinates": [
          [
            [
              110.3762298,
              -7.7559945
            ],
            [
              110.3762321,
              -7.7560629
            ],
            [
              110.3763409,
              -7.7560593
            ],
            [
              110.3763385,
              -7.7559908
            ],
            [
              110.3762298,
              -7.7559945
            ]
          ]
        ]
      },
      "id": "way/341994080"
    },
    {
      "type": "Feature",
      "properties": {
        "@id": "way/346290143",
        "addr:city": "Yogyakarta",
        "addr:housenumber": "4",
        "addr:postcode": "55281",
        "addr:street": "JL Demangan Baru",
        "amenity": "restaurant",
        "building": "yes",
        "capacity": "40",
        "cuisine": "thai",
        "name": "Phuket",
        "opening_hours": "11:00-22:00"
      },
      "geometry": {
        "type": "Polygon",
        "coordinates": [
          [
            [
              110.3923122,
              -7.7792429
            ],
            [
              110.392343,
              -7.7791487
            ],
            [
              110.3922778,
              -7.7791278
            ],
            [
              110.392247,
              -7.7792221
            ],
            [
              110.3923122,
              -7.7792429
            ]
          ]
        ]
      },
      "id": "way/346290143"
    },
    {
      "type": "Feature",
      "properties": {
        "@id": "way/347405076",
        "amenity": "restaurant",
        "building": "yes",
        "name": "Bakmi Mbah Mo"
      },
      "geometry": {
        "type": "Polygon",
        "coordinates": [
          [
            [
              110.3483096,
              -7.8876154
            ],
            [
              110.3483775,
              -7.8876306
            ],
            [
              110.3484017,
              -7.8875244
            ],
            [
              110.3483338,
              -7.8875092
            ],
            [
              110.3483096,
              -7.8876154
            ]
          ]
        ]
      },
      "id": "way/347405076"
    },
    {
      "type": "Feature",
      "properties": {
        "@id": "way/349749453",
        "amenity": "restaurant",
        "building": "yes",
        "name": "Warung Soto"
      },
      "geometry": {
        "type": "Polygon",
        "coordinates": [
          [
            [
              110.3138107,
              -7.8009183
            ],
            [
              110.3138082,
              -7.8009182
            ],
            [
              110.3138043,
              -7.8009699
            ],
            [
              110.3138476,
              -7.8009731
            ],
            [
              110.31385,
              -7.8009415
            ],
            [
              110.3138797,
              -7.8009437
            ],
            [
              110.3138836,
              -7.8008928
            ],
            [
              110.313813,
              -7.8008875
            ],
            [
              110.3138107,
              -7.8009183
            ]
          ]
        ]
      },
      "id": "way/349749453"
    },
    {
      "type": "Feature",
      "properties": {
        "@id": "way/350204645",
        "amenity": "restaurant",
        "building": "yes",
        "name": "Soto Sokaraja"
      },
      "geometry": {
        "type": "Polygon",
        "coordinates": [
          [
            [
              110.3159417,
              -7.7995497
            ],
            [
              110.3159417,
              -7.7996576
            ],
            [
              110.3161536,
              -7.7996576
            ],
            [
              110.3161536,
              -7.7995497
            ],
            [
              110.3159417,
              -7.7995497
            ]
          ]
        ]
      },
      "id": "way/350204645"
    },
    {
      "type": "Feature",
      "properties": {
        "@id": "way/352253872",
        "amenity": "restaurant",
        "building": "yes",
        "name": "Rumah Makan Duta Minang"
      },
      "geometry": {
        "type": "Polygon",
        "coordinates": [
          [
            [
              110.3800375,
              -7.7625686
            ],
            [
              110.3800991,
              -7.7625948
            ],
            [
              110.3801449,
              -7.762489
            ],
            [
              110.3800833,
              -7.7624628
            ],
            [
              110.3800375,
              -7.7625686
            ]
          ]
        ]
      },
      "id": "way/352253872"
    },
    {
      "type": "Feature",
      "properties": {
        "@id": "way/352253873",
        "addr:street": "Jalan Kaliurang",
        "amenity": "restaurant",
        "building": "yes",
        "cuisine": "indonesian;regional",
        "diet:halal": "yes",
        "name": "RM Padang Sederhana"
      },
      "geometry": {
        "type": "Polygon",
        "coordinates": [
          [
            [
              110.3823711,
              -7.7572787
            ],
            [
              110.3823496,
              -7.7573567
            ],
            [
              110.3824265,
              -7.7573775
            ],
            [
              110.3824526,
              -7.7572828
            ],
            [
              110.3825333,
              -7.7573047
            ],
            [
              110.3825636,
              -7.7571947
            ],
            [
              110.3823839,
              -7.7571461
            ],
            [
              110.3823734,
              -7.7571844
            ],
            [
              110.3823297,
              -7.7571725
            ],
            [
              110.382315,
              -7.7572262
            ],
            [
              110.3823518,
              -7.7572361
            ],
            [
              110.3823423,
              -7.7572709
            ],
            [
              110.3823711,
              -7.7572787
            ]
          ]
        ]
      },
      "id": "way/352253873"
    },
    {
      "type": "Feature",
      "properties": {
        "@id": "way/352269156",
        "addr:city": "Sleman",
        "addr:housenumber": "36",
        "addr:street": "Jalan Kaliurang",
        "amenity": "restaurant",
        "building": "yes",
        "contact:phone": "+26181310858",
        "cuisine": "indonesian",
        "name": "Sate Maranggi"
      },
      "geometry": {
        "type": "Polygon",
        "coordinates": [
          [
            [
              110.3793426,
              -7.7636275
            ],
            [
              110.3793244,
              -7.7636802
            ],
            [
              110.3793891,
              -7.7637021
            ],
            [
              110.3794073,
              -7.7636495
            ],
            [
              110.3793426,
              -7.7636275
            ]
          ]
        ]
      },
      "id": "way/352269156"
    },
    {
      "type": "Feature",
      "properties": {
        "@id": "way/352582334",
        "amenity": "restaurant",
        "building": "yes"
      },
      "geometry": {
        "type": "Polygon",
        "coordinates": [
          [
            [
              110.0403387,
              -7.8850196
            ],
            [
              110.0403186,
              -7.8850981
            ],
            [
              110.0404179,
              -7.885123
            ],
            [
              110.040438,
              -7.8850445
            ],
            [
              110.0403387,
              -7.8850196
            ]
          ]
        ]
      },
      "id": "way/352582334"
    },
    {
      "type": "Feature",
      "properties": {
        "@id": "way/362016393",
        "amenity": "restaurant",
        "building": "yes",
        "name": "bakso tusuk payaman mas d cabang imogiri"
      },
      "geometry": {
        "type": "Polygon",
        "coordinates": [
          [
            [
              110.3646719,
              -7.7556154
            ],
            [
              110.364778,
              -7.7556336
            ],
            [
              110.3647991,
              -7.7555128
            ],
            [
              110.364693,
              -7.7554946
            ],
            [
              110.3646719,
              -7.7556154
            ]
          ]
        ]
      },
      "id": "way/362016393"
    },
    {
      "type": "Feature",
      "properties": {
        "@id": "way/362019946",
        "amenity": "restaurant",
        "building": "yes",
        "name": "bakso bakar dan sempol ayam bos"
      },
      "geometry": {
        "type": "Polygon",
        "coordinates": [
          [
            [
              110.3656863,
              -7.75596
            ],
            [
              110.3656679,
              -7.7560644
            ],
            [
              110.3657697,
              -7.7560819
            ],
            [
              110.3657881,
              -7.7559775
            ],
            [
              110.3656863,
              -7.75596
            ]
          ]
        ]
      },
      "id": "way/362019946"
    },
    {
      "type": "Feature",
      "properties": {
        "@id": "way/362020113",
        "amenity": "restaurant",
        "building": "yes",
        "name": "ayam kremes & penyetan arjuna"
      },
      "geometry": {
        "type": "Polygon",
        "coordinates": [
          [
            [
              110.3652938,
              -7.7566957
            ],
            [
              110.3653943,
              -7.756713
            ],
            [
              110.3654021,
              -7.7566683
            ],
            [
              110.3653017,
              -7.756651
            ],
            [
              110.3652938,
              -7.7566957
            ]
          ]
        ]
      },
      "id": "way/362020113"
    },
    {
      "type": "Feature",
      "properties": {
        "@id": "way/362165173",
        "amenity": "restaurant",
        "building": "yes",
        "cuisine": "chicken",
        "delivery": "yes",
        "internet_access": "no",
        "internet_access:fee": "no",
        "name": "Ayam Saos Pedas",
        "opening_hours": "Mo-Fr 08:30-20:00; Sa,Su 08:00-15:00; PH off",
        "smoking": "no",
        "stars": "3",
        "takeaway": "yes",
        "wheelchair": "no"
      },
      "geometry": {
        "type": "Polygon",
        "coordinates": [
          [
            [
              110.415197,
              -7.7000851
            ],
            [
              110.4152964,
              -7.7001322
            ],
            [
              110.4153081,
              -7.7001079
            ],
            [
              110.4153228,
              -7.7000773
            ],
            [
              110.4152234,
              -7.7000302
            ],
            [
              110.415197,
              -7.7000851
            ]
          ]
        ]
      },
      "id": "way/362165173"
    },
    {
      "type": "Feature",
      "properties": {
        "@id": "way/362167659",
        "addr:city": "Sleman",
        "addr:district": "Ngaglik",
        "addr:street": "Jalan Kaliurang",
        "amenity": "restaurant",
        "building": "yes",
        "building:levels": "1",
        "name": "Rumah Makan Bu Mondro"
      },
      "geometry": {
        "type": "Polygon",
        "coordinates": [
          [
            [
              110.4125788,
              -7.704819
            ],
            [
              110.4126603,
              -7.7048609
            ],
            [
              110.4126949,
              -7.704795
            ],
            [
              110.4126134,
              -7.704753
            ],
            [
              110.4125788,
              -7.704819
            ]
          ]
        ]
      },
      "id": "way/362167659"
    },
    {
      "type": "Feature",
      "properties": {
        "@id": "way/362180673",
        "amenity": "restaurant",
        "building": "yes",
        "name": "Dappoermu"
      },
      "geometry": {
        "type": "Polygon",
        "coordinates": [
          [
            [
              110.4220679,
              -7.708194
            ],
            [
              110.4220645,
              -7.7082846
            ],
            [
              110.4221249,
              -7.7082869
            ],
            [
              110.4221283,
              -7.7081962
            ],
            [
              110.4220679,
              -7.708194
            ]
          ]
        ]
      },
      "id": "way/362180673"
    },
    {
      "type": "Feature",
      "properties": {
        "@id": "way/362337502",
        "amenity": "restaurant",
        "building": "yes",
        "name": "Sate Seturan"
      },
      "geometry": {
        "type": "Polygon",
        "coordinates": [
          [
            [
              110.4098852,
              -7.7678657
            ],
            [
              110.4100803,
              -7.7678879
            ],
            [
              110.4100938,
              -7.7677713
            ],
            [
              110.4098987,
              -7.7677491
            ],
            [
              110.4098852,
              -7.7678657
            ]
          ]
        ]
      },
      "id": "way/362337502"
    },
    {
      "type": "Feature",
      "properties": {
        "@id": "way/362337665",
        "amenity": "restaurant",
        "building": "yes",
        "name": "Martabak Casablanca"
      },
      "geometry": {
        "type": "Polygon",
        "coordinates": [
          [
            [
              110.4094847,
              -7.7700396
            ],
            [
              110.4094587,
              -7.7702177
            ],
            [
              110.4095733,
              -7.7702342
            ],
            [
              110.4095993,
              -7.770056
            ],
            [
              110.4094847,
              -7.7700396
            ]
          ]
        ]
      },
      "id": "way/362337665"
    },
    {
      "type": "Feature",
      "properties": {
        "@id": "way/362353561",
        "amenity": "restaurant",
        "building": "yes",
        "name": "Warung Makan Indomie"
      },
      "geometry": {
        "type": "Polygon",
        "coordinates": [
          [
            [
              110.3957702,
              -7.777771
            ],
            [
              110.3957642,
              -7.7778724
            ],
            [
              110.3958189,
              -7.7778756
            ],
            [
              110.3958249,
              -7.7777742
            ],
            [
              110.3957702,
              -7.777771
            ]
          ]
        ]
      },
      "id": "way/362353561"
    },
    {
      "type": "Feature",
      "properties": {
        "@id": "way/362369025",
        "amenity": "restaurant",
        "building": "yes",
        "internet_access": "no",
        "internet_access:fee": "no",
        "name": "Selat Solo",
        "smoking": "yes",
        "takeaway": "yes"
      },
      "geometry": {
        "type": "Polygon",
        "coordinates": [
          [
            [
              110.4027665,
              -7.7210085
            ],
            [
              110.402923,
              -7.7210639
            ],
            [
              110.4029337,
              -7.7210343
            ],
            [
              110.4027772,
              -7.7209789
            ],
            [
              110.4027665,
              -7.7210085
            ]
          ]
        ]
      },
      "id": "way/362369025"
    },
    {
      "type": "Feature",
      "properties": {
        "@id": "way/362369238",
        "amenity": "restaurant",
        "building": "yes",
        "name": "Bakmi Jowo Handayani"
      },
      "geometry": {
        "type": "Polygon",
        "coordinates": [
          [
            [
              110.4024909,
              -7.7215472
            ],
            [
              110.4026395,
              -7.7216114
            ],
            [
              110.4026754,
              -7.7215296
            ],
            [
              110.4025269,
              -7.7214655
            ],
            [
              110.4024909,
              -7.7215472
            ]
          ]
        ]
      },
      "id": "way/362369238"
    },
    {
      "type": "Feature",
      "properties": {
        "@id": "way/362373705",
        "amenity": "restaurant",
        "building": "yes",
        "name": "Warung Makan Nayla"
      },
      "geometry": {
        "type": "Polygon",
        "coordinates": [
          [
            [
              110.4046701,
              -7.7190526
            ],
            [
              110.4046589,
              -7.7191152
            ],
            [
              110.4047176,
              -7.7191255
            ],
            [
              110.4047287,
              -7.7190629
            ],
            [
              110.4046701,
              -7.7190526
            ]
          ]
        ]
      },
      "id": "way/362373705"
    },
    {
      "type": "Feature",
      "properties": {
        "@id": "way/362373728",
        "amenity": "restaurant",
        "building": "yes",
        "delivery": "no",
        "name": "Lesehan Ayam Sore",
        "takeaway": "yes",
        "wheelchair": "no"
      },
      "geometry": {
        "type": "Polygon",
        "coordinates": [
          [
            [
              110.4031589,
              -7.721222
            ],
            [
              110.4030516,
              -7.721437
            ],
            [
              110.403115,
              -7.721468
            ],
            [
              110.4032223,
              -7.7212531
            ],
            [
              110.4031589,
              -7.721222
            ]
          ]
        ]
      },
      "id": "way/362373728"
    },
    {
      "type": "Feature",
      "properties": {
        "@id": "way/362388644",
        "amenity": "restaurant",
        "building": "yes",
        "delivery": "no",
        "internet_access": "no",
        "internet_access:fee": "no",
        "name": "Bakmi Jawa Pak Yono",
        "smoking": "yes",
        "takeaway": "yes",
        "wheelchair": "no"
      },
      "geometry": {
        "type": "Polygon",
        "coordinates": [
          [
            [
              110.4057741,
              -7.71597
            ],
            [
              110.405738,
              -7.7160909
            ],
            [
              110.4058155,
              -7.7161137
            ],
            [
              110.4058516,
              -7.7159928
            ],
            [
              110.4057741,
              -7.71597
            ]
          ]
        ]
      },
      "id": "way/362388644"
    },
    {
      "type": "Feature",
      "properties": {
        "@id": "way/362388665",
        "amenity": "restaurant",
        "building": "yes",
        "name": "Mas Pee",
        "takeaway": "yes"
      },
      "geometry": {
        "type": "Polygon",
        "coordinates": [
          [
            [
              110.4062065,
              -7.7164313
            ],
            [
              110.4061794,
              -7.7164895
            ],
            [
              110.4062275,
              -7.7165115
            ],
            [
              110.4062546,
              -7.7164533
            ],
            [
              110.4062065,
              -7.7164313
            ]
          ]
        ]
      },
      "id": "way/362388665"
    },
    {
      "type": "Feature",
      "properties": {
        "@id": "way/362392249",
        "amenity": "restaurant",
        "building": "yes",
        "name": "Baleroso Sinduharjo"
      },
      "geometry": {
        "type": "Polygon",
        "coordinates": [
          [
            [
              110.4063743,
              -7.7144079
            ],
            [
              110.4063847,
              -7.7144103
            ],
            [
              110.4063762,
              -7.7144456
            ],
            [
              110.4064326,
              -7.7144589
            ],
            [
              110.4064411,
              -7.7144236
            ],
            [
              110.4066126,
              -7.7144641
            ],
            [
              110.4066325,
              -7.7143811
            ],
            [
              110.4063943,
              -7.7143249
            ],
            [
              110.4063743,
              -7.7144079
            ]
          ]
        ]
      },
      "id": "way/362392249"
    },
    {
      "type": "Feature",
      "properties": {
        "@id": "way/362491333",
        "amenity": "restaurant",
        "building": "yes",
        "name": "Burjo pamungkas",
        "operator": "burjo"
      },
      "geometry": {
        "type": "Polygon",
        "coordinates": [
          [
            [
              110.3937795,
              -7.7677102
            ],
            [
              110.3938515,
              -7.767721
            ],
            [
              110.3938593,
              -7.7676697
            ],
            [
              110.3937874,
              -7.7676589
            ],
            [
              110.3937795,
              -7.7677102
            ]
          ]
        ]
      },
      "id": "way/362491333"
    },
    {
      "type": "Feature",
      "properties": {
        "@id": "way/362498805",
        "addr:city": "Sleman",
        "addr:country": "ID",
        "addr:district": "Ngaglik",
        "addr:street": "Jalan Kaliurang",
        "amenity": "restaurant",
        "building": "yes",
        "building:levels": "1",
        "name": "Sambal 55"
      },
      "geometry": {
        "type": "Polygon",
        "coordinates": [
          [
            [
              110.4121055,
              -7.7049517
            ],
            [
              110.4122109,
              -7.7049939
            ],
            [
              110.4122344,
              -7.7049459
            ],
            [
              110.4121315,
              -7.704901
            ],
            [
              110.4121055,
              -7.7049517
            ]
          ]
        ]
      },
      "id": "way/362498805"
    },
    {
      "type": "Feature",
      "properties": {
        "@id": "way/362528501",
        "addr:city": "Sleman",
        "addr:housenumber": "Gang Megatruh E1B",
        "addr:postcode": "55281",
        "addr:street": "Gang Megatruh",
        "amenity": "restaurant",
        "building": "yes",
        "building:levels": "1",
        "cuisine": "gudeg;traditional;local",
        "diet:halal": "yes",
        "height": "5",
        "name": "UD Gudeg Kendhil",
        "opening_hours": "05:00-20:00",
        "phone": "+6281231118825"
      },
      "geometry": {
        "type": "Polygon",
        "coordinates": [
          [
            [
              110.3827896,
              -7.7631899
            ],
            [
              110.3827503,
              -7.7633386
            ],
            [
              110.3828302,
              -7.7633593
            ],
            [
              110.3828694,
              -7.7632106
            ],
            [
              110.3827896,
              -7.7631899
            ]
          ]
        ]
      },
      "id": "way/362528501"
    },
    {
      "type": "Feature",
      "properties": {
        "@id": "way/362679931",
        "amenity": "restaurant",
        "building": "yes",
        "name": "Dapur Syurga"
      },
      "geometry": {
        "type": "Polygon",
        "coordinates": [
          [
            [
              110.3832816,
              -7.7570617
            ],
            [
              110.3832711,
              -7.7571262
            ],
            [
              110.3833802,
              -7.7571437
            ],
            [
              110.3833907,
              -7.7570793
            ],
            [
              110.3832816,
              -7.7570617
            ]
          ]
        ]
      },
      "id": "way/362679931"
    },
    {
      "type": "Feature",
      "properties": {
        "@id": "way/362679957",
        "addr:street": "Jalan Pandega Karya",
        "amenity": "restaurant",
        "building": "yes",
        "cuisine": "steak",
        "diet:halal": "yes",
        "diet:meat": "yes",
        "name": "Waroeng Steak and Shake"
      },
      "geometry": {
        "type": "Polygon",
        "coordinates": [
          [
            [
              110.38483,
              -7.7574219
            ],
            [
              110.3848064,
              -7.7575989
            ],
            [
              110.3849591,
              -7.7576188
            ],
            [
              110.3849827,
              -7.7574419
            ],
            [
              110.38483,
              -7.7574219
            ]
          ]
        ]
      },
      "id": "way/362679957"
    },
    {
      "type": "Feature",
      "properties": {
        "@id": "way/362680413",
        "addr:street": "Jalan Pandega Karya",
        "air_conditioning": "yes",
        "amenity": "restaurant",
        "building": "yes",
        "name": "Warunk Upnormal"
      },
      "geometry": {
        "type": "Polygon",
        "coordinates": [
          [
            [
              110.3829594,
              -7.7567727
            ],
            [
              110.3829285,
              -7.7569803
            ],
            [
              110.3830434,
              -7.7569971
            ],
            [
              110.3830742,
              -7.7567895
            ],
            [
              110.3829594,
              -7.7567727
            ]
          ]
        ]
      },
      "id": "way/362680413"
    },
    {
      "type": "Feature",
      "properties": {
        "@id": "way/362683021",
        "addr:postcode": "55284",
        "addr:street": "Jalan Pogung Raya",
        "amenity": "restaurant",
        "building": "yes",
        "cuisine": "noodle;indonesian",
        "diet:halal": "yes",
        "diet:local": "yes",
        "name": "Burjo Hejo"
      },
      "geometry": {
        "type": "Polygon",
        "coordinates": [
          [
            [
              110.3748593,
              -7.7564814
            ],
            [
              110.3748445,
              -7.7565566
            ],
            [
              110.3749383,
              -7.7565747
            ],
            [
              110.3749531,
              -7.7564995
            ],
            [
              110.3748593,
              -7.7564814
            ]
          ]
        ]
      },
      "id": "way/362683021"
    },
    {
      "type": "Feature",
      "properties": {
        "@id": "way/362684216",
        "addr:street": "Jalan Kaliurang",
        "amenity": "restaurant",
        "building": "yes"
      },
      "geometry": {
        "type": "Polygon",
        "coordinates": [
          [
            [
              110.4187385,
              -7.6942805
            ],
            [
              110.4190353,
              -7.694351
            ],
            [
              110.4190505,
              -7.694288
            ],
            [
              110.4187537,
              -7.6942176
            ],
            [
              110.4187385,
              -7.6942805
            ]
          ]
        ]
      },
      "id": "way/362684216"
    },
    {
      "type": "Feature",
      "properties": {
        "@id": "way/362686190",
        "addr:street": "Jl. Kaliurang",
        "amenity": "restaurant",
        "building": "yes",
        "building:levels": "1"
      },
      "geometry": {
        "type": "Polygon",
        "coordinates": [
          [
            [
              110.4169931,
              -7.6976623
            ],
            [
              110.4169728,
              -7.6977523
            ],
            [
              110.4170515,
              -7.6977697
            ],
            [
              110.4170719,
              -7.6976797
            ],
            [
              110.4169931,
              -7.6976623
            ]
          ]
        ]
      },
      "id": "way/362686190"
    },
    {
      "type": "Feature",
      "properties": {
        "@id": "way/362686288",
        "addr:street": "Jalan Kaliurang",
        "amenity": "restaurant",
        "building": "yes",
        "name": "Rumah Makan LS"
      },
      "geometry": {
        "type": "Polygon",
        "coordinates": [
          [
            [
              110.4162875,
              -7.6988397
            ],
            [
              110.4164854,
              -7.6989243
            ],
            [
              110.4165252,
              -7.698833
            ],
            [
              110.4163273,
              -7.6987484
            ],
            [
              110.4163106,
              -7.6987868
            ],
            [
              110.4162875,
              -7.6988397
            ]
          ]
        ]
      },
      "id": "way/362686288"
    },
    {
      "type": "Feature",
      "properties": {
        "@id": "way/362686392",
        "addr:province": "Daerah Istimewa Yogyakarta",
        "amenity": "restaurant",
        "building": "yes",
        "building:levels": "1",
        "name": "Ayam Geprek Mas Kobis"
      },
      "geometry": {
        "type": "Polygon",
        "coordinates": [
          [
            [
              110.4182203,
              -7.6988791
            ],
            [
              110.4183256,
              -7.6989052
            ],
            [
              110.4183478,
              -7.6988174
            ],
            [
              110.4182424,
              -7.6987913
            ],
            [
              110.4182203,
              -7.6988791
            ]
          ]
        ]
      },
      "id": "way/362686392"
    },
    {
      "type": "Feature",
      "properties": {
        "@id": "way/362688891",
        "addr:street": "Jalan Kaliurang",
        "amenity": "restaurant",
        "building": "yes"
      },
      "geometry": {
        "type": "Polygon",
        "coordinates": [
          [
            [
              110.4178142,
              -7.6952105
            ],
            [
              110.4180465,
              -7.6952761
            ],
            [
              110.4180531,
              -7.6952531
            ],
            [
              110.4180599,
              -7.6952295
            ],
            [
              110.4178276,
              -7.6951639
            ],
            [
              110.4178142,
              -7.6952105
            ]
          ]
        ]
      },
      "id": "way/362688891"
    },
    {
      "type": "Feature",
      "properties": {
        "@id": "way/362689148",
        "addr:city": "Yogyakarta",
        "addr:province": "Daerah Istimewa Yogyakarta",
        "addr:street": "Jalan Bimo",
        "amenity": "restaurant",
        "building": "yes",
        "cuisine": "noodle;indonesian",
        "name": "Warmindo El",
        "opening_hours": "24/7"
      },
      "geometry": {
        "type": "Polygon",
        "coordinates": [
          [
            [
              110.4155785,
              -7.6983468
            ],
            [
              110.4155633,
              -7.6984362
            ],
            [
              110.4156397,
              -7.6984489
            ],
            [
              110.4156548,
              -7.6983596
            ],
            [
              110.4155785,
              -7.6983468
            ]
          ]
        ]
      },
      "id": "way/362689148"
    },
    {
      "type": "Feature",
      "properties": {
        "@id": "way/362691062",
        "amenity": "restaurant",
        "building": "yes"
      },
      "geometry": {
        "type": "Polygon",
        "coordinates": [
          [
            [
              110.4182125,
              -7.6935959
            ],
            [
              110.4183473,
              -7.6936194
            ],
            [
              110.418481,
              -7.6936427
            ],
            [
              110.4184893,
              -7.6935959
            ],
            [
              110.4183982,
              -7.69358
            ],
            [
              110.4183428,
              -7.6935704
            ],
            [
              110.4183468,
              -7.6935479
            ],
            [
              110.4182248,
              -7.6935266
            ],
            [
              110.4182125,
              -7.6935959
            ]
          ]
        ]
      },
      "id": "way/362691062"
    },
    {
      "type": "Feature",
      "properties": {
        "@id": "way/362691241",
        "amenity": "restaurant",
        "building": "yes"
      },
      "geometry": {
        "type": "Polygon",
        "coordinates": [
          [
            [
              110.4184163,
              -7.6939384
            ],
            [
              110.4184873,
              -7.6939495
            ],
            [
              110.4184926,
              -7.6939158
            ],
            [
              110.4184216,
              -7.6939047
            ],
            [
              110.4184163,
              -7.6939384
            ]
          ]
        ]
      },
      "id": "way/362691241"
    },
    {
      "type": "Feature",
      "properties": {
        "@id": "way/362837140",
        "access:roof": "no",
        "addr:full": "Jalan Kimpulan 2",
        "amenity": "restaurant",
        "building": "yes",
        "building:levels": "1",
        "building:roof": "tile",
        "building:structure": "plastered",
        "building:walls": "brick",
        "name": "Mie Ayam Bakso Semangat"
      },
      "geometry": {
        "type": "Polygon",
        "coordinates": [
          [
            [
              110.4123856,
              -7.683507
            ],
            [
              110.4123627,
              -7.6835862
            ],
            [
              110.4125078,
              -7.6836275
            ],
            [
              110.4125308,
              -7.6835483
            ],
            [
              110.4123856,
              -7.683507
            ]
          ]
        ]
      },
      "id": "way/362837140"
    },
    {
      "type": "Feature",
      "properties": {
        "@id": "way/362838012",
        "addr:city": "Sleman",
        "addr:country": "ID",
        "addr:district": "Ngemplak",
        "addr:street": "Jalan Kaliurang",
        "amenity": "restaurant",
        "building": "yes",
        "name": "Pondok Makan Pinggir Sawah",
        "postal_code": "55584"
      },
      "geometry": {
        "type": "Polygon",
        "coordinates": [
          [
            [
              110.4177307,
              -7.6766285
            ],
            [
              110.4177255,
              -7.6767435
            ],
            [
              110.4178291,
              -7.6767481
            ],
            [
              110.4178343,
              -7.6766332
            ],
            [
              110.4177307,
              -7.6766285
            ]
          ]
        ]
      },
      "id": "way/362838012"
    },
    {
      "type": "Feature",
      "properties": {
        "@id": "way/362864723",
        "amenity": "restaurant",
        "building": "yes",
        "cuisine": "indonesian;noodle",
        "diet:halal": "yes",
        "name": "Mie Ayam dan Bakso"
      },
      "geometry": {
        "type": "Polygon",
        "coordinates": [
          [
            [
              110.369682,
              -7.7469655
            ],
            [
              110.3696487,
              -7.7470312
            ],
            [
              110.3697277,
              -7.7470705
            ],
            [
              110.369761,
              -7.7470048
            ],
            [
              110.369682,
              -7.7469655
            ]
          ]
        ]
      },
      "id": "way/362864723"
    },
    {
      "type": "Feature",
      "properties": {
        "@id": "way/362864934",
        "addr:city": "Sleman",
        "addr:housenumber": "No. 102",
        "addr:postcode": "55581",
        "addr:street": "Jalan Palagan Tentara Pelajar",
        "amenity": "restaurant",
        "building": "yes",
        "cuisine": "gudeg;traditional;local",
        "diet:halal": "yes",
        "name": "Gudeg Yu Narni Palagan",
        "opening_hours": "05:00-20:00",
        "phone": "+6281231118825"
      },
      "geometry": {
        "type": "Polygon",
        "coordinates": [
          [
            [
              110.3728399,
              -7.7467689
            ],
            [
              110.3728524,
              -7.7467398
            ],
            [
              110.3727726,
              -7.7467063
            ],
            [
              110.3727543,
              -7.7467491
            ],
            [
              110.3728031,
              -7.7467696
            ],
            [
              110.3727907,
              -7.7467987
            ],
            [
              110.3728636,
              -7.7468293
            ],
            [
              110.372882,
              -7.7467866
            ],
            [
              110.3728399,
              -7.7467689
            ]
          ]
        ]
      },
      "id": "way/362864934"
    },
    {
      "type": "Feature",
      "properties": {
        "@id": "way/362972305",
        "amenity": "restaurant",
        "building": "yes",
        "name": "Katsu - Katsu Jakal",
        "opening_hours": "10:00-22:00",
        "smoking": "yes",
        "takeaway": "yes"
      },
      "geometry": {
        "type": "Polygon",
        "coordinates": [
          [
            [
              110.3846971,
              -7.7522511
            ],
            [
              110.384668,
              -7.7523049
            ],
            [
              110.384739,
              -7.7523426
            ],
            [
              110.384768,
              -7.7522887
            ],
            [
              110.3846971,
              -7.7522511
            ]
          ]
        ]
      },
      "id": "way/362972305"
    },
    {
      "type": "Feature",
      "properties": {
        "@id": "way/363059040",
        "addr:city": "Depok, Sleman",
        "addr:housenumber": "JL Rajawali",
        "addr:street": "No 97",
        "amenity": "restaurant",
        "building": "yes",
        "cuisine": "Ayam;Ayam_Geprek;Masakan_Indonesia;Maxim_Gepreki;Gepreki;Jamur_Crispy;Es_Teh",
        "diet:halal": "yes",
        "diet:meat": "yes",
        "name": "Gepreki Ayam Geprek Indonesia",
        "opening_hours": "Mo-Sa 09:00-23:00",
        "phone": "+6281226226062"
      },
      "geometry": {
        "type": "Polygon",
        "coordinates": [
          [
            [
              110.3991072,
              -7.7452785
            ],
            [
              110.3990776,
              -7.7454008
            ],
            [
              110.3991789,
              -7.7454249
            ],
            [
              110.3992084,
              -7.7453026
            ],
            [
              110.3991072,
              -7.7452785
            ]
          ]
        ]
      },
      "id": "way/363059040"
    },
    {
      "type": "Feature",
      "properties": {
        "@id": "way/363088364",
        "amenity": "restaurant",
        "building": "yes",
        "cuisine": "american",
        "name": "El Primo Sausage"
      },
      "geometry": {
        "type": "Polygon",
        "coordinates": [
          [
            [
              110.387627,
              -7.7087494
            ],
            [
              110.3876093,
              -7.7088061
            ],
            [
              110.3876886,
              -7.7088304
            ],
            [
              110.3877063,
              -7.7087737
            ],
            [
              110.387627,
              -7.7087494
            ]
          ]
        ]
      },
      "id": "way/363088364"
    },
    {
      "type": "Feature",
      "properties": {
        "@id": "way/363095955",
        "amenity": "restaurant",
        "building": "yes",
        "capacity": "15",
        "cuisine": "asian",
        "delivery": "no",
        "name": "Pak Leman",
        "opening_hours": "10:00-23:00",
        "smoking": "separated",
        "takeaway": "yes"
      },
      "geometry": {
        "type": "Polygon",
        "coordinates": [
          [
            [
              110.4114508,
              -7.7644917
            ],
            [
              110.4115487,
              -7.7645172
            ],
            [
              110.4115703,
              -7.7644356
            ],
            [
              110.4114723,
              -7.7644102
            ],
            [
              110.4114508,
              -7.7644917
            ]
          ]
        ]
      },
      "id": "way/363095955"
    },
    {
      "type": "Feature",
      "properties": {
        "@id": "way/363095983",
        "amenity": "restaurant",
        "building": "yes",
        "name": "Bubur Ayam Pasadena"
      },
      "geometry": {
        "type": "Polygon",
        "coordinates": [
          [
            [
              110.4118526,
              -7.762601
            ],
            [
              110.4118285,
              -7.7627065
            ],
            [
              110.4119387,
              -7.7627312
            ],
            [
              110.4119627,
              -7.7626257
            ],
            [
              110.4118526,
              -7.762601
            ]
          ]
        ]
      },
      "id": "way/363095983"
    },
    {
      "type": "Feature",
      "properties": {
        "@id": "way/363117691",
        "amenity": "restaurant",
        "building": "yes",
        "name": "Kantin Mawar"
      },
      "geometry": {
        "type": "Polygon",
        "coordinates": [
          [
            [
              110.4149312,
              -7.7825047
            ],
            [
              110.4150326,
              -7.7825275
            ],
            [
              110.4150883,
              -7.7822837
            ],
            [
              110.4149869,
              -7.7822609
            ],
            [
              110.4149312,
              -7.7825047
            ]
          ]
        ]
      },
      "id": "way/363117691"
    },
    {
      "type": "Feature",
      "properties": {
        "@id": "way/363134864",
        "amenity": "restaurant",
        "building": "yes",
        "name": "Kedai Mie Ayam"
      },
      "geometry": {
        "type": "Polygon",
        "coordinates": [
          [
            [
              110.4144407,
              -7.7811272
            ],
            [
              110.4145084,
              -7.7811432
            ],
            [
              110.4145262,
              -7.7810695
            ],
            [
              110.4144585,
              -7.7810535
            ],
            [
              110.4144407,
              -7.7811272
            ]
          ]
        ]
      },
      "id": "way/363134864"
    },
    {
      "type": "Feature",
      "properties": {
        "@id": "way/363411500",
        "amenity": "restaurant",
        "building": "yes",
        "name": "Xtra Hot",
        "opening_hours": "10:00-23:00",
        "smoking": "outside",
        "takeaway": "yes"
      },
      "geometry": {
        "type": "Polygon",
        "coordinates": [
          [
            [
              110.3856005,
              -7.7511583
            ],
            [
              110.3856537,
              -7.7511878
            ],
            [
              110.385698,
              -7.7511096
            ],
            [
              110.3856448,
              -7.75108
            ],
            [
              110.3856005,
              -7.7511583
            ]
          ]
        ]
      },
      "id": "way/363411500"
    },
    {
      "type": "Feature",
      "properties": {
        "@id": "way/363411570",
        "amenity": "restaurant",
        "building": "yes",
        "name": "Bakso Pak Narto",
        "opening_hours": "10:00-23:00",
        "smoking": "yes",
        "takeaway": "yes"
      },
      "geometry": {
        "type": "Polygon",
        "coordinates": [
          [
            [
              110.3858507,
              -7.7502877
            ],
            [
              110.3858916,
              -7.750308
            ],
            [
              110.3859577,
              -7.7501773
            ],
            [
              110.3859169,
              -7.750157
            ],
            [
              110.3858507,
              -7.7502877
            ]
          ]
        ]
      },
      "id": "way/363411570"
    },
    {
      "type": "Feature",
      "properties": {
        "@id": "way/363411661",
        "addr:full": "Jl. Kaliurang, Sinduadi, Mlati, Kabupaten Sleman, Daerah Istimewa Yogyakarta 55281",
        "amenity": "restaurant",
        "building": "convenience",
        "name": "Xtra Hot",
        "opening_hours": "10:00-23:00",
        "shop": "convenience",
        "smoking": "outside",
        "takeaway": "yes"
      },
      "geometry": {
        "type": "Polygon",
        "coordinates": [
          [
            [
              110.3852752,
              -7.7514058
            ],
            [
              110.3853088,
              -7.7514263
            ],
            [
              110.3853613,
              -7.7513419
            ],
            [
              110.3853277,
              -7.7513214
            ],
            [
              110.3852752,
              -7.7514058
            ]
          ]
        ]
      },
      "id": "way/363411661"
    },
    {
      "type": "Feature",
      "properties": {
        "@id": "way/363426990",
        "amenity": "restaurant",
        "building": "yes"
      },
      "geometry": {
        "type": "Polygon",
        "coordinates": [
          [
            [
              110.3639539,
              -7.7282159
            ],
            [
              110.3640466,
              -7.7282563
            ],
            [
              110.3640877,
              -7.7281634
            ],
            [
              110.3639951,
              -7.7281231
            ],
            [
              110.3639539,
              -7.7282159
            ]
          ]
        ]
      },
      "id": "way/363426990"
    },
    {
      "type": "Feature",
      "properties": {
        "@id": "way/363427034",
        "amenity": "restaurant",
        "building": "yes"
      },
      "geometry": {
        "type": "Polygon",
        "coordinates": [
          [
            [
              110.3639195,
              -7.7279499
            ],
            [
              110.36387,
              -7.7280505
            ],
            [
              110.363958,
              -7.728093
            ],
            [
              110.3640075,
              -7.7279925
            ],
            [
              110.3639195,
              -7.7279499
            ]
          ]
        ]
      },
      "id": "way/363427034"
    },
    {
      "type": "Feature",
      "properties": {
        "@id": "way/363427060",
        "amenity": "restaurant",
        "building": "yes",
        "name": "Rumah Makan Pring Sewu"
      },
      "geometry": {
        "type": "Polygon",
        "coordinates": [
          [
            [
              110.3639882,
              -7.7282887
            ],
            [
              110.3639203,
              -7.7284336
            ],
            [
              110.3639703,
              -7.7284566
            ],
            [
              110.3640382,
              -7.7283117
            ],
            [
              110.3639882,
              -7.7282887
            ]
          ]
        ]
      },
      "id": "way/363427060"
    },
    {
      "type": "Feature",
      "properties": {
        "@id": "way/363427103",
        "amenity": "restaurant",
        "building": "yes"
      },
      "geometry": {
        "type": "Polygon",
        "coordinates": [
          [
            [
              110.3637302,
              -7.7281534
            ],
            [
              110.3639283,
              -7.7282373
            ],
            [
              110.3639663,
              -7.7281493
            ],
            [
              110.3637682,
              -7.7280654
            ],
            [
              110.3637302,
              -7.7281534
            ]
          ]
        ]
      },
      "id": "way/363427103"
    },
    {
      "type": "Feature",
      "properties": {
        "@id": "way/363427299",
        "amenity": "restaurant",
        "building": "yes"
      },
      "geometry": {
        "type": "Polygon",
        "coordinates": [
          [
            [
              110.3634698,
              -7.728204
            ],
            [
              110.3637087,
              -7.7283006
            ],
            [
              110.3637583,
              -7.72818
            ],
            [
              110.3635194,
              -7.7280835
            ],
            [
              110.3634698,
              -7.728204
            ]
          ]
        ]
      },
      "id": "way/363427299"
    },
    {
      "type": "Feature",
      "properties": {
        "@id": "way/363427344",
        "amenity": "restaurant",
        "building": "yes"
      },
      "geometry": {
        "type": "Polygon",
        "coordinates": [
          [
            [
              110.3638604,
              -7.7282309
            ],
            [
              110.3638197,
              -7.7283354
            ],
            [
              110.3639111,
              -7.7283704
            ],
            [
              110.3639518,
              -7.7282659
            ],
            [
              110.3638604,
              -7.7282309
            ]
          ]
        ]
      },
      "id": "way/363427344"
    },
    {
      "type": "Feature",
      "properties": {
        "@id": "way/363427407",
        "amenity": "restaurant",
        "building": "yes"
      },
      "geometry": {
        "type": "Polygon",
        "coordinates": [
          [
            [
              110.3637941,
              -7.7281961
            ],
            [
              110.3637494,
              -7.7282958
            ],
            [
              110.3638024,
              -7.7283192
            ],
            [
              110.3638471,
              -7.7282194
            ],
            [
              110.3637941,
              -7.7281961
            ]
          ]
        ]
      },
      "id": "way/363427407"
    },
    {
      "type": "Feature",
      "properties": {
        "@id": "way/363459646",
        "amenity": "restaurant",
        "building": "yes",
        "cuisine": "regional,_fish",
        "name": "The Westlake Resto"
      },
      "geometry": {
        "type": "Polygon",
        "coordinates": [
          [
            [
              110.3380428,
              -7.7472201
            ],
            [
              110.3380852,
              -7.7471691
            ],
            [
              110.3381213,
              -7.7472046
            ],
            [
              110.338293,
              -7.7470333
            ],
            [
              110.3381683,
              -7.7469105
            ],
            [
              110.3379965,
              -7.7470818
            ],
            [
              110.338023,
              -7.7471078
            ],
            [
              110.3379785,
              -7.7471613
            ],
            [
              110.3379186,
              -7.7471064
            ],
            [
              110.3377672,
              -7.7472687
            ],
            [
              110.3379404,
              -7.7474273
            ],
            [
              110.3380918,
              -7.747265
            ],
            [
              110.3380428,
              -7.7472201
            ]
          ]
        ]
      },
      "id": "way/363459646"
    },
    {
      "type": "Feature",
      "properties": {
        "@id": "way/363609460",
        "addr:city": "Sleman",
        "addr:district": "Sleman",
        "addr:postcode": "55512",
        "addr:province": "D. I. Yogyakarta",
        "addr:street": "Jalan Griya Taman Asri",
        "addr:subdistrict": "Sleman",
        "amenity": "restaurant",
        "building": "house",
        "cuisine": "indonesian",
        "diet:halal": "yes",
        "name": "Warung Angkring Lesehan"
      },
      "geometry": {
        "type": "Polygon",
        "coordinates": [
          [
            [
              110.3699424,
              -7.7166193
            ],
            [
              110.3699037,
              -7.7167376
            ],
            [
              110.3699986,
              -7.7167642
            ],
            [
              110.3700325,
              -7.7166571
            ],
            [
              110.3699424,
              -7.7166193
            ]
          ]
        ]
      },
      "id": "way/363609460"
    },
    {
      "type": "Feature",
      "properties": {
        "@id": "way/363665872",
        "access:roof": "no",
        "addr:full": "Jl. Kaliurang km 8.2",
        "amenity": "restaurant",
        "building": "yes",
        "building:levels": "1",
        "building:roof": "asbestos",
        "building:structure": "reinforced_masonry",
        "building:walls": "brick",
        "name": "Soto Kudus"
      },
      "geometry": {
        "type": "Polygon",
        "coordinates": [
          [
            [
              110.3934293,
              -7.7372405
            ],
            [
              110.3933948,
              -7.7373257
            ],
            [
              110.3935289,
              -7.737379
            ],
            [
              110.3935634,
              -7.7372938
            ],
            [
              110.3934293,
              -7.7372405
            ]
          ]
        ]
      },
      "id": "way/363665872"
    },
    {
      "type": "Feature",
      "properties": {
        "@id": "way/363665935",
        "amenity": "restaurant",
        "building": "yes",
        "cuisine": "chicken",
        "delivery": "yes",
        "name": "Ayam Taliwang Pak Wono",
        "opening_hours": "Mo-Fr 10:30-21:00, Tu-Su 10:30-21:00; Sa 10:30-21:00",
        "smoking": "yes",
        "takeaway": "yes"
      },
      "geometry": {
        "type": "Polygon",
        "coordinates": [
          [
            [
              110.3941043,
              -7.7366398
            ],
            [
              110.3940932,
              -7.7366752
            ],
            [
              110.3940691,
              -7.7367124
            ],
            [
              110.3940243,
              -7.7367808
            ],
            [
              110.3941271,
              -7.7368278
            ],
            [
              110.3941938,
              -7.7366854
            ],
            [
              110.3941043,
              -7.7366398
            ]
          ]
        ]
      },
      "id": "way/363665935"
    },
    {
      "type": "Feature",
      "properties": {
        "@id": "way/363793806",
        "amenity": "restaurant",
        "building": "yes",
        "name": "Warung Nyi Nyimut"
      },
      "geometry": {
        "type": "Polygon",
        "coordinates": [
          [
            [
              110.4333107,
              -7.7045852
            ],
            [
              110.4333136,
              -7.7046782
            ],
            [
              110.4333975,
              -7.7046756
            ],
            [
              110.4333946,
              -7.7045826
            ],
            [
              110.4333107,
              -7.7045852
            ]
          ]
        ]
      },
      "id": "way/363793806"
    },
    {
      "type": "Feature",
      "properties": {
        "@id": "way/363793965",
        "amenity": "restaurant",
        "building": "yes",
        "name": "Pizza Sawah"
      },
      "geometry": {
        "type": "Polygon",
        "coordinates": [
          [
            [
              110.425981,
              -7.7056819
            ],
            [
              110.4259763,
              -7.7057416
            ],
            [
              110.4261162,
              -7.7057516
            ],
            [
              110.426125,
              -7.70563
            ],
            [
              110.426007,
              -7.7056216
            ],
            [
              110.4260025,
              -7.7056836
            ],
            [
              110.425981,
              -7.7056819
            ]
          ]
        ]
      },
      "id": "way/363793965"
    },
    {
      "type": "Feature",
      "properties": {
        "@id": "way/363834729",
        "amenity": "restaurant",
        "building": "yes"
      },
      "geometry": {
        "type": "Polygon",
        "coordinates": [
          [
            [
              110.3530594,
              -7.7491192
            ],
            [
              110.3530576,
              -7.7491816
            ],
            [
              110.3531601,
              -7.7491845
            ],
            [
              110.353162,
              -7.7491221
            ],
            [
              110.3530594,
              -7.7491192
            ]
          ]
        ]
      },
      "id": "way/363834729"
    },
    {
      "type": "Feature",
      "properties": {
        "@id": "way/363835489",
        "amenity": "restaurant",
        "building": "yes"
      },
      "geometry": {
        "type": "Polygon",
        "coordinates": [
          [
            [
              110.3555297,
              -7.7508068
            ],
            [
              110.3555203,
              -7.7508705
            ],
            [
              110.3556576,
              -7.7508902
            ],
            [
              110.3556669,
              -7.7508265
            ],
            [
              110.3555297,
              -7.7508068
            ]
          ]
        ]
      },
      "id": "way/363835489"
    },
    {
      "type": "Feature",
      "properties": {
        "@id": "way/363942989",
        "amenity": "restaurant",
        "building": "yes",
        "cuisine": "chicken;burger;hot_dog",
        "name": "Olive Fried Chicken",
        "opening_hours": "Mo-Su 08:00-22:00",
        "outdoor_seating": "no",
        "takeaway": "yes"
      },
      "geometry": {
        "type": "Polygon",
        "coordinates": [
          [
            [
              110.423057,
              -7.7562751
            ],
            [
              110.4230488,
              -7.7563876
            ],
            [
              110.4231547,
              -7.7563952
            ],
            [
              110.4231629,
              -7.7562826
            ],
            [
              110.423057,
              -7.7562751
            ]
          ]
        ]
      },
      "id": "way/363942989"
    },
    {
      "type": "Feature",
      "properties": {
        "@id": "way/364058271",
        "amenity": "restaurant",
        "building": "yes",
        "name": "Warmindo Hidayah"
      },
      "geometry": {
        "type": "Polygon",
        "coordinates": [
          [
            [
              110.416322,
              -7.7723298
            ],
            [
              110.4163081,
              -7.772454
            ],
            [
              110.4164389,
              -7.7724684
            ],
            [
              110.4164528,
              -7.7723442
            ],
            [
              110.416322,
              -7.7723298
            ]
          ]
        ]
      },
      "id": "way/364058271"
    },
    {
      "type": "Feature",
      "properties": {
        "@id": "way/364058871",
        "amenity": "restaurant",
        "building": "yes",
        "name": "Warung Makan Sego Pecel & Soto Jawa \"Alaz\" Bu Endang"
      },
      "geometry": {
        "type": "Polygon",
        "coordinates": [
          [
            [
              110.4231982,
              -7.7754162
            ],
            [
              110.4231749,
              -7.7755618
            ],
            [
              110.4233939,
              -7.7755962
            ],
            [
              110.4234172,
              -7.7754506
            ],
            [
              110.4231982,
              -7.7754162
            ]
          ]
        ]
      },
      "id": "way/364058871"
    },
    {
      "type": "Feature",
      "properties": {
        "@id": "way/364059439",
        "amenity": "restaurant",
        "building": "yes",
        "name": "Top Sea Food"
      },
      "geometry": {
        "type": "Polygon",
        "coordinates": [
          [
            [
              110.4146752,
              -7.7740316
            ],
            [
              110.4146775,
              -7.7739967
            ],
            [
              110.4145868,
              -7.7739906
            ],
            [
              110.4145843,
              -7.7740266
            ],
            [
              110.4145673,
              -7.7740254
            ],
            [
              110.4145603,
              -7.774127
            ],
            [
              110.4146892,
              -7.7741357
            ],
            [
              110.4146962,
              -7.774033
            ],
            [
              110.4146752,
              -7.7740316
            ]
          ]
        ]
      },
      "id": "way/364059439"
    },
    {
      "type": "Feature",
      "properties": {
        "@id": "way/364629813",
        "amenity": "restaurant",
        "building": "yes",
        "internet_access": "no",
        "internet_access:fee": "no",
        "name": "Rumah Mertamu Rumah Makan, Offroad",
        "opening_hours": "08:00-21:00",
        "smoking": "yes",
        "takeaway": "yes"
      },
      "geometry": {
        "type": "Polygon",
        "coordinates": [
          [
            [
              110.3871063,
              -7.7289631
            ],
            [
              110.3872038,
              -7.7289972
            ],
            [
              110.3872266,
              -7.7289331
            ],
            [
              110.3871291,
              -7.728899
            ],
            [
              110.3871063,
              -7.7289631
            ]
          ]
        ]
      },
      "id": "way/364629813"
    },
    {
      "type": "Feature",
      "properties": {
        "@id": "way/364830238",
        "amenity": "restaurant",
        "building": "yes",
        "internet_access": "no",
        "internet_access:fee": "no",
        "name": "Soto & Tongseng Pak Nawi",
        "opening_hours": "07:00-22:00",
        "smoking": "yes",
        "takeaway": "yes"
      },
      "geometry": {
        "type": "Polygon",
        "coordinates": [
          [
            [
              110.3868284,
              -7.7219634
            ],
            [
              110.3867373,
              -7.7221315
            ],
            [
              110.3868219,
              -7.7221731
            ],
            [
              110.3869129,
              -7.7219916
            ],
            [
              110.3868284,
              -7.7219634
            ]
          ]
        ]
      },
      "id": "way/364830238"
    },
    {
      "type": "Feature",
      "properties": {
        "@id": "way/364830467",
        "amenity": "restaurant",
        "building": "yes",
        "internet_access": "no",
        "internet_access:fee": "no",
        "name": "Lotek Bu Nanik",
        "opening_hours": "08:00-16:00",
        "smoking": "yes"
      },
      "geometry": {
        "type": "Polygon",
        "coordinates": [
          [
            [
              110.3883087,
              -7.7264078
            ],
            [
              110.38828,
              -7.7265518
            ],
            [
              110.3883518,
              -7.7265658
            ],
            [
              110.3883806,
              -7.7264219
            ],
            [
              110.3883087,
              -7.7264078
            ]
          ]
        ]
      },
      "id": "way/364830467"
    },
    {
      "type": "Feature",
      "properties": {
        "@id": "way/364830502",
        "amenity": "restaurant",
        "building": "yes",
        "internet_access": "no",
        "internet_access:fee": "no",
        "name": "Muara Kapuas",
        "opening_hours": "10:00-22:00",
        "smoking": "yes",
        "takeaway": "yes"
      },
      "geometry": {
        "type": "Polygon",
        "coordinates": [
          [
            [
              110.3877376,
              -7.7224618
            ],
            [
              110.3876902,
              -7.7226429
            ],
            [
              110.3878246,
              -7.7226775
            ],
            [
              110.3878721,
              -7.7224963
            ],
            [
              110.3877376,
              -7.7224618
            ]
          ]
        ]
      },
      "id": "way/364830502"
    },
    {
      "type": "Feature",
      "properties": {
        "@id": "way/364830589",
        "amenity": "restaurant",
        "building": "yes",
        "internet_access": "no",
        "internet_access:fee": "no",
        "name": "Bakso Mie Cakar",
        "opening_hours": "10:00-17:00",
        "smoking": "yes",
        "takeaway": "yes"
      },
      "geometry": {
        "type": "Polygon",
        "coordinates": [
          [
            [
              110.388233,
              -7.7224022
            ],
            [
              110.3882237,
              -7.7224682
            ],
            [
              110.3883359,
              -7.7224836
            ],
            [
              110.3883613,
              -7.7223016
            ],
            [
              110.3881785,
              -7.7222766
            ],
            [
              110.3881623,
              -7.7223925
            ],
            [
              110.388233,
              -7.7224022
            ]
          ]
        ]
      },
      "id": "way/364830589"
    },
    {
      "type": "Feature",
      "properties": {
        "@id": "way/365030080",
        "amenity": "restaurant",
        "building": "yes",
        "cuisine": "bakso;mie_ayam;soto",
        "name": "Family Bakso"
      },
      "geometry": {
        "type": "Polygon",
        "coordinates": [
          [
            [
              110.4716474,
              -7.7429162
            ],
            [
              110.4716452,
              -7.7430001
            ],
            [
              110.4717372,
              -7.7430025
            ],
            [
              110.4717394,
              -7.7429187
            ],
            [
              110.4716474,
              -7.7429162
            ]
          ]
        ]
      },
      "id": "way/365030080"
    },
    {
      "type": "Feature",
      "properties": {
        "@id": "way/366415919",
        "amenity": "restaurant",
        "building": "yes",
        "name": "Warung Makan"
      },
      "geometry": {
        "type": "Polygon",
        "coordinates": [
          [
            [
              110.324125,
              -7.6454484
            ],
            [
              110.3241387,
              -7.6455122
            ],
            [
              110.3243119,
              -7.6454887
            ],
            [
              110.3243033,
              -7.6454235
            ],
            [
              110.324125,
              -7.6454484
            ]
          ]
        ]
      },
      "id": "way/366415919"
    },
    {
      "type": "Feature",
      "properties": {
        "@id": "way/367220763",
        "amenity": "restaurant",
        "building": "yes",
        "cuisine": "noodle",
        "name": "Mie Ayam Bandung 59",
        "source": "survey"
      },
      "geometry": {
        "type": "Polygon",
        "coordinates": [
          [
            [
              110.4309877,
              -7.7833353
            ],
            [
              110.4310594,
              -7.7833361
            ],
            [
              110.4310604,
              -7.7832484
            ],
            [
              110.4309888,
              -7.7832475
            ],
            [
              110.4309877,
              -7.7833353
            ]
          ]
        ]
      },
      "id": "way/367220763"
    },
    {
      "type": "Feature",
      "properties": {
        "@id": "way/369095969",
        "amenity": "restaurant",
        "building": "yes"
      },
      "geometry": {
        "type": "Polygon",
        "coordinates": [
          [
            [
              110.3242377,
              -7.6459713
            ],
            [
              110.3243479,
              -7.6459458
            ],
            [
              110.3243302,
              -7.6458832
            ],
            [
              110.3242222,
              -7.6459108
            ],
            [
              110.3242377,
              -7.6459713
            ]
          ]
        ]
      },
      "id": "way/369095969"
    },
    {
      "type": "Feature",
      "properties": {
        "@id": "way/372827589",
        "amenity": "restaurant",
        "building": "yes",
        "name": "Ndalem Ngabean Resto"
      },
      "geometry": {
        "type": "Polygon",
        "coordinates": [
          [
            [
              110.3619995,
              -7.8102308
            ],
            [
              110.3621671,
              -7.8102512
            ],
            [
              110.3621873,
              -7.8100879
            ],
            [
              110.3620197,
              -7.8100675
            ],
            [
              110.3619995,
              -7.8102308
            ]
          ]
        ]
      },
      "id": "way/372827589"
    },
    {
      "type": "Feature",
      "properties": {
        "@id": "way/394294124",
        "addr:city": "Yogyakarta",
        "addr:housenumber": "No.1",
        "addr:postcode": "55283",
        "addr:street": "Jalan Magangan Kulon",
        "amenity": "restaurant",
        "building": "yes",
        "cuisine": "regional",
        "name": "Bale Raos"
      },
      "geometry": {
        "type": "Polygon",
        "coordinates": [
          [
            [
              110.3628059,
              -7.8082697
            ],
            [
              110.362755,
              -7.8085859
            ],
            [
              110.3634229,
              -7.8086922
            ],
            [
              110.3634658,
              -7.8083734
            ],
            [
              110.3628059,
              -7.8082697
            ]
          ]
        ]
      },
      "id": "way/394294124"
    },
    {
      "type": "Feature",
      "properties": {
        "@id": "way/406707325",
        "amenity": "restaurant",
        "building": "yes",
        "name": "Canteen"
      },
      "geometry": {
        "type": "Polygon",
        "coordinates": [
          [
            [
              110.3846667,
              -7.7679291
            ],
            [
              110.3846809,
              -7.7680325
            ],
            [
              110.3847527,
              -7.7680237
            ],
            [
              110.3847376,
              -7.767919
            ],
            [
              110.3846667,
              -7.7679291
            ]
          ]
        ]
      },
      "id": "way/406707325"
    },
    {
      "type": "Feature",
      "properties": {
        "@id": "way/414808500",
        "addr:street": "Jalan Bunga",
        "amenity": "restaurant",
        "building": "yes",
        "cuisine": "steak",
        "name": "The Icon Steak and Grill"
      },
      "geometry": {
        "type": "Polygon",
        "coordinates": [
          [
            [
              110.3913848,
              -7.7556798
            ],
            [
              110.3913499,
              -7.7558207
            ],
            [
              110.3914787,
              -7.7558632
            ],
            [
              110.3915136,
              -7.7557197
            ],
            [
              110.3913848,
              -7.7556798
            ]
          ]
        ]
      },
      "id": "way/414808500"
    },
    {
      "type": "Feature",
      "properties": {
        "@id": "way/416291597",
        "addr:city": "Sinduadi, Mlati, Sleman",
        "addr:housenumber": "RT 12/ RW 50",
        "addr:postcode": "55284",
        "addr:street": "Jalan Raya Masjid Pogung Dalangan",
        "amenity": "restaurant",
        "building": "yes",
        "cuisine": "indonesian;chicken",
        "diet:halal": "yes",
        "name": "Warung Makan Nggir Lepen Ibu Sri",
        "opening_hours": "Mo-Su 10:00-21:00",
        "phone": "+62 821 4402 6092",
        "website": "https://wm-nggirlepen.business.site"
      },
      "geometry": {
        "type": "Polygon",
        "coordinates": [
          [
            [
              110.3722265,
              -7.7594787
            ],
            [
              110.3722213,
              -7.759551
            ],
            [
              110.3722635,
              -7.759554
            ],
            [
              110.3722687,
              -7.7594817
            ],
            [
              110.3722265,
              -7.7594787
            ]
          ]
        ]
      },
      "id": "way/416291597"
    },
    {
      "type": "Feature",
      "properties": {
        "@id": "way/459579197",
        "addr:housenumber": "30",
        "addr:street": "Jalan Prawirotaman",
        "amenity": "restaurant",
        "branch": "Jogja",
        "building": "yes",
        "building:levels": "2",
        "changing_table": "no",
        "contact:email": "marketing.viavia@gmail.com",
        "contact:instagram": "viaviajogja",
        "contact:whatsapp": "+62 853-2944-8280",
        "cuisine": "chicken;burger;fish_and_chips;indonesian;international;pasta",
        "internet_access": "wlan",
        "internet_access:fee": "no",
        "internet_access:ssid": "viavia jogja",
        "kids_area": "yes",
        "kids_area:indoor": "yes",
        "name": "ViaVia",
        "opening_hours": "Mo-Su 08:00-23:00",
        "outdoor_seating": "yes",
        "phone": "+62 274 386557",
        "reservation": "yes",
        "smoking": "separated",
        "takeaway": "yes",
        "toilets": "yes",
        "toilets:access": "customers",
        "toilets:wheelchair": "limited",
        "website": "https://viaviajogja.com/"
      },
      "geometry": {
        "type": "Polygon",
        "coordinates": [
          [
            [
              110.3713879,
              -7.8192979
            ],
            [
              110.3713758,
              -7.8194202
            ],
            [
              110.3715125,
              -7.8194333
            ],
            [
              110.3715269,
              -7.8193101
            ],
            [
              110.3713879,
              -7.8192979
            ]
          ]
        ]
      },
      "id": "way/459579197"
    },
    {
      "type": "Feature",
      "properties": {
        "@id": "way/459581788",
        "amenity": "restaurant",
        "building": "yes",
        "capacity": "15",
        "cuisine": "regional",
        "name": "Lotek & Gado-gado Colombo",
        "smoking": "separated",
        "takeaway": "yes"
      },
      "geometry": {
        "type": "Polygon",
        "coordinates": [
          [
            [
              110.4115233,
              -7.764365
            ],
            [
              110.4115148,
              -7.7643948
            ],
            [
              110.4115456,
              -7.7644035
            ],
            [
              110.4115541,
              -7.7643737
            ],
            [
              110.4115233,
              -7.764365
            ]
          ]
        ]
      },
      "id": "way/459581788"
    },
    {
      "type": "Feature",
      "properties": {
        "@id": "way/463864575",
        "amenity": "restaurant",
        "building": "yes",
        "name": "Warung Makan Anggrek"
      },
      "geometry": {
        "type": "Polygon",
        "coordinates": [
          [
            [
              110.4046199,
              -7.7630139
            ],
            [
              110.404614,
              -7.7630694
            ],
            [
              110.4046748,
              -7.7630798
            ],
            [
              110.4046888,
              -7.7630254
            ],
            [
              110.4046199,
              -7.7630139
            ]
          ]
        ]
      },
      "id": "way/463864575"
    },
    {
      "type": "Feature",
      "properties": {
        "@id": "way/463865023",
        "amenity": "restaurant",
        "building": "yes",
        "name": "Meetup Cafe"
      },
      "geometry": {
        "type": "Polygon",
        "coordinates": [
          [
            [
              110.4057812,
              -7.7629978
            ],
            [
              110.4056122,
              -7.7629294
            ],
            [
              110.4055524,
              -7.7630745
            ],
            [
              110.4057214,
              -7.7631429
            ],
            [
              110.4057812,
              -7.7629978
            ]
          ]
        ]
      },
      "id": "way/463865023"
    },
    {
      "type": "Feature",
      "properties": {
        "@id": "way/463865885",
        "amenity": "restaurant",
        "building": "yes",
        "name": "Lesehan Devina"
      },
      "geometry": {
        "type": "Polygon",
        "coordinates": [
          [
            [
              110.4035243,
              -7.7627488
            ],
            [
              110.403509,
              -7.7628314
            ],
            [
              110.403617,
              -7.762851
            ],
            [
              110.4036323,
              -7.7627684
            ],
            [
              110.4035243,
              -7.7627488
            ]
          ]
        ]
      },
      "id": "way/463865885"
    },
    {
      "type": "Feature",
      "properties": {
        "@id": "way/463873960",
        "amenity": "restaurant",
        "building": "yes",
        "cuisine": "bebakaran",
        "name": "ra"
      },
      "geometry": {
        "type": "Polygon",
        "coordinates": [
          [
            [
              110.4121715,
              -7.7492107
            ],
            [
              110.4122958,
              -7.7494105
            ],
            [
              110.4123845,
              -7.7493562
            ],
            [
              110.4122603,
              -7.7491565
            ],
            [
              110.4121715,
              -7.7492107
            ]
          ]
        ]
      },
      "id": "way/463873960"
    },
    {
      "type": "Feature",
      "properties": {
        "@id": "way/463874632",
        "amenity": "restaurant",
        "building": "yes",
        "cuisine": "italian",
        "name": "fd"
      },
      "geometry": {
        "type": "Polygon",
        "coordinates": [
          [
            [
              110.4122024,
              -7.7488898
            ],
            [
              110.4121855,
              -7.7489453
            ],
            [
              110.412287,
              -7.7489757
            ],
            [
              110.4123039,
              -7.7489201
            ],
            [
              110.4122024,
              -7.7488898
            ]
          ]
        ]
      },
      "id": "way/463874632"
    },
    {
      "type": "Feature",
      "properties": {
        "@id": "way/463880274",
        "amenity": "restaurant",
        "building": "yes",
        "name": "Chikenpedia"
      },
      "geometry": {
        "type": "Polygon",
        "coordinates": [
          [
            [
              110.4051039,
              -7.7682956
            ],
            [
              110.4050967,
              -7.7684334
            ],
            [
              110.4053734,
              -7.7684475
            ],
            [
              110.4053806,
              -7.7683098
            ],
            [
              110.4051039,
              -7.7682956
            ]
          ]
        ]
      },
      "id": "way/463880274"
    },
    {
      "type": "Feature",
      "properties": {
        "@id": "way/463891687",
        "amenity": "restaurant",
        "building": "yes"
      },
      "geometry": {
        "type": "Polygon",
        "coordinates": [
          [
            [
              110.4260728,
              -7.8316977
            ],
            [
              110.4261872,
              -7.8317241
            ],
            [
              110.42621,
              -7.8316271
            ],
            [
              110.4260956,
              -7.8316007
            ],
            [
              110.4260728,
              -7.8316977
            ]
          ]
        ]
      },
      "id": "way/463891687"
    },
    {
      "type": "Feature",
      "properties": {
        "@id": "way/481284955",
        "amenity": "restaurant",
        "building": "commercial",
        "changing_table": "no",
        "check_date": "2025-07-14",
        "internet_access": "no",
        "name": "Mie Pelangi",
        "takeaway": "yes",
        "wheelchair": "no"
      },
      "geometry": {
        "type": "Polygon",
        "coordinates": [
          [
            [
              110.3733772,
              -7.789674
            ],
            [
              110.373373,
              -7.7896027
            ],
            [
              110.3732287,
              -7.7896105
            ],
            [
              110.3732315,
              -7.7896808
            ],
            [
              110.3732223,
              -7.7896814
            ],
            [
              110.3732237,
              -7.7897021
            ],
            [
              110.3733781,
              -7.7896894
            ],
            [
              110.3733772,
              -7.789674
            ]
          ]
        ]
      },
      "id": "way/481284955"
    },
    {
      "type": "Feature",
      "properties": {
        "@id": "way/481284974",
        "amenity": "restaurant",
        "building": "yes",
        "changing_table": "no",
        "internet_access": "no",
        "name": "Angkringan Edylova",
        "opening_hours": "Mo-Su 11:00-23:00; PH unknown",
        "smoking": "yes",
        "takeaway": "yes",
        "wheelchair": "no"
      },
      "geometry": {
        "type": "Polygon",
        "coordinates": [
          [
            [
              110.3738727,
              -7.7892934
            ],
            [
              110.3738744,
              -7.7893577
            ],
            [
              110.3738616,
              -7.7893581
            ],
            [
              110.3738632,
              -7.7893962
            ],
            [
              110.3739194,
              -7.7893947
            ],
            [
              110.3739178,
              -7.789361
            ],
            [
              110.3739154,
              -7.7892919
            ],
            [
              110.3738809,
              -7.7892931
            ],
            [
              110.3738727,
              -7.7892934
            ]
          ]
        ]
      },
      "id": "way/481284974"
    },
    {
      "type": "Feature",
      "properties": {
        "@id": "way/481306399",
        "amenity": "restaurant",
        "building": "yes"
      },
      "geometry": {
        "type": "Polygon",
        "coordinates": [
          [
            [
              110.3735423,
              -7.7881708
            ],
            [
              110.3735796,
              -7.7881705
            ],
            [
              110.3735785,
              -7.7880287
            ],
            [
              110.3735413,
              -7.788029
            ],
            [
              110.3735423,
              -7.7881708
            ]
          ]
        ]
      },
      "id": "way/481306399"
    },
    {
      "type": "Feature",
      "properties": {
        "@id": "way/481306401",
        "amenity": "restaurant",
        "building": "yes"
      },
      "geometry": {
        "type": "Polygon",
        "coordinates": [
          [
            [
              110.3735492,
              -7.7882216
            ],
            [
              110.3736667,
              -7.7883736
            ],
            [
              110.3737108,
              -7.7883402
            ],
            [
              110.3735933,
              -7.7881881
            ],
            [
              110.3735492,
              -7.7882216
            ]
          ]
        ]
      },
      "id": "way/481306401"
    },
    {
      "type": "Feature",
      "properties": {
        "@id": "way/481306403",
        "amenity": "restaurant",
        "building": "yes",
        "name": "Soto Pak Sholeh"
      },
      "geometry": {
        "type": "Polygon",
        "coordinates": [
          [
            [
              110.3733698,
              -7.7879062
            ],
            [
              110.3733739,
              -7.7878824
            ],
            [
              110.3732907,
              -7.7878676
            ],
            [
              110.3732864,
              -7.7878918
            ],
            [
              110.3733698,
              -7.7879062
            ]
          ]
        ]
      },
      "id": "way/481306403"
    },
    {
      "type": "Feature",
      "properties": {
        "@id": "way/481468641",
        "amenity": "restaurant",
        "building": "yes",
        "name": "Soyo Ayam Gamalama"
      },
      "geometry": {
        "type": "Polygon",
        "coordinates": [
          [
            [
              110.3730372,
              -7.7890703
            ],
            [
              110.3730411,
              -7.7891332
            ],
            [
              110.3730811,
              -7.7891307
            ],
            [
              110.3730772,
              -7.7890679
            ],
            [
              110.3730372,
              -7.7890703
            ]
          ]
        ]
      },
      "id": "way/481468641"
    },
    {
      "type": "Feature",
      "properties": {
        "@id": "way/481468643",
        "amenity": "restaurant",
        "building": "yes",
        "name": "Sabana Fried Chicken"
      },
      "geometry": {
        "type": "Polygon",
        "coordinates": [
          [
            [
              110.3730786,
              -7.789051
            ],
            [
              110.3730855,
              -7.7891315
            ],
            [
              110.3731568,
              -7.7891255
            ],
            [
              110.3731498,
              -7.789045
            ],
            [
              110.3730786,
              -7.789051
            ]
          ]
        ]
      },
      "id": "way/481468643"
    },
    {
      "type": "Feature",
      "properties": {
        "@id": "way/491024455",
        "addr:city": "Sleman",
        "addr:postcode": "55281",
        "addr:street": "Jalan Agro",
        "amenity": "restaurant",
        "building": "yes",
        "building:levels": "0",
        "cuisine": "regional",
        "delivery": "yes",
        "diet:halal": "yes",
        "name": "Gudeg Hj. Amad (Gudeg Mbarek)",
        "outdoor_seating": "no"
      },
      "geometry": {
        "type": "Polygon",
        "coordinates": [
          [
            [
              110.3792126,
              -7.7657948
            ],
            [
              110.3793914,
              -7.765845
            ],
            [
              110.379435,
              -7.7656925
            ],
            [
              110.3793641,
              -7.7656726
            ],
            [
              110.3793802,
              -7.7656165
            ],
            [
              110.3792722,
              -7.7655862
            ],
            [
              110.3792126,
              -7.7657948
            ]
          ]
        ]
      },
      "id": "way/491024455"
    },
    {
      "type": "Feature",
      "properties": {
        "@id": "way/509816809",
        "amenity": "restaurant",
        "building": "yes",
        "name": "Rica Rica Kalkun"
      },
      "geometry": {
        "type": "Polygon",
        "coordinates": [
          [
            [
              110.3878577,
              -7.748428
            ],
            [
              110.387736,
              -7.7483739
            ],
            [
              110.3877011,
              -7.748451
            ],
            [
              110.3878228,
              -7.748505
            ],
            [
              110.3878577,
              -7.748428
            ]
          ]
        ]
      },
      "id": "way/509816809"
    },
    {
      "type": "Feature",
      "properties": {
        "@id": "way/510477808",
        "amenity": "restaurant",
        "building": "yes",
        "delivery": "yes",
        "internet_access": "no",
        "internet_access:fee": "no",
        "name": "Sate Kambing Ponorgo",
        "opening_hours": "10:00-21:00",
        "smoking": "yes",
        "takeaway": "yes"
      },
      "geometry": {
        "type": "Polygon",
        "coordinates": [
          [
            [
              110.3828024,
              -7.7311132
            ],
            [
              110.3827742,
              -7.7312022
            ],
            [
              110.3828585,
              -7.7312135
            ],
            [
              110.3828786,
              -7.7311324
            ],
            [
              110.3828024,
              -7.7311132
            ]
          ]
        ]
      },
      "id": "way/510477808"
    },
    {
      "type": "Feature",
      "properties": {
        "@id": "way/510478136",
        "amenity": "restaurant",
        "building": "yes",
        "name": "Napoli",
        "opening_hours": "10:00-17:00",
        "smoking": "yes",
        "takeaway": "yes"
      },
      "geometry": {
        "type": "Polygon",
        "coordinates": [
          [
            [
              110.383599,
              -7.7317165
            ],
            [
              110.3833707,
              -7.7316453
            ],
            [
              110.3833479,
              -7.7317144
            ],
            [
              110.3835815,
              -7.7317803
            ],
            [
              110.383599,
              -7.7317165
            ]
          ]
        ]
      },
      "id": "way/510478136"
    },
    {
      "type": "Feature",
      "properties": {
        "@id": "way/510478163",
        "amenity": "restaurant",
        "building": "yes",
        "delivery": "no",
        "internet_access": "no",
        "internet_access:fee": "no",
        "name": "Gado-Gado & Lotek",
        "opening_hours": "08:00-16:00",
        "smoking": "yes",
        "takeaway": "yes"
      },
      "geometry": {
        "type": "Polygon",
        "coordinates": [
          [
            [
              110.3825676,
              -7.7313232
            ],
            [
              110.3825502,
              -7.7314069
            ],
            [
              110.382663,
              -7.73143
            ],
            [
              110.3826804,
              -7.7313462
            ],
            [
              110.3825676,
              -7.7313232
            ]
          ]
        ]
      },
      "id": "way/510478163"
    },
    {
      "type": "Feature",
      "properties": {
        "@id": "way/510478164",
        "amenity": "restaurant",
        "building": "yes",
        "internet_access": "no",
        "internet_access:fee": "no",
        "name": "Pempek & Siomay",
        "smoking": "yes",
        "takeaway": "yes"
      },
      "geometry": {
        "type": "Polygon",
        "coordinates": [
          [
            [
              110.3824496,
              -7.7312926
            ],
            [
              110.3824335,
              -7.731371
            ],
            [
              110.3825244,
              -7.7313894
            ],
            [
              110.3825405,
              -7.7313109
            ],
            [
              110.3824496,
              -7.7312926
            ]
          ]
        ]
      },
      "id": "way/510478164"
    },
    {
      "type": "Feature",
      "properties": {
        "@id": "way/510478168",
        "amenity": "restaurant",
        "building": "yes",
        "internet_access": "no",
        "internet_access:fee": "no",
        "name": "Mie Ayam & Bakso",
        "opening_hours": "12:00-21:00",
        "smoking": "yes",
        "takeaway": "yes"
      },
      "geometry": {
        "type": "Polygon",
        "coordinates": [
          [
            [
              110.3819347,
              -7.7311651
            ],
            [
              110.3819212,
              -7.7312355
            ],
            [
              110.3820541,
              -7.731267
            ],
            [
              110.3820728,
              -7.7311913
            ],
            [
              110.3819347,
              -7.7311651
            ]
          ]
        ]
      },
      "id": "way/510478168"
    },
    {
      "type": "Feature",
      "properties": {
        "@id": "way/510478173",
        "amenity": "restaurant",
        "building": "yes",
        "contact:instagram": "pastabangetsignature",
        "contact:phone": "+62 274 4533 289",
        "contact:whatsapp": "+62 896 1447 0447",
        "name": "Pasta Banget Signature",
        "opening_hours": "11:00-23:00",
        "takeaway": "yes"
      },
      "geometry": {
        "type": "Polygon",
        "coordinates": [
          [
            [
              110.3817616,
              -7.7319465
            ],
            [
              110.3817241,
              -7.7320355
            ],
            [
              110.3818639,
              -7.7320934
            ],
            [
              110.3819014,
              -7.7320043
            ],
            [
              110.3817616,
              -7.7319465
            ]
          ]
        ]
      },
      "id": "way/510478173"
    },
    {
      "type": "Feature",
      "properties": {
        "@id": "way/510478174",
        "amenity": "restaurant",
        "building": "yes",
        "name": "Ayam Betutu Khas Gilimanuk Bali",
        "opening_hours": "11:30-22:00",
        "takeaway": "yes"
      },
      "geometry": {
        "type": "Polygon",
        "coordinates": [
          [
            [
              110.3816932,
              -7.7320581
            ],
            [
              110.3816423,
              -7.7321538
            ],
            [
              110.3817159,
              -7.7321923
            ],
            [
              110.3817669,
              -7.7320966
            ],
            [
              110.3816932,
              -7.7320581
            ]
          ]
        ]
      },
      "id": "way/510478174"
    },
    {
      "type": "Feature",
      "properties": {
        "@id": "way/510478184",
        "amenity": "restaurant",
        "building": "yes",
        "delivery": "yes",
        "internet_access": "no",
        "internet_access:fee": "no",
        "name": "Tengkleng",
        "opening_hours": "10:00-21:00",
        "smoking": "yes",
        "takeaway": "yes"
      },
      "geometry": {
        "type": "Polygon",
        "coordinates": [
          [
            [
              110.381244,
              -7.7311039
            ],
            [
              110.3812319,
              -7.7311518
            ],
            [
              110.3813218,
              -7.731174
            ],
            [
              110.3813339,
              -7.7311262
            ],
            [
              110.381244,
              -7.7311039
            ]
          ]
        ]
      },
      "id": "way/510478184"
    },
    {
      "type": "Feature",
      "properties": {
        "@id": "way/517891486",
        "amenity": "restaurant"
      },
      "geometry": {
        "type": "Polygon",
        "coordinates": [
          [
            [
              110.3634837,
              -7.7203582
            ],
            [
              110.3635092,
              -7.7203595
            ],
            [
              110.3635347,
              -7.7202984
            ],
            [
              110.3635629,
              -7.7202133
            ],
            [
              110.363536,
              -7.7202067
            ],
            [
              110.3635052,
              -7.7202598
            ],
            [
              110.363465,
              -7.7203462
            ],
            [
              110.3634837,
              -7.7203582
            ]
          ]
        ]
      },
      "id": "way/517891486"
    },
    {
      "type": "Feature",
      "properties": {
        "@id": "way/520699366",
        "addr:city": "Yogyakarta",
        "addr:street": "Jalan Parangtritis",
        "amenity": "restaurant",
        "building": "yes",
        "cuisine": "regional",
        "name": "Piramida"
      },
      "geometry": {
        "type": "Polygon",
        "coordinates": [
          [
            [
              110.3620704,
              -7.844084
            ],
            [
              110.3619649,
              -7.8445445
            ],
            [
              110.3625528,
              -7.8446767
            ],
            [
              110.3626583,
              -7.8442161
            ],
            [
              110.3620704,
              -7.844084
            ]
          ]
        ]
      },
      "id": "way/520699366"
    },
    {
      "type": "Feature",
      "properties": {
        "@id": "way/520699575",
        "addr:street": "Jalan Terbaik",
        "amenity": "restaurant",
        "building": "yes",
        "cuisine": "regional",
        "name": "Jiwangga"
      },
      "geometry": {
        "type": "Polygon",
        "coordinates": [
          [
            [
              110.444992,
              -7.7403947
            ],
            [
              110.4450081,
              -7.7405372
            ],
            [
              110.4451634,
              -7.7405199
            ],
            [
              110.4451473,
              -7.7403774
            ],
            [
              110.444992,
              -7.7403947
            ]
          ]
        ]
      },
      "id": "way/520699575"
    },
    {
      "type": "Feature",
      "properties": {
        "@id": "way/529865160",
        "access:roof": "no",
        "amenity": "restaurant",
        "building": "yes",
        "building:levels": "1",
        "building:roof": "tile",
        "building:structure": "unreinforced_masonry",
        "building:walls": "brick",
        "name": "Warung Bakmi Jawa Mbak Indri"
      },
      "geometry": {
        "type": "Polygon",
        "coordinates": [
          [
            [
              110.3433039,
              -7.8135301
            ],
            [
              110.3432993,
              -7.8136031
            ],
            [
              110.3433568,
              -7.8136067
            ],
            [
              110.3433614,
              -7.8135337
            ],
            [
              110.3433039,
              -7.8135301
            ]
          ]
        ]
      },
      "id": "way/529865160"
    },
    {
      "type": "Feature",
      "properties": {
        "@id": "way/529865164",
        "access:roof": "no",
        "amenity": "restaurant",
        "building": "yes",
        "building:levels": "1",
        "building:roof": "tile",
        "building:structure": "unreinforced_masonry",
        "building:walls": "brick",
        "name": "Warung Kita"
      },
      "geometry": {
        "type": "Polygon",
        "coordinates": [
          [
            [
              110.3431325,
              -7.8143535
            ],
            [
              110.3431156,
              -7.8144373
            ],
            [
              110.3431826,
              -7.8144506
            ],
            [
              110.3431995,
              -7.8143668
            ],
            [
              110.3431325,
              -7.8143535
            ]
          ]
        ]
      },
      "id": "way/529865164"
    },
    {
      "type": "Feature",
      "properties": {
        "@id": "way/529865168",
        "access:roof": "no",
        "amenity": "restaurant",
        "building": "yes",
        "building:levels": "1",
        "building:roof": "tile",
        "building:structure": "unreinforced_masonry",
        "building:walls": "brick",
        "name": "Bakpia Patuk 453"
      },
      "geometry": {
        "type": "Polygon",
        "coordinates": [
          [
            [
              110.3431499,
              -7.8137769
            ],
            [
              110.3431391,
              -7.813877
            ],
            [
              110.3432142,
              -7.813885
            ],
            [
              110.343225,
              -7.8137848
            ],
            [
              110.3431499,
              -7.8137769
            ]
          ]
        ]
      },
      "id": "way/529865168"
    },
    {
      "type": "Feature",
      "properties": {
        "@id": "way/529884133",
        "access:roof": "no",
        "amenity": "restaurant",
        "building": "yes",
        "building:levels": "1",
        "building:roof": "tile",
        "building:structure": "unreinforced_masonry",
        "building:walls": "brick",
        "name": "Pondok Lesehan Bu Wiyogno"
      },
      "geometry": {
        "type": "Polygon",
        "coordinates": [
          [
            [
              110.3432184,
              -7.8126061
            ],
            [
              110.3432362,
              -7.8126073
            ],
            [
              110.3432397,
              -7.8125545
            ],
            [
              110.3431378,
              -7.8125479
            ],
            [
              110.3431343,
              -7.8126006
            ],
            [
              110.343158,
              -7.8126022
            ],
            [
              110.3431556,
              -7.8126378
            ],
            [
              110.343216,
              -7.8126418
            ],
            [
              110.3432184,
              -7.8126061
            ]
          ]
        ]
      },
      "id": "way/529884133"
    },
    {
      "type": "Feature",
      "properties": {
        "@id": "way/529884134",
        "access:roof": "no",
        "amenity": "restaurant",
        "building": "yes",
        "building:levels": "1",
        "building:roof": "tile",
        "building:structure": "unreinforced_masonry",
        "building:walls": "brick",
        "name": "Soto Sapi Pak Pur"
      },
      "geometry": {
        "type": "Polygon",
        "coordinates": [
          [
            [
              110.3433492,
              -7.8119659
            ],
            [
              110.3433422,
              -7.8121122
            ],
            [
              110.3435353,
              -7.8121212
            ],
            [
              110.3435422,
              -7.8119749
            ],
            [
              110.3433492,
              -7.8119659
            ]
          ]
        ]
      },
      "id": "way/529884134"
    },
    {
      "type": "Feature",
      "properties": {
        "@id": "way/529884135",
        "access:roof": "no",
        "amenity": "restaurant",
        "building": "yes",
        "building:levels": "1",
        "building:roof": "tile",
        "building:structure": "unreinforced_masonry",
        "building:walls": "brick",
        "name": "Warung Kebon Nitiprayan"
      },
      "geometry": {
        "type": "Polygon",
        "coordinates": [
          [
            [
              110.3431097,
              -7.8126741
            ],
            [
              110.3431089,
              -7.8127365
            ],
            [
              110.3432148,
              -7.8127379
            ],
            [
              110.3432156,
              -7.8126754
            ],
            [
              110.3431097,
              -7.8126741
            ]
          ]
        ]
      },
      "id": "way/529884135"
    },
    {
      "type": "Feature",
      "properties": {
        "@id": "way/529884136",
        "access:roof": "no",
        "amenity": "restaurant",
        "building": "yes",
        "building:levels": "1",
        "building:roof": "tile",
        "building:structure": "unreinforced_masonry",
        "building:walls": "brick",
        "name": "Warung Makan Bu Sarinem"
      },
      "geometry": {
        "type": "Polygon",
        "coordinates": [
          [
            [
              110.3443744,
              -7.8137224
            ],
            [
              110.3443053,
              -7.8137217
            ],
            [
              110.3443046,
              -7.8137855
            ],
            [
              110.3443717,
              -7.8137835
            ],
            [
              110.3443699,
              -7.8138383
            ],
            [
              110.3444249,
              -7.8138437
            ],
            [
              110.3444293,
              -7.8137224
            ],
            [
              110.3443744,
              -7.8137224
            ]
          ]
        ]
      },
      "id": "way/529884136"
    },
    {
      "type": "Feature",
      "properties": {
        "@id": "way/529979694",
        "addr:postcode": "55284",
        "air_conditioning": "no",
        "amenity": "restaurant",
        "building": "yes",
        "cuisine": "asian",
        "diet:halal": "yes",
        "name": "Ngudi Rejeki",
        "outdoor_seating": "no"
      },
      "geometry": {
        "type": "Polygon",
        "coordinates": [
          [
            [
              110.3736331,
              -7.7636987
            ],
            [
              110.3736176,
              -7.763759
            ],
            [
              110.3737059,
              -7.7637977
            ],
            [
              110.3737367,
              -7.7637706
            ],
            [
              110.3737398,
              -7.7637313
            ],
            [
              110.3736331,
              -7.7636987
            ]
          ]
        ]
      },
      "id": "way/529979694"
    },
    {
      "type": "Feature",
      "properties": {
        "@id": "way/530064193",
        "access:roof": "no",
        "addr:full": "Jalan Wonosari, Banguntapan, Bantul, Yogyakarta",
        "amenity": "restaurant",
        "building": "yes",
        "building:levels": "1",
        "building:roof": "tin",
        "building:structure": "unreinforced_masonry",
        "building:walls": "brick",
        "capacity": "5",
        "name": "Tetep Demen"
      },
      "geometry": {
        "type": "Polygon",
        "coordinates": [
          [
            [
              110.4030333,
              -7.8107853
            ],
            [
              110.4030038,
              -7.8107858
            ],
            [
              110.403005,
              -7.8108631
            ],
            [
              110.4030345,
              -7.8108626
            ],
            [
              110.4030333,
              -7.8107853
            ]
          ]
        ]
      },
      "id": "way/530064193"
    },
    {
      "type": "Feature",
      "properties": {
        "@id": "way/530064196",
        "access:roof": "no",
        "addr:full": "Jalan Wonosari, Banguntapan, Bantul, Yogyakarta",
        "amenity": "restaurant",
        "building": "yes",
        "building:levels": "1",
        "building:roof": "tin",
        "building:structure": "unreinforced_masonry",
        "building:walls": "brick",
        "capacity": "4",
        "name": "Lotek / Kupat Tahu Bu Giyanti"
      },
      "geometry": {
        "type": "Polygon",
        "coordinates": [
          [
            [
              110.4030642,
              -7.8107848
            ],
            [
              110.4030333,
              -7.8107853
            ],
            [
              110.4030345,
              -7.8108626
            ],
            [
              110.4030655,
              -7.8108621
            ],
            [
              110.4030642,
              -7.8107848
            ]
          ]
        ]
      },
      "id": "way/530064196"
    },
    {
      "type": "Feature",
      "properties": {
        "@id": "way/530239187",
        "amenity": "restaurant",
        "cuisine": "chicken;fish;fish_and_chips;seafood",
        "delivery": "yes",
        "internet_access": "no",
        "internet_access:fee": "no",
        "name": "Lesehan Aldan",
        "opening_hours": "Mo-Fr 08:30-20:00; Sa,Su 08:00-15:00; PH off",
        "smoking": "yes",
        "stars": "3",
        "takeaway": "yes",
        "wheelchair": "no"
      },
      "geometry": {
        "type": "Polygon",
        "coordinates": [
          [
            [
              110.415296,
              -7.7005697
            ],
            [
              110.4152704,
              -7.7006038
            ],
            [
              110.4152423,
              -7.7006414
            ],
            [
              110.4153389,
              -7.7007026
            ],
            [
              110.4153845,
              -7.7006308
            ],
            [
              110.415296,
              -7.7005697
            ]
          ]
        ]
      },
      "id": "way/530239187"
    },
    {
      "type": "Feature",
      "properties": {
        "@id": "way/530309305",
        "access:roof": "no",
        "addr:full": "Jalan Wonosari, Banguntapan, Kota Yogyakarta, Daerah Istimewa Yogyakarta",
        "amenity": "restaurant",
        "building": "restaurant",
        "building:levels": "1",
        "building:roof": "tin",
        "building:structure": "unreinforced_masonry",
        "building:walls": "brick",
        "capacity": "5",
        "name": "Burjo Kenangan"
      },
      "geometry": {
        "type": "Polygon",
        "coordinates": [
          [
            [
              110.4044798,
              -7.8107028
            ],
            [
              110.404505,
              -7.8107027
            ],
            [
              110.4045047,
              -7.8106566
            ],
            [
              110.4044795,
              -7.8106567
            ],
            [
              110.4044798,
              -7.8107028
            ]
          ]
        ]
      },
      "id": "way/530309305"
    },
    {
      "type": "Feature",
      "properties": {
        "@id": "way/530313714",
        "access:roof": "no",
        "addr:full": "Jalan Gedong Kuning",
        "amenity": "restaurant",
        "building": "yes",
        "building:levels": "1",
        "building:roof": "tin",
        "building:structure": "unreinforced_masonry",
        "building:walls": "brick",
        "capacity": "20",
        "name": "Zona Fried Chicken"
      },
      "geometry": {
        "type": "Polygon",
        "coordinates": [
          [
            [
              110.402003,
              -7.8076204
            ],
            [
              110.4020005,
              -7.8077398
            ],
            [
              110.4020808,
              -7.8077414
            ],
            [
              110.4020833,
              -7.8076221
            ],
            [
              110.402003,
              -7.8076204
            ]
          ]
        ]
      },
      "id": "way/530313714"
    },
    {
      "type": "Feature",
      "properties": {
        "@id": "way/530460865",
        "addr:city": "Kabupaten Kulon Progo",
        "addr:country": "ID",
        "addr:place": "Pengasih",
        "addr:postcode": "55651",
        "addr:province": "Daerah Istimewa Yogyakarta",
        "addr:street": "Margosari",
        "amenity": "restaurant",
        "cuisine": "noodle",
        "name": "Mie Ayam Baso Ceker Miri"
      },
      "geometry": {
        "type": "Polygon",
        "coordinates": [
          [
            [
              110.1643029,
              -7.8607514
            ],
            [
              110.1642841,
              -7.8608045
            ],
            [
              110.1643619,
              -7.8608284
            ],
            [
              110.164378,
              -7.8607726
            ],
            [
              110.1643029,
              -7.8607514
            ]
          ]
        ]
      },
      "id": "way/530460865"
    },
    {
      "type": "Feature",
      "properties": {
        "@id": "way/530472127",
        "amenity": "restaurant",
        "name": "Mie Ayam Baso @Kriyanan"
      },
      "geometry": {
        "type": "Polygon",
        "coordinates": [
          [
            [
              110.1631522,
              -7.8623164
            ],
            [
              110.1631629,
              -7.8624
            ],
            [
              110.1632166,
              -7.8624014
            ],
            [
              110.1632126,
              -7.862315
            ],
            [
              110.1631522,
              -7.8623164
            ]
          ]
        ]
      },
      "id": "way/530472127"
    },
    {
      "type": "Feature",
      "properties": {
        "@id": "way/530472221",
        "amenity": "restaurant",
        "name": "Angkringan Gaul"
      },
      "geometry": {
        "type": "Polygon",
        "coordinates": [
          [
            [
              110.1626265,
              -7.8623057
            ],
            [
              110.1626319,
              -7.8624173
            ],
            [
              110.1626909,
              -7.8624173
            ],
            [
              110.1626909,
              -7.8623057
            ],
            [
              110.1626265,
              -7.8623057
            ]
          ]
        ]
      },
      "id": "way/530472221"
    },
    {
      "type": "Feature",
      "properties": {
        "@id": "way/530472223",
        "amenity": "restaurant",
        "cuisine": "asian",
        "name": "Warung Afif"
      },
      "geometry": {
        "type": "Polygon",
        "coordinates": [
          [
            [
              110.1619157,
              -7.8618992
            ],
            [
              110.1620391,
              -7.8619045
            ],
            [
              110.1620391,
              -7.8618035
            ],
            [
              110.161964,
              -7.8618009
            ],
            [
              110.1619586,
              -7.8618328
            ],
            [
              110.1619211,
              -7.8618328
            ],
            [
              110.1619157,
              -7.8618992
            ]
          ]
        ]
      },
      "id": "way/530472223"
    },
    {
      "type": "Feature",
      "properties": {
        "@id": "way/530575904",
        "amenity": "restaurant",
        "building": "restaurant",
        "name": "Parsley"
      },
      "geometry": {
        "type": "Polygon",
        "coordinates": [
          [
            [
              110.4096491,
              -7.7680552
            ],
            [
              110.4099717,
              -7.768116
            ],
            [
              110.4099914,
              -7.7680138
            ],
            [
              110.4096688,
              -7.7679529
            ],
            [
              110.4096491,
              -7.7680552
            ]
          ]
        ]
      },
      "id": "way/530575904"
    },
    {
      "type": "Feature",
      "properties": {
        "@id": "way/530651266",
        "amenity": "restaurant",
        "building": "yes",
        "name": "angkringan siBaxpo"
      },
      "geometry": {
        "type": "Polygon",
        "coordinates": [
          [
            [
              110.29554,
              -7.9956341
            ],
            [
              110.2955389,
              -7.9956532
            ],
            [
              110.2955745,
              -7.9956552
            ],
            [
              110.2955756,
              -7.9956361
            ],
            [
              110.29554,
              -7.9956341
            ]
          ]
        ]
      },
      "id": "way/530651266"
    },
    {
      "type": "Feature",
      "properties": {
        "@id": "way/530651272",
        "amenity": "restaurant",
        "building": "yes",
        "name": "angkringan mas kipli"
      },
      "geometry": {
        "type": "Polygon",
        "coordinates": [
          [
            [
              110.2921839,
              -7.997767
            ],
            [
              110.2921681,
              -7.997877
            ],
            [
              110.2922057,
              -7.9978849
            ],
            [
              110.2922215,
              -7.9977756
            ],
            [
              110.2921839,
              -7.997767
            ]
          ]
        ]
      },
      "id": "way/530651272"
    },
    {
      "type": "Feature",
      "properties": {
        "@id": "way/530659047",
        "amenity": "restaurant",
        "building": "yes",
        "name": "Bakmi Jawa Pak Ribut"
      },
      "geometry": {
        "type": "Polygon",
        "coordinates": [
          [
            [
              110.2719587,
              -7.9637557
            ],
            [
              110.2720243,
              -7.9637563
            ],
            [
              110.2720248,
              -7.9637126
            ],
            [
              110.2719592,
              -7.963712
            ],
            [
              110.2719587,
              -7.9637557
            ]
          ]
        ]
      },
      "id": "way/530659047"
    },
    {
      "type": "Feature",
      "properties": {
        "@id": "way/530659363",
        "amenity": "restaurant",
        "building": "yes",
        "name": "Nata De Coco Bp.Sudjadjo"
      },
      "geometry": {
        "type": "Polygon",
        "coordinates": [
          [
            [
              110.2714753,
              -7.9675244
            ],
            [
              110.2716062,
              -7.9675331
            ],
            [
              110.2716111,
              -7.9674609
            ],
            [
              110.2714802,
              -7.9674522
            ],
            [
              110.2714753,
              -7.9675244
            ]
          ]
        ]
      },
      "id": "way/530659363"
    },
    {
      "type": "Feature",
      "properties": {
        "@id": "way/530659400",
        "amenity": "restaurant",
        "building": "yes",
        "name": "Omah Adem Mbak Tini"
      },
      "geometry": {
        "type": "Polygon",
        "coordinates": [
          [
            [
              110.2747184,
              -7.9689098
            ],
            [
              110.2748027,
              -7.9689306
            ],
            [
              110.2748191,
              -7.9688655
            ],
            [
              110.2747348,
              -7.9688447
            ],
            [
              110.2747184,
              -7.9689098
            ]
          ]
        ]
      },
      "id": "way/530659400"
    },
    {
      "type": "Feature",
      "properties": {
        "@id": "way/530659498",
        "amenity": "restaurant",
        "building": "yes",
        "name": "Warung Makan Mba Sari"
      },
      "geometry": {
        "type": "Polygon",
        "coordinates": [
          [
            [
              110.2744883,
              -7.9689476
            ],
            [
              110.2745776,
              -7.9689633
            ],
            [
              110.2745948,
              -7.9688677
            ],
            [
              110.2745055,
              -7.9688519
            ],
            [
              110.2744883,
              -7.9689476
            ]
          ]
        ]
      },
      "id": "way/530659498"
    },
    {
      "type": "Feature",
      "properties": {
        "@id": "way/530659526",
        "amenity": "restaurant",
        "name": "Mi Ayam \"Tan Genggong\""
      },
      "geometry": {
        "type": "Polygon",
        "coordinates": [
          [
            [
              110.2736185,
              -7.9689275
            ],
            [
              110.2736165,
              -7.9689858
            ],
            [
              110.2737236,
              -7.9689894
            ],
            [
              110.2737256,
              -7.9689312
            ],
            [
              110.2736185,
              -7.9689275
            ]
          ]
        ]
      },
      "id": "way/530659526"
    },
    {
      "type": "Feature",
      "properties": {
        "@id": "way/530659695",
        "amenity": "restaurant",
        "name": "Baksi Mini Mansuri"
      },
      "geometry": {
        "type": "Polygon",
        "coordinates": [
          [
            [
              110.2714477,
              -7.9714048
            ],
            [
              110.2715554,
              -7.9714281
            ],
            [
              110.271574,
              -7.9713437
            ],
            [
              110.2714663,
              -7.9713204
            ],
            [
              110.2714477,
              -7.9714048
            ]
          ]
        ]
      },
      "id": "way/530659695"
    },
    {
      "type": "Feature",
      "properties": {
        "@id": "way/530659798",
        "amenity": "restaurant",
        "building": "yes",
        "name": "Restoran Amnas Wedding"
      },
      "geometry": {
        "type": "Polygon",
        "coordinates": [
          [
            [
              110.2760801,
              -7.970257
            ],
            [
              110.276194,
              -7.9702633
            ],
            [
              110.2762004,
              -7.9701487
            ],
            [
              110.2760866,
              -7.9701423
            ],
            [
              110.2760801,
              -7.970257
            ]
          ]
        ]
      },
      "id": "way/530659798"
    },
    {
      "type": "Feature",
      "properties": {
        "@id": "way/530742292",
        "addr:full": "Jalan Godean KM.5,5, Banyuraden, Gamping, Banyuraden, Gamping, Kabupaten Sleman, Daerah Istimewa Yogyakarta 55293",
        "amenity": "restaurant",
        "building": "yes",
        "name": "Spesial Sambal"
      },
      "geometry": {
        "type": "Polygon",
        "coordinates": [
          [
            [
              110.3367528,
              -7.7783787
            ],
            [
              110.336835,
              -7.778404
            ],
            [
              110.3368598,
              -7.778325
            ],
            [
              110.3367776,
              -7.7782997
            ],
            [
              110.3367528,
              -7.7783787
            ]
          ]
        ]
      },
      "id": "way/530742292"
    },
    {
      "type": "Feature",
      "properties": {
        "@id": "way/530742328",
        "addr:full": "Jl. Godean No.16, Nogotirto, Gamping, Kabupaten Sleman, Daerah Istimewa Yogyakarta 55592",
        "amenity": "restaurant",
        "building": "yes",
        "layer": "1",
        "name": "Sate Padang Mak Ngah Malam"
      },
      "geometry": {
        "type": "Polygon",
        "coordinates": [
          [
            [
              110.3464477,
              -7.7804609
            ],
            [
              110.3464624,
              -7.7804045
            ],
            [
              110.346395,
              -7.7803872
            ],
            [
              110.3463803,
              -7.7804436
            ],
            [
              110.3464477,
              -7.7804609
            ]
          ]
        ]
      },
      "id": "way/530742328"
    },
    {
      "type": "Feature",
      "properties": {
        "@id": "way/530763477",
        "amenity": "restaurant",
        "cuisine": "chicken",
        "name": "Snack Bar Warung Gherobak"
      },
      "geometry": {
        "type": "Polygon",
        "coordinates": [
          [
            [
              110.4159366,
              -7.7720051
            ],
            [
              110.4160886,
              -7.7720237
            ],
            [
              110.4160936,
              -7.7719833
            ],
            [
              110.4162466,
              -7.7720021
            ],
            [
              110.4162596,
              -7.7718973
            ],
            [
              110.4160494,
              -7.7718716
            ],
            [
              110.4160468,
              -7.7718922
            ],
            [
              110.4159521,
              -7.7718806
            ],
            [
              110.4159366,
              -7.7720051
            ]
          ]
        ]
      },
      "id": "way/530763477"
    },
    {
      "type": "Feature",
      "properties": {
        "@id": "way/530763487",
        "amenity": "restaurant",
        "building": "yes",
        "name": "Warung Makan Barokah"
      },
      "geometry": {
        "type": "Polygon",
        "coordinates": [
          [
            [
              110.418351,
              -7.7683331
            ],
            [
              110.4185273,
              -7.7683617
            ],
            [
              110.4185487,
              -7.7682314
            ],
            [
              110.4183724,
              -7.7682029
            ],
            [
              110.418351,
              -7.7683331
            ]
          ]
        ]
      },
      "id": "way/530763487"
    },
    {
      "type": "Feature",
      "properties": {
        "@id": "way/530763490",
        "amenity": "restaurant",
        "building": "restaurant",
        "name": "Moro Kangen"
      },
      "geometry": {
        "type": "Polygon",
        "coordinates": [
          [
            [
              110.4191798,
              -7.7688275
            ],
            [
              110.4194534,
              -7.7688965
            ],
            [
              110.4195982,
              -7.76887
            ],
            [
              110.4195929,
              -7.7686786
            ],
            [
              110.4195231,
              -7.7686547
            ],
            [
              110.4194963,
              -7.7685192
            ],
            [
              110.4193032,
              -7.7685192
            ],
            [
              110.4192388,
              -7.7685617
            ],
            [
              110.4191825,
              -7.7686069
            ],
            [
              110.4191798,
              -7.7688275
            ]
          ]
        ]
      },
      "id": "way/530763490"
    },
    {
      "type": "Feature",
      "properties": {
        "@id": "way/530767280",
        "addr:full": "Gendol, Kulonprogo, Banyuroto, Nanggulan, Banyuroto, Nanggulan, Kabupaten Kulon Progo, Daerah Istimewa Yogyakarta 55671, Indonesia",
        "amenity": "restaurant",
        "building": "yes",
        "name": "Warung Gepuro"
      },
      "geometry": {
        "type": "Polygon",
        "coordinates": [
          [
            [
              110.1898737,
              -7.7989369
            ],
            [
              110.1898473,
              -7.7990005
            ],
            [
              110.1899224,
              -7.7990311
            ],
            [
              110.1899488,
              -7.7989674
            ],
            [
              110.1898737,
              -7.7989369
            ]
          ]
        ]
      },
      "id": "way/530767280"
    },
    {
      "type": "Feature",
      "properties": {
        "@id": "way/530773637",
        "amenity": "restaurant",
        "building": "yes",
        "name": "Merapi Bakso dan Mi ayam"
      },
      "geometry": {
        "type": "Polygon",
        "coordinates": [
          [
            [
              110.2998698,
              -7.991699
            ],
            [
              110.2998698,
              -7.9917874
            ],
            [
              110.2999234,
              -7.9917874
            ],
            [
              110.2999234,
              -7.991699
            ],
            [
              110.2998698,
              -7.991699
            ]
          ]
        ]
      },
      "id": "way/530773637"
    },
    {
      "type": "Feature",
      "properties": {
        "@id": "way/530773665",
        "amenity": "restaurant",
        "building": "yes",
        "name": "Angkringan Nur Jithenx"
      },
      "geometry": {
        "type": "Polygon",
        "coordinates": [
          [
            [
              110.2998872,
              -7.9918936
            ],
            [
              110.2998872,
              -7.991956
            ],
            [
              110.299965,
              -7.991956
            ],
            [
              110.299965,
              -7.9918936
            ],
            [
              110.2998872,
              -7.9918936
            ]
          ]
        ]
      },
      "id": "way/530773665"
    },
    {
      "type": "Feature",
      "properties": {
        "@id": "way/530773844",
        "amenity": "restaurant",
        "building": "yes",
        "name": "Mie Ayam Reza Basser"
      },
      "geometry": {
        "type": "Polygon",
        "coordinates": [
          [
            [
              110.2985769,
              -7.9920012
            ],
            [
              110.2985783,
              -7.9920703
            ],
            [
              110.298648,
              -7.9920689
            ],
            [
              110.2986467,
              -7.9919999
            ],
            [
              110.2985769,
              -7.9920012
            ]
          ]
        ]
      },
      "id": "way/530773844"
    },
    {
      "type": "Feature",
      "properties": {
        "@id": "way/530793376",
        "amenity": "restaurant",
        "name": "Warung Soto Ayam Bang Trio"
      },
      "geometry": {
        "type": "Polygon",
        "coordinates": [
          [
            [
              110.4720414,
              -7.7810545
            ],
            [
              110.4720136,
              -7.7811551
            ],
            [
              110.4720663,
              -7.7811694
            ],
            [
              110.4720941,
              -7.7810688
            ],
            [
              110.4720414,
              -7.7810545
            ]
          ]
        ]
      },
      "id": "way/530793376"
    },
    {
      "type": "Feature",
      "properties": {
        "@id": "way/530793395",
        "amenity": "restaurant",
        "building": "yes",
        "name": "Mie Ayam dan Bakso Ceria 2"
      },
      "geometry": {
        "type": "Polygon",
        "coordinates": [
          [
            [
              110.4770055,
              -7.7783601
            ],
            [
              110.476968,
              -7.7784638
            ],
            [
              110.4770729,
              -7.7785011
            ],
            [
              110.4771104,
              -7.7783974
            ],
            [
              110.4770055,
              -7.7783601
            ]
          ]
        ]
      },
      "id": "way/530793395"
    },
    {
      "type": "Feature",
      "properties": {
        "@id": "way/530793539",
        "amenity": "restaurant",
        "building": "yes",
        "name": "Bakmi & Nais Goreng"
      },
      "geometry": {
        "type": "Polygon",
        "coordinates": [
          [
            [
              110.4779845,
              -7.7848219
            ],
            [
              110.4779644,
              -7.7849069
            ],
            [
              110.4780183,
              -7.7849194
            ],
            [
              110.4780384,
              -7.7848344
            ],
            [
              110.4779845,
              -7.7848219
            ]
          ]
        ]
      },
      "id": "way/530793539"
    },
    {
      "type": "Feature",
      "properties": {
        "@id": "way/530793557",
        "amenity": "restaurant",
        "building": "yes",
        "name": "Moro Seneng"
      },
      "geometry": {
        "type": "Polygon",
        "coordinates": [
          [
            [
              110.4761446,
              -7.7802297
            ],
            [
              110.4761281,
              -7.7802787
            ],
            [
              110.4761928,
              -7.7803001
            ],
            [
              110.4762093,
              -7.7802511
            ],
            [
              110.4761446,
              -7.7802297
            ]
          ]
        ]
      },
      "id": "way/530793557"
    },
    {
      "type": "Feature",
      "properties": {
        "@id": "way/530793558",
        "amenity": "restaurant",
        "building": "yes",
        "name": "Soto Babat & Bakso Bu Pri"
      },
      "geometry": {
        "type": "Polygon",
        "coordinates": [
          [
            [
              110.4759152,
              -7.7802709
            ],
            [
              110.4758911,
              -7.7803426
            ],
            [
              110.4759518,
              -7.7803627
            ],
            [
              110.475976,
              -7.7802909
            ],
            [
              110.4759152,
              -7.7802709
            ]
          ]
        ]
      },
      "id": "way/530793558"
    },
    {
      "type": "Feature",
      "properties": {
        "@id": "way/530793559",
        "amenity": "restaurant",
        "building": "yes",
        "name": "Gorengan Qsra Cirebon"
      },
      "geometry": {
        "type": "Polygon",
        "coordinates": [
          [
            [
              110.4760882,
              -7.779738
            ],
            [
              110.4760721,
              -7.7798085
            ],
            [
              110.4761436,
              -7.7798245
            ],
            [
              110.4761597,
              -7.7797541
            ],
            [
              110.4760882,
              -7.779738
            ]
          ]
        ]
      },
      "id": "way/530793559"
    },
    {
      "type": "Feature",
      "properties": {
        "@id": "way/530793703",
        "amenity": "restaurant",
        "building": "yes",
        "name": "Warung Makan Bu Kris"
      },
      "geometry": {
        "type": "Polygon",
        "coordinates": [
          [
            [
              110.469804,
              -7.7774739
            ],
            [
              110.4697842,
              -7.777571
            ],
            [
              110.4699313,
              -7.7776003
            ],
            [
              110.469951,
              -7.7775033
            ],
            [
              110.469804,
              -7.7774739
            ]
          ]
        ]
      },
      "id": "way/530793703"
    },
    {
      "type": "Feature",
      "properties": {
        "@id": "way/530793786",
        "amenity": "restaurant",
        "building": "yes",
        "name": "Soto Batok Mbah Wiro"
      },
      "geometry": {
        "type": "Polygon",
        "coordinates": [
          [
            [
              110.4745138,
              -7.7778937
            ],
            [
              110.4744856,
              -7.7779575
            ],
            [
              110.4745638,
              -7.7779914
            ],
            [
              110.474592,
              -7.7779276
            ],
            [
              110.4745138,
              -7.7778937
            ]
          ]
        ]
      },
      "id": "way/530793786"
    },
    {
      "type": "Feature",
      "properties": {
        "@id": "way/530810337",
        "amenity": "restaurant",
        "building": "yes",
        "name": "Mi ayam Bedes"
      },
      "geometry": {
        "type": "Polygon",
        "coordinates": [
          [
            [
              110.2968724,
              -7.991972
            ],
            [
              110.2968716,
              -7.992059
            ],
            [
              110.2969381,
              -7.9920596
            ],
            [
              110.296939,
              -7.9919726
            ],
            [
              110.2968724,
              -7.991972
            ]
          ]
        ]
      },
      "id": "way/530810337"
    },
    {
      "type": "Feature",
      "properties": {
        "@id": "way/530810496",
        "amenity": "restaurant",
        "building": "yes",
        "name": "Warung Makan Prapatan Buruhan"
      },
      "geometry": {
        "type": "Polygon",
        "coordinates": [
          [
            [
              110.2973572,
              -7.9919567
            ],
            [
              110.2973565,
              -7.9920357
            ],
            [
              110.2974269,
              -7.9920364
            ],
            [
              110.2974276,
              -7.9919574
            ],
            [
              110.2973572,
              -7.9919567
            ]
          ]
        ]
      },
      "id": "way/530810496"
    },
    {
      "type": "Feature",
      "properties": {
        "@id": "way/530819614",
        "amenity": "restaurant",
        "building": "yes",
        "name": "Warung Soto Ayam Bu Darmi"
      },
      "geometry": {
        "type": "Polygon",
        "coordinates": [
          [
            [
              110.4730399,
              -7.7897807
            ],
            [
              110.4730292,
              -7.7898312
            ],
            [
              110.4730758,
              -7.7898409
            ],
            [
              110.4730865,
              -7.7897904
            ],
            [
              110.4730399,
              -7.7897807
            ]
          ]
        ]
      },
      "id": "way/530819614"
    },
    {
      "type": "Feature",
      "properties": {
        "@id": "way/530874180",
        "amenity": "restaurant",
        "name": "Lidah Jawa",
        "opening_hours": "15:00-22:00",
        "takeaway": "yes"
      },
      "geometry": {
        "type": "Polygon",
        "coordinates": [
          [
            [
              110.3812771,
              -7.7316891
            ],
            [
              110.3812154,
              -7.7318198
            ],
            [
              110.3813758,
              -7.7318942
            ],
            [
              110.3814375,
              -7.7317635
            ],
            [
              110.3812771,
              -7.7316891
            ]
          ]
        ]
      },
      "id": "way/530874180"
    },
    {
      "type": "Feature",
      "properties": {
        "@id": "way/530874181",
        "amenity": "restaurant",
        "internet_access": "yes",
        "internet_access:fee": "no",
        "name": "Pondok Patin Bakar",
        "opening_hours": "11:00-22:00",
        "smoking": "yes",
        "takeaway": "yes"
      },
      "geometry": {
        "type": "Polygon",
        "coordinates": [
          [
            [
              110.3840268,
              -7.7314707
            ],
            [
              110.3839543,
              -7.731593
            ],
            [
              110.3840375,
              -7.7316514
            ],
            [
              110.3841099,
              -7.7315185
            ],
            [
              110.3840268,
              -7.7314707
            ]
          ]
        ]
      },
      "id": "way/530874181"
    },
    {
      "type": "Feature",
      "properties": {
        "@id": "way/530874189",
        "amenity": "restaurant",
        "delivery": "yes",
        "internet_access": "no",
        "internet_access:fee": "no",
        "name": "Rumah Makan 99",
        "opening_hours": "10:00-22:00",
        "smoking": "yes",
        "takeaway": "yes"
      },
      "geometry": {
        "type": "Polygon",
        "coordinates": [
          [
            [
              110.3799123,
              -7.7310003
            ],
            [
              110.3797737,
              -7.7309324
            ],
            [
              110.3797245,
              -7.7310268
            ],
            [
              110.379872,
              -7.7310933
            ],
            [
              110.3799123,
              -7.7310003
            ]
          ]
        ]
      },
      "id": "way/530874189"
    },
    {
      "type": "Feature",
      "properties": {
        "@id": "way/530949189",
        "amenity": "restaurant",
        "building": "yes",
        "name": "Angkringan Janto"
      },
      "geometry": {
        "type": "Polygon",
        "coordinates": [
          [
            [
              110.4721105,
              -7.7923172
            ],
            [
              110.4720917,
              -7.7923996
            ],
            [
              110.4721431,
              -7.7924111
            ],
            [
              110.4721619,
              -7.7923287
            ],
            [
              110.4721105,
              -7.7923172
            ]
          ]
        ]
      },
      "id": "way/530949189"
    },
    {
      "type": "Feature",
      "properties": {
        "@id": "way/530949200",
        "amenity": "restaurant",
        "building": "yes",
        "name": "Angkringan Cak Agus"
      },
      "geometry": {
        "type": "Polygon",
        "coordinates": [
          [
            [
              110.4727059,
              -7.7910191
            ],
            [
              110.4726858,
              -7.7910789
            ],
            [
              110.4727313,
              -7.7910939
            ],
            [
              110.4727514,
              -7.7910341
            ],
            [
              110.4727059,
              -7.7910191
            ]
          ]
        ]
      },
      "id": "way/530949200"
    },
    {
      "type": "Feature",
      "properties": {
        "@id": "way/530949205",
        "amenity": "restaurant",
        "building": "yes",
        "name": "Warung Bu Ismi"
      },
      "geometry": {
        "type": "Polygon",
        "coordinates": [
          [
            [
              110.4724377,
              -7.7902524
            ],
            [
              110.4724672,
              -7.7901674
            ],
            [
              110.4723391,
              -7.7901237
            ],
            [
              110.4723096,
              -7.7902088
            ],
            [
              110.4724377,
              -7.7902524
            ]
          ]
        ]
      },
      "id": "way/530949205"
    },
    {
      "type": "Feature",
      "properties": {
        "@id": "way/530959222",
        "amenity": "restaurant",
        "building": "yes",
        "name": "M. Arifin"
      },
      "geometry": {
        "type": "Polygon",
        "coordinates": [
          [
            [
              110.470013,
              -7.7935955
            ],
            [
              110.4700009,
              -7.7936944
            ],
            [
              110.4700398,
              -7.7936991
            ],
            [
              110.4700519,
              -7.7936001
            ],
            [
              110.470013,
              -7.7935955
            ]
          ]
        ]
      },
      "id": "way/530959222"
    },
    {
      "type": "Feature",
      "properties": {
        "@id": "way/530961956",
        "amenity": "restaurant",
        "building": "yes",
        "name": "Rumah Makan Pavajo"
      },
      "geometry": {
        "type": "Polygon",
        "coordinates": [
          [
            [
              110.3326812,
              -7.9426136
            ],
            [
              110.3325257,
              -7.9427754
            ],
            [
              110.3326089,
              -7.9428538
            ],
            [
              110.3327644,
              -7.9426919
            ],
            [
              110.3326812,
              -7.9426136
            ]
          ]
        ]
      },
      "id": "way/530961956"
    },
    {
      "type": "Feature",
      "properties": {
        "@id": "way/530961958",
        "amenity": "restaurant",
        "building": "yes",
        "name": "Rumah Makan Pavajo"
      },
      "geometry": {
        "type": "Polygon",
        "coordinates": [
          [
            [
              110.3328556,
              -7.942405
            ],
            [
              110.3326859,
              -7.9425517
            ],
            [
              110.3328053,
              -7.9426872
            ],
            [
              110.3329749,
              -7.9425405
            ],
            [
              110.3328556,
              -7.942405
            ]
          ]
        ]
      },
      "id": "way/530961958"
    },
    {
      "type": "Feature",
      "properties": {
        "@id": "way/530961961",
        "amenity": "restaurant",
        "building": "yes",
        "name": "Rumah Makan Pavajo"
      },
      "geometry": {
        "type": "Polygon",
        "coordinates": [
          [
            [
              110.3329495,
              -7.9423785
            ],
            [
              110.3329121,
              -7.9424126
            ],
            [
              110.3329604,
              -7.9424645
            ],
            [
              110.3329977,
              -7.9424303
            ],
            [
              110.3329495,
              -7.9423785
            ]
          ]
        ]
      },
      "id": "way/530961961"
    },
    {
      "type": "Feature",
      "properties": {
        "@id": "way/530982794",
        "addr:city": "Sleman",
        "addr:district": "Ngaglik",
        "addr:street": "Jalan Kaliurang",
        "amenity": "restaurant",
        "building": "yes",
        "building:levels": "1",
        "name": "Ayam Geprek Pak Gembus",
        "postal_code": "55581"
      },
      "geometry": {
        "type": "Polygon",
        "coordinates": [
          [
            [
              110.4123723,
              -7.704352
            ],
            [
              110.4123462,
              -7.7044099
            ],
            [
              110.4125085,
              -7.7044775
            ],
            [
              110.4125426,
              -7.7044303
            ],
            [
              110.4123723,
              -7.704352
            ]
          ]
        ]
      },
      "id": "way/530982794"
    },
    {
      "type": "Feature",
      "properties": {
        "@id": "way/530986870",
        "amenity": "restaurant",
        "building": "yes",
        "name": "Bakso Kojek Demit"
      },
      "geometry": {
        "type": "Polygon",
        "coordinates": [
          [
            [
              110.4859998,
              -7.789672
            ],
            [
              110.4860116,
              -7.7895586
            ],
            [
              110.4859592,
              -7.7895532
            ],
            [
              110.4859474,
              -7.7896667
            ],
            [
              110.4859998,
              -7.789672
            ]
          ]
        ]
      },
      "id": "way/530986870"
    },
    {
      "type": "Feature",
      "properties": {
        "@id": "way/530986894",
        "amenity": "restaurant",
        "building": "yes",
        "name": "Bakso Solo"
      },
      "geometry": {
        "type": "Polygon",
        "coordinates": [
          [
            [
              110.4856181,
              -7.7891522
            ],
            [
              110.4856108,
              -7.7892296
            ],
            [
              110.4856966,
              -7.7892376
            ],
            [
              110.4857039,
              -7.7891602
            ],
            [
              110.4856181,
              -7.7891522
            ]
          ]
        ]
      },
      "id": "way/530986894"
    },
    {
      "type": "Feature",
      "properties": {
        "@id": "way/530986944",
        "amenity": "restaurant",
        "building": "yes",
        "name": "Lotek Mbah Bu"
      },
      "geometry": {
        "type": "Polygon",
        "coordinates": [
          [
            [
              110.485142,
              -7.7884334
            ],
            [
              110.4851363,
              -7.7884996
            ],
            [
              110.485201,
              -7.7885051
            ],
            [
              110.4852068,
              -7.7884389
            ],
            [
              110.485142,
              -7.7884334
            ]
          ]
        ]
      },
      "id": "way/530986944"
    },
    {
      "type": "Feature",
      "properties": {
        "@id": "way/531005392",
        "amenity": "restaurant",
        "building": "yes",
        "name": "Lesehan PBS Penyet Belut Surabaya"
      },
      "geometry": {
        "type": "Polygon",
        "coordinates": [
          [
            [
              110.48226,
              -7.7888067
            ],
            [
              110.48226,
              -7.7889024
            ],
            [
              110.4825738,
              -7.7889024
            ],
            [
              110.4825738,
              -7.7888067
            ],
            [
              110.48226,
              -7.7888067
            ]
          ]
        ]
      },
      "id": "way/531005392"
    },
    {
      "type": "Feature",
      "properties": {
        "@id": "way/531005412",
        "amenity": "restaurant",
        "building": "yes",
        "name": "Dapur Zuzzan Kepiting Tampah"
      },
      "geometry": {
        "type": "Polygon",
        "coordinates": [
          [
            [
              110.4827696,
              -7.7872176
            ],
            [
              110.4827696,
              -7.7872814
            ],
            [
              110.482893,
              -7.7872814
            ],
            [
              110.482893,
              -7.7872176
            ],
            [
              110.4827696,
              -7.7872176
            ]
          ]
        ]
      },
      "id": "way/531005412"
    },
    {
      "type": "Feature",
      "properties": {
        "@id": "way/531005437",
        "amenity": "restaurant",
        "building": "yes",
        "name": "Mie Ayam dan Bakso Pak Dul"
      },
      "geometry": {
        "type": "Polygon",
        "coordinates": [
          [
            [
              110.4828044,
              -7.789996
            ],
            [
              110.4828044,
              -7.7900916
            ],
            [
              110.4829573,
              -7.7900916
            ],
            [
              110.4829573,
              -7.789996
            ],
            [
              110.4828044,
              -7.789996
            ]
          ]
        ]
      },
      "id": "way/531005437"
    },
    {
      "type": "Feature",
      "properties": {
        "@id": "way/531005509",
        "amenity": "restaurant",
        "building": "yes",
        "name": "Bakmi Tan Grejo"
      },
      "geometry": {
        "type": "Polygon",
        "coordinates": [
          [
            [
              110.4837701,
              -7.7931942
            ],
            [
              110.4837701,
              -7.7932739
            ],
            [
              110.4838666,
              -7.7932739
            ],
            [
              110.4838666,
              -7.7931942
            ],
            [
              110.4837701,
              -7.7931942
            ]
          ]
        ]
      },
      "id": "way/531005509"
    },
    {
      "type": "Feature",
      "properties": {
        "@id": "way/531011703",
        "amenity": "restaurant",
        "building": "yes",
        "name": "Sate Biawak Pak Tembong"
      },
      "geometry": {
        "type": "Polygon",
        "coordinates": [
          [
            [
              110.4790065,
              -7.7893196
            ],
            [
              110.4789891,
              -7.7894024
            ],
            [
              110.4790387,
              -7.7894126
            ],
            [
              110.4790561,
              -7.7893299
            ],
            [
              110.4790065,
              -7.7893196
            ]
          ]
        ]
      },
      "id": "way/531011703"
    },
    {
      "type": "Feature",
      "properties": {
        "@id": "way/531013684",
        "amenity": "restaurant",
        "building": "yes",
        "name": "warung makan bu Sarinem"
      },
      "geometry": {
        "type": "Polygon",
        "coordinates": [
          [
            [
              110.3441852,
              -7.8136666
            ],
            [
              110.3441799,
              -7.8137782
            ],
            [
              110.3442723,
              -7.8137826
            ],
            [
              110.3442776,
              -7.813671
            ],
            [
              110.3441852,
              -7.8136666
            ]
          ]
        ]
      },
      "id": "way/531013684"
    },
    {
      "type": "Feature",
      "properties": {
        "@id": "way/535235592",
        "amenity": "restaurant",
        "building": "yes",
        "name": "Mie Ayam Dunia"
      },
      "geometry": {
        "type": "Polygon",
        "coordinates": [
          [
            [
              110.3328291,
              -7.9049754
            ],
            [
              110.3328148,
              -7.9050768
            ],
            [
              110.3329788,
              -7.9050995
            ],
            [
              110.3329931,
              -7.9049981
            ],
            [
              110.3328291,
              -7.9049754
            ]
          ]
        ]
      },
      "id": "way/535235592"
    },
    {
      "type": "Feature",
      "properties": {
        "@id": "way/535309935",
        "addr:city": "Yogyakarta",
        "addr:country": "ID",
        "addr:district": "Pakualaman",
        "addr:street": "Jalan Sultan Agung",
        "amenity": "restaurant",
        "building": "yes",
        "name": "Depot Dahar \"Bu Tuk\""
      },
      "geometry": {
        "type": "Polygon",
        "coordinates": [
          [
            [
              110.3782514,
              -7.8018629
            ],
            [
              110.3782465,
              -7.8020134
            ],
            [
              110.3782975,
              -7.802015
            ],
            [
              110.3783024,
              -7.8018645
            ],
            [
              110.3782514,
              -7.8018629
            ]
          ]
        ]
      },
      "id": "way/535309935"
    },
    {
      "type": "Feature",
      "properties": {
        "@id": "way/536690271",
        "amenity": "restaurant",
        "building": "yes",
        "name": "Pondok Bakaran - Giwangan"
      },
      "geometry": {
        "type": "Polygon",
        "coordinates": [
          [
            [
              110.3900268,
              -7.8297161
            ],
            [
              110.3900238,
              -7.8298022
            ],
            [
              110.3902033,
              -7.8298084
            ],
            [
              110.3902063,
              -7.8297222
            ],
            [
              110.3900268,
              -7.8297161
            ]
          ]
        ]
      },
      "id": "way/536690271"
    },
    {
      "type": "Feature",
      "properties": {
        "@id": "way/537307595",
        "amenity": "restaurant",
        "building": "yes",
        "cuisine": "regional",
        "name": "Burjo Kidul",
        "outdoor_seating": "yes",
        "smoking": "outside"
      },
      "geometry": {
        "type": "Polygon",
        "coordinates": [
          [
            [
              110.3519525,
              -7.7801666
            ],
            [
              110.3520292,
              -7.7802001
            ],
            [
              110.3520709,
              -7.7801061
            ],
            [
              110.3519418,
              -7.7800498
            ],
            [
              110.3519199,
              -7.780099
            ],
            [
              110.3519724,
              -7.7801218
            ],
            [
              110.3519525,
              -7.7801666
            ]
          ]
        ]
      },
      "id": "way/537307595"
    },
    {
      "type": "Feature",
      "properties": {
        "@id": "way/551790462",
        "amenity": "restaurant",
        "building": "yes",
        "name": "Padang Murah Meriah"
      },
      "geometry": {
        "type": "Polygon",
        "coordinates": [
          [
            [
              110.3752789,
              -7.7623724
            ],
            [
              110.3753326,
              -7.7623897
            ],
            [
              110.3753962,
              -7.7621957
            ],
            [
              110.3753426,
              -7.7621784
            ],
            [
              110.3752789,
              -7.7623724
            ]
          ]
        ]
      },
      "id": "way/551790462"
    },
    {
      "type": "Feature",
      "properties": {
        "@id": "way/552836447",
        "addr:city": "Sleman",
        "addr:housenumber": "8",
        "addr:street": "Jalan Palagan Tentara Pelajar",
        "amenity": "restaurant",
        "building": "yes",
        "cuisine": "regional",
        "name": "Little Goo Eatery & Playzone"
      },
      "geometry": {
        "type": "Polygon",
        "coordinates": [
          [
            [
              110.3801031,
              -7.7280325
            ],
            [
              110.3800705,
              -7.7281837
            ],
            [
              110.3799736,
              -7.7284123
            ],
            [
              110.3801458,
              -7.7284493
            ],
            [
              110.380358,
              -7.7285309
            ],
            [
              110.3804563,
              -7.7283099
            ],
            [
              110.380479,
              -7.7282582
            ],
            [
              110.3804983,
              -7.7282166
            ],
            [
              110.3803455,
              -7.7281249
            ],
            [
              110.3801031,
              -7.7280325
            ]
          ]
        ]
      },
      "id": "way/552836447"
    },
    {
      "type": "Feature",
      "properties": {
        "@id": "way/553202697",
        "amenity": "restaurant",
        "building": "yes",
        "name": "Yaaang Ti",
        "phone": "+628125512381;+6287729197553",
        "website": "http://restoyangti.com"
      },
      "geometry": {
        "type": "Polygon",
        "coordinates": [
          [
            [
              110.4266378,
              -7.6165327
            ],
            [
              110.4264291,
              -7.6165226
            ],
            [
              110.4264153,
              -7.6167993
            ],
            [
              110.426632,
              -7.6168099
            ],
            [
              110.4266362,
              -7.6167248
            ],
            [
              110.4267547,
              -7.6167306
            ],
            [
              110.4267676,
              -7.6164705
            ],
            [
              110.4266412,
              -7.6164643
            ],
            [
              110.4266378,
              -7.6165327
            ]
          ]
        ]
      },
      "id": "way/553202697"
    },
    {
      "type": "Feature",
      "properties": {
        "@id": "way/553215204",
        "addr:city": "Sleman",
        "addr:district": "Pakem",
        "addr:postcode": "55582",
        "addr:province": "Special Region Of Yogyakarta",
        "addr:subdistrict": "Purwobinangun",
        "amenity": "restaurant",
        "building": "yes",
        "contact:instagram": "https://instagram.com/kalurasecretgarden/",
        "cuisine": "indonesian",
        "diet:halal": "yes",
        "name": "Kalura Secret Garden",
        "phone": "+6285155044033",
        "website": "https://kalura.id",
        "website:menu": "https://kalura.id/menu/"
      },
      "geometry": {
        "type": "Polygon",
        "coordinates": [
          [
            [
              110.4129532,
              -7.6201482
            ],
            [
              110.4128975,
              -7.6202334
            ],
            [
              110.4130889,
              -7.6203343
            ],
            [
              110.4131353,
              -7.6202369
            ],
            [
              110.4129532,
              -7.6201482
            ]
          ]
        ]
      },
      "id": "way/553215204"
    },
    {
      "type": "Feature",
      "properties": {
        "@id": "way/587103182",
        "amenity": "restaurant",
        "building": "yes",
        "name": "Skiph"
      },
      "geometry": {
        "type": "Polygon",
        "coordinates": [
          [
            [
              110.2231361,
              -7.6946447
            ],
            [
              110.2232891,
              -7.6946545
            ],
            [
              110.2232953,
              -7.6945589
            ],
            [
              110.2231423,
              -7.6945491
            ],
            [
              110.2231361,
              -7.6946447
            ]
          ]
        ]
      },
      "id": "way/587103182"
    },
    {
      "type": "Feature",
      "properties": {
        "@id": "way/610097690",
        "amenity": "restaurant",
        "building": "yes",
        "name": "Warmindo Ardhana",
        "opening_hours": "Mo-Su 09:00-22:00"
      },
      "geometry": {
        "type": "Polygon",
        "coordinates": [
          [
            [
              110.3864156,
              -7.7903138
            ],
            [
              110.3863921,
              -7.7904626
            ],
            [
              110.3865476,
              -7.7904867
            ],
            [
              110.3865588,
              -7.7904158
            ],
            [
              110.3864773,
              -7.7904032
            ],
            [
              110.3864896,
              -7.7903252
            ],
            [
              110.3864156,
              -7.7903138
            ]
          ]
        ]
      },
      "id": "way/610097690"
    },
    {
      "type": "Feature",
      "properties": {
        "@id": "way/610474009",
        "access:roof": "no",
        "amenity": "restaurant",
        "building": "yes",
        "building:levels": "1",
        "building:roof": "tile",
        "building:structure": "unreinforced_masonry",
        "building:walls": "brick",
        "name": "Warung Bu Pon"
      },
      "geometry": {
        "type": "Polygon",
        "coordinates": [
          [
            [
              110.3433417,
              -7.8128521
            ],
            [
              110.3433224,
              -7.8129223
            ],
            [
              110.3435343,
              -7.8129794
            ],
            [
              110.3435536,
              -7.8129093
            ],
            [
              110.3433417,
              -7.8128521
            ]
          ]
        ]
      },
      "id": "way/610474009"
    },
    {
      "type": "Feature",
      "properties": {
        "@id": "way/610478083",
        "amenity": "restaurant",
        "building": "yes",
        "cuisine": "gudeg",
        "name": "Gudeg Djoyo",
        "opening_hours": "24/7",
        "phone": "+62 274 7027 556"
      },
      "geometry": {
        "type": "Polygon",
        "coordinates": [
          [
            [
              110.4022805,
              -7.8036341
            ],
            [
              110.4022827,
              -7.8037172
            ],
            [
              110.4023826,
              -7.8037146
            ],
            [
              110.4023804,
              -7.8036315
            ],
            [
              110.4022805,
              -7.8036341
            ]
          ]
        ]
      },
      "id": "way/610478083"
    },
    {
      "type": "Feature",
      "properties": {
        "@id": "way/611054366",
        "amenity": "restaurant",
        "name": "Volcano"
      },
      "geometry": {
        "type": "Polygon",
        "coordinates": [
          [
            [
              110.3649443,
              -7.7914889
            ],
            [
              110.3649427,
              -7.7916547
            ],
            [
              110.3651012,
              -7.7916563
            ],
            [
              110.3651029,
              -7.7914905
            ],
            [
              110.3649443,
              -7.7914889
            ]
          ]
        ]
      },
      "id": "way/611054366"
    },
    {
      "type": "Feature",
      "properties": {
        "@id": "way/611099719",
        "amenity": "restaurant",
        "building": "yes",
        "name": "Rocket Chicken"
      },
      "geometry": {
        "type": "Polygon",
        "coordinates": [
          [
            [
              110.4006293,
              -7.8211561
            ],
            [
              110.4006183,
              -7.8212165
            ],
            [
              110.400802,
              -7.8212491
            ],
            [
              110.4008129,
              -7.8211886
            ],
            [
              110.4006293,
              -7.8211561
            ]
          ]
        ]
      },
      "id": "way/611099719"
    },
    {
      "type": "Feature",
      "properties": {
        "@id": "way/612896197",
        "amenity": "restaurant",
        "building": "yes",
        "cuisine": "asian;barbecue;chicken;chinese;coffee_shop;curry",
        "name": "Resto PKL Mrican",
        "name:en": "PKL Street food court"
      },
      "geometry": {
        "type": "Polygon",
        "coordinates": [
          [
            [
              110.3937595,
              -7.7755476
            ],
            [
              110.3937405,
              -7.7756563
            ],
            [
              110.3939558,
              -7.7756933
            ],
            [
              110.3939748,
              -7.7755845
            ],
            [
              110.3937595,
              -7.7755476
            ]
          ]
        ]
      },
      "id": "way/612896197"
    },
    {
      "type": "Feature",
      "properties": {
        "@id": "way/613196349",
        "amenity": "restaurant",
        "building": "yes",
        "name": "Rumah Makan Lestari"
      },
      "geometry": {
        "type": "Polygon",
        "coordinates": [
          [
            [
              110.4044908,
              -7.7817187
            ],
            [
              110.4044868,
              -7.7818981
            ],
            [
              110.4048837,
              -7.7819083
            ],
            [
              110.4048925,
              -7.7817126
            ],
            [
              110.404546,
              -7.7817065
            ],
            [
              110.4045447,
              -7.7817195
            ],
            [
              110.4044908,
              -7.7817187
            ]
          ]
        ]
      },
      "id": "way/613196349"
    },
    {
      "type": "Feature",
      "properties": {
        "@id": "way/613242678",
        "amenity": "restaurant",
        "building": "yes",
        "name": "Warung Makan Mbak Elly"
      },
      "geometry": {
        "type": "Polygon",
        "coordinates": [
          [
            [
              110.3230476,
              -7.6463906
            ],
            [
              110.3230626,
              -7.6464199
            ],
            [
              110.3231521,
              -7.6463782
            ],
            [
              110.3231358,
              -7.6463484
            ],
            [
              110.3230476,
              -7.6463906
            ]
          ]
        ]
      },
      "id": "way/613242678"
    },
    {
      "type": "Feature",
      "properties": {
        "@id": "way/613603900",
        "amenity": "restaurant",
        "building": "yes",
        "name": "Rocket Chicken"
      },
      "geometry": {
        "type": "Polygon",
        "coordinates": [
          [
            [
              110.4679257,
              -7.7715824
            ],
            [
              110.4680022,
              -7.7715039
            ],
            [
              110.4679208,
              -7.771426
            ],
            [
              110.4678443,
              -7.7715044
            ],
            [
              110.4679257,
              -7.7715824
            ]
          ]
        ]
      },
      "id": "way/613603900"
    },
    {
      "type": "Feature",
      "properties": {
        "@id": "way/613716748",
        "amenity": "restaurant",
        "building": "yes",
        "name": "Bakso Super Jepang"
      },
      "geometry": {
        "type": "Polygon",
        "coordinates": [
          [
            [
              110.454766,
              -7.7790683
            ],
            [
              110.4547658,
              -7.7791345
            ],
            [
              110.4547927,
              -7.7791341
            ],
            [
              110.4547934,
              -7.7791762
            ],
            [
              110.4548827,
              -7.7791773
            ],
            [
              110.4548834,
              -7.779092
            ],
            [
              110.4548668,
              -7.7790917
            ],
            [
              110.4548676,
              -7.7790702
            ],
            [
              110.454766,
              -7.7790683
            ]
          ]
        ]
      },
      "id": "way/613716748"
    },
    {
      "type": "Feature",
      "properties": {
        "@id": "way/613716759",
        "amenity": "restaurant",
        "building": "yes",
        "name": "Soto dan Ayam Goreng Mekar Jaya"
      },
      "geometry": {
        "type": "Polygon",
        "coordinates": [
          [
            [
              110.4551098,
              -7.7788017
            ],
            [
              110.4550726,
              -7.7789218
            ],
            [
              110.4552375,
              -7.7789656
            ],
            [
              110.4553192,
              -7.7789176
            ],
            [
              110.4553137,
              -7.7788323
            ],
            [
              110.4552624,
              -7.7788292
            ],
            [
              110.455259,
              -7.7788388
            ],
            [
              110.4551098,
              -7.7788017
            ]
          ]
        ]
      },
      "id": "way/613716759"
    },
    {
      "type": "Feature",
      "properties": {
        "@id": "way/614626831",
        "addr:full": "Jalan Parangtritis KM.22",
        "amenity": "restaurant",
        "building": "yes",
        "name": "Sate Kambing Yu Yah"
      },
      "geometry": {
        "type": "Polygon",
        "coordinates": [
          [
            [
              110.316772,
              -7.9798527
            ],
            [
              110.316771,
              -7.979922
            ],
            [
              110.3169091,
              -7.9799239
            ],
            [
              110.3169101,
              -7.9798546
            ],
            [
              110.316772,
              -7.9798527
            ]
          ]
        ]
      },
      "id": "way/614626831"
    },
    {
      "type": "Feature",
      "properties": {
        "@id": "way/632172352",
        "addr:city": "Yogyakarta",
        "addr:district": "Umbulharjo",
        "addr:housenumber": "35D",
        "addr:postcode": "55182",
        "addr:province": "Yogyakarta",
        "addr:street": "Jalan Perintis Kemerdekaan",
        "addr:subdistrict": "Pandeyan",
        "amenity": "restaurant",
        "building": "yes",
        "cuisine": "korean;streetfood",
        "name": "Grobbak Korea Jogja"
      },
      "geometry": {
        "type": "Polygon",
        "coordinates": [
          [
            [
              110.3894226,
              -7.8175597
            ],
            [
              110.3894182,
              -7.8176408
            ],
            [
              110.3895113,
              -7.8176457
            ],
            [
              110.3895157,
              -7.8175646
            ],
            [
              110.3894226,
              -7.8175597
            ]
          ]
        ]
      },
      "id": "way/632172352"
    },
    {
      "type": "Feature",
      "properties": {
        "@id": "way/637400994",
        "addr:city": "kulonprogo",
        "addr:housenumber": "34",
        "addr:postcode": "551990",
        "addr:street": "Jalan Wates",
        "amenity": "restaurant",
        "building": "yes",
        "capacity": "100",
        "cuisine": "regional",
        "delivery": "yes",
        "ele": "2",
        "name": "rumah makan bu darmi",
        "opening_hours": "Mo-Sa 08:00-20:00",
        "outdoor_seating": "yes",
        "smoking": "yes",
        "takeaway": "yes"
      },
      "geometry": {
        "type": "Polygon",
        "coordinates": [
          [
            [
              110.2312237,
              -7.8240139
            ],
            [
              110.2309528,
              -7.8242318
            ],
            [
              110.2310521,
              -7.8243647
            ],
            [
              110.2313471,
              -7.8241707
            ],
            [
              110.2312237,
              -7.8240139
            ]
          ]
        ]
      },
      "id": "way/637400994"
    },
    {
      "type": "Feature",
      "properties": {
        "@id": "way/637408447",
        "addr:city": "kulon progo",
        "addr:housenumber": "200",
        "addr:street": "Jalan Wates",
        "amenity": "restaurant",
        "building": "yes",
        "capacity": "25",
        "cuisine": "regional;coffee_shop",
        "name": "burjo",
        "opening_hours": "24/7",
        "outdoor_seating": "yes",
        "smoking": "yes",
        "takeaway": "yes"
      },
      "geometry": {
        "type": "Polygon",
        "coordinates": [
          [
            [
              110.2271282,
              -7.8260316
            ],
            [
              110.2271014,
              -7.8263664
            ],
            [
              110.2272194,
              -7.8263824
            ],
            [
              110.2273053,
              -7.8260422
            ],
            [
              110.2271282,
              -7.8260316
            ]
          ]
        ]
      },
      "id": "way/637408447"
    },
    {
      "type": "Feature",
      "properties": {
        "@id": "way/660415660",
        "amenity": "restaurant",
        "building": "yes",
        "name": "Mie Ayam Bakso"
      },
      "geometry": {
        "type": "Polygon",
        "coordinates": [
          [
            [
              110.5921085,
              -7.8431444
            ],
            [
              110.5921823,
              -7.8431497
            ],
            [
              110.5921896,
              -7.8430504
            ],
            [
              110.5921158,
              -7.8430451
            ],
            [
              110.5921085,
              -7.8431444
            ]
          ]
        ]
      },
      "id": "way/660415660"
    },
    {
      "type": "Feature",
      "properties": {
        "@id": "way/660453556",
        "amenity": "restaurant",
        "building": "yes",
        "name": "Kantin Polbangtan"
      },
      "geometry": {
        "type": "Polygon",
        "coordinates": [
          [
            [
              110.3824436,
              -7.8036874
            ],
            [
              110.3824436,
              -7.8040423
            ],
            [
              110.3826269,
              -7.8040423
            ],
            [
              110.3826269,
              -7.8036874
            ],
            [
              110.3824436,
              -7.8036874
            ]
          ]
        ]
      },
      "id": "way/660453556"
    },
    {
      "type": "Feature",
      "properties": {
        "@id": "way/668606146",
        "amenity": "restaurant",
        "building": "yes",
        "name": "Nasi Bali Bimakroda"
      },
      "geometry": {
        "type": "Polygon",
        "coordinates": [
          [
            [
              110.4030906,
              -7.7931344
            ],
            [
              110.4030708,
              -7.793191
            ],
            [
              110.4032062,
              -7.7932375
            ],
            [
              110.403226,
              -7.7931809
            ],
            [
              110.4030906,
              -7.7931344
            ]
          ]
        ]
      },
      "id": "way/668606146"
    },
    {
      "type": "Feature",
      "properties": {
        "@id": "way/721516474",
        "air_conditioning": "no",
        "amenity": "restaurant",
        "building": "yes",
        "cuisine": "noodle",
        "name": "Mie Ayam Afui"
      },
      "geometry": {
        "type": "Polygon",
        "coordinates": [
          [
            [
              110.3779354,
              -7.7636065
            ],
            [
              110.3778919,
              -7.7637308
            ],
            [
              110.3779328,
              -7.7637448
            ],
            [
              110.3779763,
              -7.7636206
            ],
            [
              110.3779354,
              -7.7636065
            ]
          ]
        ]
      },
      "id": "way/721516474"
    },
    {
      "type": "Feature",
      "properties": {
        "@id": "way/721516479",
        "amenity": "restaurant",
        "building": "yes",
        "name": "Nasi Goreng Bu Minah"
      },
      "geometry": {
        "type": "Polygon",
        "coordinates": [
          [
            [
              110.3749724,
              -7.7625448
            ],
            [
              110.3749578,
              -7.7625849
            ],
            [
              110.3750197,
              -7.7626071
            ],
            [
              110.3750344,
              -7.762567
            ],
            [
              110.3749724,
              -7.7625448
            ]
          ]
        ]
      },
      "id": "way/721516479"
    },
    {
      "type": "Feature",
      "properties": {
        "@id": "way/767678135",
        "amenity": "restaurant",
        "building": "yes",
        "cuisine": "taiwanese",
        "name": "Capitea"
      },
      "geometry": {
        "type": "Polygon",
        "coordinates": [
          [
            [
              110.3925967,
              -7.7780676
            ],
            [
              110.3925808,
              -7.7781202
            ],
            [
              110.3926635,
              -7.7781447
            ],
            [
              110.3926794,
              -7.7780921
            ],
            [
              110.3925967,
              -7.7780676
            ]
          ]
        ]
      },
      "id": "way/767678135"
    },
    {
      "type": "Feature",
      "properties": {
        "@id": "way/767678136",
        "amenity": "restaurant",
        "building": "yes",
        "cuisine": "noodle;ramen",
        "name": "Hakata Ikkousha",
        "opening_hours": "Mo-Su 11:00-22:00"
      },
      "geometry": {
        "type": "Polygon",
        "coordinates": [
          [
            [
              110.3926,
              -7.7780617
            ],
            [
              110.3926811,
              -7.7780875
            ],
            [
              110.3926954,
              -7.7780432
            ],
            [
              110.3926143,
              -7.7780174
            ],
            [
              110.3926,
              -7.7780617
            ]
          ]
        ]
      },
      "id": "way/767678136"
    },
    {
      "type": "Feature",
      "properties": {
        "@id": "way/767678137",
        "amenity": "restaurant",
        "brand": "Loving Hut",
        "brand:wikidata": "Q3491655",
        "brand:wikipedia": "en:Loving Hut",
        "building": "yes",
        "cuisine": "international",
        "diet:vegan": "only",
        "diet:vegetarian": "only",
        "name": "Loving Hut"
      },
      "geometry": {
        "type": "Polygon",
        "coordinates": [
          [
            [
              110.3926172,
              -7.778009
            ],
            [
              110.392697,
              -7.778036
            ],
            [
              110.3927075,
              -7.7780054
            ],
            [
              110.3926277,
              -7.7779785
            ],
            [
              110.3926172,
              -7.778009
            ]
          ]
        ]
      },
      "id": "way/767678137"
    },
    {
      "type": "Feature",
      "properties": {
        "@id": "way/790463733",
        "amenity": "restaurant",
        "building": "yes",
        "cuisine": "satay",
        "name": "Kitakita"
      },
      "geometry": {
        "type": "Polygon",
        "coordinates": [
          [
            [
              110.4152031,
              -7.821488
            ],
            [
              110.4151759,
              -7.8215964
            ],
            [
              110.4152842,
              -7.8216232
            ],
            [
              110.4153115,
              -7.8215147
            ],
            [
              110.4152031,
              -7.821488
            ]
          ]
        ]
      },
      "id": "way/790463733"
    },
    {
      "type": "Feature",
      "properties": {
        "@id": "way/797060987",
        "amenity": "restaurant",
        "building": "yes",
        "cuisine": "noodle",
        "name": "Gubug Bakmi Pendowo"
      },
      "geometry": {
        "type": "Polygon",
        "coordinates": [
          [
            [
              110.4142532,
              -7.8247135
            ],
            [
              110.4142434,
              -7.8247593
            ],
            [
              110.4143156,
              -7.8247746
            ],
            [
              110.4143255,
              -7.8247288
            ],
            [
              110.4142532,
              -7.8247135
            ]
          ]
        ]
      },
      "id": "way/797060987"
    },
    {
      "type": "Feature",
      "properties": {
        "@id": "way/822256614",
        "amenity": "restaurant",
        "building": "yes",
        "cuisine": "regional;tahuleg;gado-gado",
        "diet:halal": "yes",
        "diet:meat": "yes",
        "diet:vegetarian": "yes",
        "name": "Tahuleg Bu Setun Sudi Mampir",
        "opening_hours": "Mo-Su 09:00-04:00",
        "wheelchair": "no"
      },
      "geometry": {
        "type": "Polygon",
        "coordinates": [
          [
            [
              110.1151224,
              -7.8057547
            ],
            [
              110.1150846,
              -7.8058439
            ],
            [
              110.1151424,
              -7.8058679
            ],
            [
              110.1151801,
              -7.8057788
            ],
            [
              110.1151224,
              -7.8057547
            ]
          ]
        ]
      },
      "id": "way/822256614"
    },
    {
      "type": "Feature",
      "properties": {
        "@id": "way/848251039",
        "addr:city": "Sleman",
        "addr:postcode": "55284",
        "addr:street": "Gang Sitisonya",
        "amenity": "restaurant",
        "building": "yes",
        "cuisine": "regional;french",
        "diet:egg_free": "yes",
        "name": "Tahu Go",
        "opening_hours": "Mo-Su 08:00-22:00"
      },
      "geometry": {
        "type": "Polygon",
        "coordinates": [
          [
            [
              110.3785192,
              -7.7623714
            ],
            [
              110.3785145,
              -7.7624141
            ],
            [
              110.3785731,
              -7.7624248
            ],
            [
              110.3785762,
              -7.7623805
            ],
            [
              110.3785192,
              -7.7623714
            ]
          ]
        ]
      },
      "id": "way/848251039"
    },
    {
      "type": "Feature",
      "properties": {
        "@id": "way/848251040",
        "addr:city": "Sleman",
        "addr:postcode": "55284",
        "addr:street": "Gang Sitisonya",
        "amenity": "restaurant",
        "building": "yes",
        "cuisine": "regional;chicken",
        "description": "fast food (french)",
        "name": "Bungong Jeumpa",
        "opening_hours": "Mo-Fr 09:00-17:00"
      },
      "geometry": {
        "type": "Polygon",
        "coordinates": [
          [
            [
              110.3785299,
              -7.7623134
            ],
            [
              110.3785238,
              -7.7623393
            ],
            [
              110.3785654,
              -7.7623469
            ],
            [
              110.3785715,
              -7.7623225
            ],
            [
              110.3785299,
              -7.7623134
            ]
          ]
        ]
      },
      "id": "way/848251040"
    },
    {
      "type": "Feature",
      "properties": {
        "@id": "way/850127171",
        "amenity": "restaurant",
        "building": "yes",
        "name": "Kedaiku"
      },
      "geometry": {
        "type": "Polygon",
        "coordinates": [
          [
            [
              110.3735702,
              -7.7633302
            ],
            [
              110.3735916,
              -7.7635262
            ],
            [
              110.3736412,
              -7.7635209
            ],
            [
              110.3736198,
              -7.7633249
            ],
            [
              110.3735702,
              -7.7633302
            ]
          ]
        ]
      },
      "id": "way/850127171"
    },
    {
      "type": "Feature",
      "properties": {
        "@id": "way/866190899",
        "amenity": "restaurant",
        "building": "yes",
        "cuisine": "indonesian",
        "name": "Rumah Makan Pandansari"
      },
      "geometry": {
        "type": "Polygon",
        "coordinates": [
          [
            [
              110.0611693,
              -7.8861888
            ],
            [
              110.0612518,
              -7.8862209
            ],
            [
              110.06139,
              -7.8858729
            ],
            [
              110.0613074,
              -7.8858407
            ],
            [
              110.0611693,
              -7.8861888
            ]
          ]
        ]
      },
      "id": "way/866190899"
    },
    {
      "type": "Feature",
      "properties": {
        "@id": "way/874096406",
        "amenity": "restaurant",
        "building": "yes"
      },
      "geometry": {
        "type": "Polygon",
        "coordinates": [
          [
            [
              110.1162805,
              -7.8124274
            ],
            [
              110.1162881,
              -7.8124768
            ],
            [
              110.1163333,
              -7.8124693
            ],
            [
              110.1163355,
              -7.8124815
            ],
            [
              110.1163614,
              -7.812477
            ],
            [
              110.1163507,
              -7.8124161
            ],
            [
              110.1162805,
              -7.8124274
            ]
          ]
        ]
      },
      "id": "way/874096406"
    },
    {
      "type": "Feature",
      "properties": {
        "@id": "way/874096407",
        "amenity": "restaurant",
        "building": "yes",
        "name": "Mie Ayam Ceker dan Bakso Mr. Kiting",
        "opening_hours": "Mo-Su 10:00-18:00"
      },
      "geometry": {
        "type": "Polygon",
        "coordinates": [
          [
            [
              110.1163663,
              -7.8124691
            ],
            [
              110.1164581,
              -7.8124613
            ],
            [
              110.1164548,
              -7.8124227
            ],
            [
              110.116363,
              -7.8124305
            ],
            [
              110.1163663,
              -7.8124691
            ]
          ]
        ]
      },
      "id": "way/874096407"
    },
    {
      "type": "Feature",
      "properties": {
        "@id": "way/896258275",
        "amenity": "restaurant",
        "cuisine": "fish",
        "name": "Selo Karang",
        "takeaway": "yes",
        "tourism": "guest_house"
      },
      "geometry": {
        "type": "Polygon",
        "coordinates": [
          [
            [
              110.3380014,
              -8.0267396
            ],
            [
              110.3376842,
              -8.0273644
            ],
            [
              110.3378208,
              -8.0274041
            ],
            [
              110.3381355,
              -8.0267993
            ],
            [
              110.3380014,
              -8.0267396
            ]
          ]
        ]
      },
      "id": "way/896258275"
    },
    {
      "type": "Feature",
      "properties": {
        "@id": "way/901039211",
        "amenity": "restaurant",
        "contact:instagram": "watulangitjogjaa",
        "contact:phone": "+62 87738863338",
        "cuisine": "regional",
        "internet_access": "wlan",
        "internet_access:fee": "no",
        "name": "Watu Langit",
        "outdoor_seating": "yes",
        "toilets:access": "customers"
      },
      "geometry": {
        "type": "Polygon",
        "coordinates": [
          [
            [
              110.5184833,
              -7.7910254
            ],
            [
              110.518367,
              -7.7911982
            ],
            [
              110.5183882,
              -7.7914334
            ],
            [
              110.5186074,
              -7.7911795
            ],
            [
              110.5187618,
              -7.7914658
            ],
            [
              110.5190003,
              -7.7914951
            ],
            [
              110.519064,
              -7.7911994
            ],
            [
              110.5189007,
              -7.7910086
            ],
            [
              110.5186612,
              -7.7909098
            ],
            [
              110.5184833,
              -7.7910254
            ]
          ]
        ]
      },
      "id": "way/901039211"
    },
    {
      "type": "Feature",
      "properties": {
        "@id": "way/901998672",
        "amenity": "restaurant",
        "contact:email": "kopiklotokmenoreh@gmail.com",
        "contact:facebook": "https://www.facebook.com/KopiKlotokMenoreh",
        "contact:instagram": "kopiklotok_menoreh",
        "name": "Kopi Klotok Menoreh",
        "phone": "+62 882-1594-1154"
      },
      "geometry": {
        "type": "Polygon",
        "coordinates": [
          [
            [
              110.1971187,
              -7.7505701
            ],
            [
              110.1971424,
              -7.7503976
            ],
            [
              110.1970181,
              -7.7503966
            ],
            [
              110.1969904,
              -7.7505505
            ],
            [
              110.1971187,
              -7.7505701
            ]
          ]
        ]
      },
      "id": "way/901998672"
    },
    {
      "type": "Feature",
      "properties": {
        "@id": "way/914191428",
        "amenity": "restaurant",
        "check_date": "2025-07-17",
        "contact:instagram": "secretgardenjogja",
        "contact:whatsapp": "081227752899",
        "name": "Secret Garden Jogja"
      },
      "geometry": {
        "type": "Polygon",
        "coordinates": [
          [
            [
              110.3541002,
              -7.8001112
            ],
            [
              110.3540872,
              -7.8002736
            ],
            [
              110.3540759,
              -7.800429
            ],
            [
              110.3542516,
              -7.8004363
            ],
            [
              110.3542636,
              -7.8002503
            ],
            [
              110.3542837,
              -7.800249
            ],
            [
              110.3543226,
              -7.8000603
            ],
            [
              110.3540826,
              -7.8000344
            ],
            [
              110.3541002,
              -7.8001112
            ]
          ]
        ]
      },
      "id": "way/914191428"
    },
    {
      "type": "Feature",
      "properties": {
        "@id": "way/914330485",
        "amenity": "restaurant"
      },
      "geometry": {
        "type": "Polygon",
        "coordinates": [
          [
            [
              110.3407538,
              -7.6306733
            ],
            [
              110.3407807,
              -7.6306476
            ],
            [
              110.3405928,
              -7.6304548
            ],
            [
              110.3405659,
              -7.6304806
            ],
            [
              110.3407538,
              -7.6306733
            ]
          ]
        ]
      },
      "id": "way/914330485"
    },
    {
      "type": "Feature",
      "properties": {
        "@id": "way/914330486",
        "amenity": "restaurant"
      },
      "geometry": {
        "type": "Polygon",
        "coordinates": [
          [
            [
              110.3408052,
              -7.6306191
            ],
            [
              110.3408321,
              -7.6305933
            ],
            [
              110.3406442,
              -7.6304006
            ],
            [
              110.3406173,
              -7.6304263
            ],
            [
              110.3408052,
              -7.6306191
            ]
          ]
        ]
      },
      "id": "way/914330486"
    },
    {
      "type": "Feature",
      "properties": {
        "@id": "way/943499951",
        "amenity": "restaurant",
        "building": "yes"
      },
      "geometry": {
        "type": "Polygon",
        "coordinates": [
          [
            [
              110.2368969,
              -7.8069409
            ],
            [
              110.2369612,
              -7.8069688
            ],
            [
              110.2371449,
              -7.8065529
            ],
            [
              110.2370805,
              -7.806525
            ],
            [
              110.2368969,
              -7.8069409
            ]
          ]
        ]
      },
      "id": "way/943499951"
    },
    {
      "type": "Feature",
      "properties": {
        "@id": "way/943501570",
        "amenity": "restaurant",
        "contact:instagram": "rajaklanaresto",
        "contact:website": "https://www.rajaklana.com",
        "cuisine": "indonesian",
        "name": "Rajaklana Resto"
      },
      "geometry": {
        "type": "Polygon",
        "coordinates": [
          [
            [
              110.2874082,
              -7.82946
            ],
            [
              110.2875115,
              -7.8297775
            ],
            [
              110.2873613,
              -7.8301429
            ],
            [
              110.2877609,
              -7.8303608
            ],
            [
              110.288005,
              -7.8299423
            ],
            [
              110.2879956,
              -7.8294068
            ],
            [
              110.2874082,
              -7.82946
            ]
          ]
        ]
      },
      "id": "way/943501570"
    },
    {
      "type": "Feature",
      "properties": {
        "@id": "way/951717293",
        "amenity": "restaurant",
        "building": "yes",
        "name": "Resto HeHa sky view",
        "tourism": "attraction"
      },
      "geometry": {
        "type": "Polygon",
        "coordinates": [
          [
            [
              110.4785756,
              -7.8485852
            ],
            [
              110.4786058,
              -7.8485839
            ],
            [
              110.4786344,
              -7.8485743
            ],
            [
              110.4786591,
              -7.8485571
            ],
            [
              110.4786779,
              -7.8485337
            ],
            [
              110.4786892,
              -7.848506
            ],
            [
              110.4786923,
              -7.8484762
            ],
            [
              110.4786867,
              -7.8484468
            ],
            [
              110.478673,
              -7.8484201
            ],
            [
              110.4786523,
              -7.8483983
            ],
            [
              110.4786262,
              -7.8483832
            ],
            [
              110.4785969,
              -7.848376
            ],
            [
              110.4785667,
              -7.8483773
            ],
            [
              110.4785381,
              -7.8483869
            ],
            [
              110.4785134,
              -7.8484041
            ],
            [
              110.4784946,
              -7.8484276
            ],
            [
              110.4784833,
              -7.8484553
            ],
            [
              110.4784802,
              -7.848485
            ],
            [
              110.4784858,
              -7.8485145
            ],
            [
              110.4784995,
              -7.8485411
            ],
            [
              110.4785202,
              -7.8485629
            ],
            [
              110.4785463,
              -7.848578
            ],
            [
              110.4785756,
              -7.8485852
            ]
          ]
        ]
      },
      "id": "way/951717293"
    },
    {
      "type": "Feature",
      "properties": {
        "@id": "way/952726464",
        "amenity": "restaurant",
        "building": "yes",
        "name": "Kantin FIAI",
        "smoking": "outside"
      },
      "geometry": {
        "type": "Polygon",
        "coordinates": [
          [
            [
              110.4097448,
              -7.6871726
            ],
            [
              110.4097991,
              -7.6871877
            ],
            [
              110.4098207,
              -7.687111
            ],
            [
              110.4097664,
              -7.687096
            ],
            [
              110.4097448,
              -7.6871726
            ]
          ]
        ]
      },
      "id": "way/952726464"
    },
    {
      "type": "Feature",
      "properties": {
        "@id": "way/967193403",
        "amenity": "restaurant",
        "building": "yes",
        "description": "warung jual makanan"
      },
      "geometry": {
        "type": "Polygon",
        "coordinates": [
          [
            [
              110.4548858,
              -7.5773772
            ],
            [
              110.4549568,
              -7.5773722
            ],
            [
              110.4549461,
              -7.5772246
            ],
            [
              110.4548751,
              -7.5772296
            ],
            [
              110.4548858,
              -7.5773772
            ]
          ]
        ]
      },
      "id": "way/967193403"
    },
    {
      "type": "Feature",
      "properties": {
        "@id": "way/967193405",
        "amenity": "restaurant",
        "building": "yes",
        "description": "Warung jual makanan.",
        "layer": "-1"
      },
      "geometry": {
        "type": "Polygon",
        "coordinates": [
          [
            [
              110.4548664,
              -7.5777194
            ],
            [
              110.4549267,
              -7.5777152
            ],
            [
              110.4549077,
              -7.5774954
            ],
            [
              110.4548719,
              -7.5774566
            ],
            [
              110.454839,
              -7.577458
            ],
            [
              110.4548664,
              -7.5777194
            ]
          ]
        ]
      },
      "id": "way/967193405"
    },
    {
      "type": "Feature",
      "properties": {
        "@id": "way/1007121015",
        "addr:street": "Jalan Magelang",
        "amenity": "restaurant",
        "building": "commercial",
        "cuisine": "asian",
        "name": "kenes"
      },
      "geometry": {
        "type": "Polygon",
        "coordinates": [
          [
            [
              110.3624297,
              -7.7581309
            ],
            [
              110.3624256,
              -7.7582318
            ],
            [
              110.3626654,
              -7.7582362
            ],
            [
              110.3628015,
              -7.7582387
            ],
            [
              110.3628043,
              -7.758135
            ],
            [
              110.3624297,
              -7.7581309
            ]
          ]
        ]
      },
      "id": "way/1007121015"
    },
    {
      "type": "Feature",
      "properties": {
        "@id": "way/1012999299",
        "amenity": "restaurant",
        "building": "yes",
        "cuisine": "asian",
        "name": "Duta Minang"
      },
      "geometry": {
        "type": "Polygon",
        "coordinates": [
          [
            [
              110.4139543,
              -7.78294
            ],
            [
              110.4138561,
              -7.7829235
            ],
            [
              110.4138137,
              -7.7831712
            ],
            [
              110.413872,
              -7.783181
            ],
            [
              110.4139073,
              -7.782975
            ],
            [
              110.4139472,
              -7.7829817
            ],
            [
              110.4139543,
              -7.78294
            ]
          ]
        ]
      },
      "id": "way/1012999299"
    },
    {
      "type": "Feature",
      "properties": {
        "@id": "way/1016758585",
        "amenity": "restaurant",
        "brand": "Pizza Hut",
        "brand:wikidata": "Q191615",
        "building": "yes",
        "cuisine": "pizza",
        "name": "Pizza Hut"
      },
      "geometry": {
        "type": "Polygon",
        "coordinates": [
          [
            [
              110.4073627,
              -7.7828
            ],
            [
              110.4073189,
              -7.7830436
            ],
            [
              110.4074377,
              -7.7830663
            ],
            [
              110.4074841,
              -7.7828182
            ],
            [
              110.4073627,
              -7.7828
            ]
          ]
        ]
      },
      "id": "way/1016758585"
    },
    {
      "type": "Feature",
      "properties": {
        "@id": "way/1017794385",
        "amenity": "restaurant",
        "building": "yes",
        "cuisine": "chicken;asian",
        "name": "Sambel Cowek"
      },
      "geometry": {
        "type": "Polygon",
        "coordinates": [
          [
            [
              110.3881359,
              -7.7629781
            ],
            [
              110.3881949,
              -7.7627947
            ],
            [
              110.3881005,
              -7.7627649
            ],
            [
              110.3880415,
              -7.7629482
            ],
            [
              110.3881359,
              -7.7629781
            ]
          ]
        ]
      },
      "id": "way/1017794385"
    },
    {
      "type": "Feature",
      "properties": {
        "@id": "way/1018172847",
        "addr:street": "Jalan Imogiri Timur",
        "amenity": "restaurant",
        "building": "yes",
        "cuisine": "asian",
        "name": "Warung Soto Gumyak"
      },
      "geometry": {
        "type": "Polygon",
        "coordinates": [
          [
            [
              110.3895704,
              -7.8609565
            ],
            [
              110.3895647,
              -7.8610716
            ],
            [
              110.3896683,
              -7.8610766
            ],
            [
              110.389674,
              -7.8609615
            ],
            [
              110.3895704,
              -7.8609565
            ]
          ]
        ]
      },
      "id": "way/1018172847"
    },
    {
      "type": "Feature",
      "properties": {
        "@id": "way/1022814412",
        "addr:city": "Yogyakarta",
        "addr:housenumber": "9",
        "addr:postcode": "55171",
        "addr:street": "Jalan Nyi Ageng Nis",
        "amenity": "restaurant",
        "building": "yes",
        "cuisine": "indonesian",
        "name": "Bakmi Mbah Gito",
        "opening_hours": "Mo-Su 11:00-22:00"
      },
      "geometry": {
        "type": "Polygon",
        "coordinates": [
          [
            [
              110.3971874,
              -7.8133104
            ],
            [
              110.3971997,
              -7.8131856
            ],
            [
              110.397075,
              -7.8131736
            ],
            [
              110.3970721,
              -7.8132032
            ],
            [
              110.3970627,
              -7.8132984
            ],
            [
              110.3971874,
              -7.8133104
            ]
          ]
        ]
      },
      "id": "way/1022814412"
    },
    {
      "type": "Feature",
      "properties": {
        "@id": "way/1023095826",
        "amenity": "restaurant",
        "building": "yes",
        "name": "Barama Market"
      },
      "geometry": {
        "type": "Polygon",
        "coordinates": [
          [
            [
              110.4187934,
              -7.8427702
            ],
            [
              110.4188723,
              -7.8427785
            ],
            [
              110.4188796,
              -7.8427103
            ],
            [
              110.4188007,
              -7.842702
            ],
            [
              110.4187934,
              -7.8427702
            ]
          ]
        ]
      },
      "id": "way/1023095826"
    },
    {
      "type": "Feature",
      "properties": {
        "@id": "way/1024494506",
        "amenity": "restaurant",
        "building": "yes",
        "cuisine": "regional;noodle;fish_and_chips",
        "name": "Gubug Lor Ndeso",
        "opening_hours": "Mo-Sa 08:00-20:00"
      },
      "geometry": {
        "type": "Polygon",
        "coordinates": [
          [
            [
              110.4241636,
              -7.6321549
            ],
            [
              110.4241516,
              -7.6322334
            ],
            [
              110.4243769,
              -7.6323876
            ],
            [
              110.4243929,
              -7.6322068
            ],
            [
              110.4241636,
              -7.6321549
            ]
          ]
        ]
      },
      "id": "way/1024494506"
    },
    {
      "type": "Feature",
      "properties": {
        "@id": "way/1053532737",
        "amenity": "restaurant",
        "building": "yes",
        "name": "Sei Sapi Bone",
        "phone": "+62 813 2755 8553"
      },
      "geometry": {
        "type": "Polygon",
        "coordinates": [
          [
            [
              110.3609364,
              -7.7773289
            ],
            [
              110.3609378,
              -7.777296
            ],
            [
              110.3608915,
              -7.7772942
            ],
            [
              110.3608902,
              -7.777327
            ],
            [
              110.3609364,
              -7.7773289
            ]
          ]
        ]
      },
      "id": "way/1053532737"
    },
    {
      "type": "Feature",
      "properties": {
        "@id": "way/1055868345",
        "air_conditioning": "no",
        "amenity": "restaurant",
        "cuisine": "daerahregional",
        "name": "Sate Kambing Mbah Giran"
      },
      "geometry": {
        "type": "Polygon",
        "coordinates": [
          [
            [
              110.4449715,
              -7.7370814
            ],
            [
              110.4449661,
              -7.7372608
            ],
            [
              110.4452048,
              -7.7372741
            ],
            [
              110.4452063,
              -7.73723
            ],
            [
              110.4452083,
              -7.7371269
            ],
            [
              110.4452062,
              -7.7370934
            ],
            [
              110.4449715,
              -7.7370814
            ]
          ]
        ]
      },
      "id": "way/1055868345"
    },
    {
      "type": "Feature",
      "properties": {
        "@id": "way/1056663932",
        "air_conditioning": "yes",
        "amenity": "restaurant",
        "cuisine": "daerahregional",
        "name": "Satria Resto Prambanan",
        "opening_hours": "Mo-Su 08:00-20:00",
        "outdoor_seating": "yes",
        "payment:cash": "yes",
        "payment:credit_cards": "yes",
        "phone": "+62 812 2324 2523",
        "reservation": "yes",
        "takeaway": "yes",
        "website": "https://linktr.ee/satriarestokafe",
        "wheelchair": "limited"
      },
      "geometry": {
        "type": "Polygon",
        "coordinates": [
          [
            [
              110.4814727,
              -7.7427013
            ],
            [
              110.4814687,
              -7.7428156
            ],
            [
              110.4822452,
              -7.7428874
            ],
            [
              110.4822465,
              -7.7426681
            ],
            [
              110.4816739,
              -7.7426375
            ],
            [
              110.4816725,
              -7.742704
            ],
            [
              110.4814727,
              -7.7427013
            ]
          ]
        ]
      },
      "id": "way/1056663932"
    },
    {
      "type": "Feature",
      "properties": {
        "@id": "way/1058125494",
        "amenity": "restaurant",
        "building": "yes",
        "cuisine": "indonesian",
        "internet_access": "wlan",
        "internet_access:fee": "no",
        "internet_access:ssid": "Angkringan Pamungkas 1",
        "name": "Angkringan Pamungkas",
        "payment:cash": "yes",
        "payment:coins": "yes",
        "smoking": "yes",
        "toilets": "yes",
        "toilets:access": "permissive",
        "toilets:wheelchair": "limited",
        "wheelchair": "limited"
      },
      "geometry": {
        "type": "Polygon",
        "coordinates": [
          [
            [
              110.4552039,
              -7.7785102
            ],
            [
              110.45512,
              -7.7784776
            ],
            [
              110.4550974,
              -7.7784677
            ],
            [
              110.4550786,
              -7.7785095
            ],
            [
              110.4551865,
              -7.7785534
            ],
            [
              110.4552039,
              -7.7785102
            ]
          ]
        ]
      },
      "id": "way/1058125494"
    },
    {
      "type": "Feature",
      "properties": {
        "@id": "way/1059995680",
        "air_conditioning": "no",
        "amenity": "restaurant",
        "contact:instagram": "@warungiyup",
        "cuisine": "daerahregional",
        "description": "Selera hidangan Jawa",
        "name": "Warung Iyup",
        "opening_hours": "Tu-Su 15:00-22:00",
        "outdoor_seating": "yes",
        "payment:cash": "yes",
        "smoking": "outside",
        "takeaway": "yes",
        "wheelchair": "limited"
      },
      "geometry": {
        "type": "Polygon",
        "coordinates": [
          [
            [
              110.4212341,
              -7.7380833
            ],
            [
              110.4211311,
              -7.7380769
            ],
            [
              110.4210832,
              -7.738074
            ],
            [
              110.4209808,
              -7.7380676
            ],
            [
              110.4208753,
              -7.738061
            ],
            [
              110.420875,
              -7.7382316
            ],
            [
              110.4212303,
              -7.7382953
            ],
            [
              110.421233,
              -7.7381239
            ],
            [
              110.4212341,
              -7.7380833
            ]
          ]
        ]
      },
      "id": "way/1059995680"
    },
    {
      "type": "Feature",
      "properties": {
        "@id": "way/1066882359",
        "air_conditioning": "yes",
        "amenity": "restaurant",
        "changing_table": "no",
        "contact:instagram": "destinyresto.yk",
        "cuisine": "indonesian;coffee_shop",
        "name": "Destiny Resto Plus Coffee",
        "opening_hours": "Mo-Su 10:00-21:00",
        "outdoor_seating": "yes",
        "takeaway": "yes",
        "toilets": "yes",
        "toilets:access": "yes",
        "toilets:wheelchair": "limited",
        "wheelchair": "limited"
      },
      "geometry": {
        "type": "Polygon",
        "coordinates": [
          [
            [
              110.4779781,
              -7.7586858
            ],
            [
              110.4779986,
              -7.7587976
            ],
            [
              110.4780204,
              -7.7588533
            ],
            [
              110.4781802,
              -7.75889
            ],
            [
              110.4781941,
              -7.7588932
            ],
            [
              110.4783163,
              -7.7589232
            ],
            [
              110.47841,
              -7.7589615
            ],
            [
              110.4785072,
              -7.7588254
            ],
            [
              110.4783512,
              -7.7587667
            ],
            [
              110.4782252,
              -7.7587401
            ],
            [
              110.4779781,
              -7.7586858
            ]
          ]
        ]
      },
      "id": "way/1066882359"
    },
    {
      "type": "Feature",
      "properties": {
        "@id": "way/1077681030",
        "air_conditioning": "no",
        "amenity": "restaurant",
        "changing_table": "no",
        "contact:facebook": "https://www.facebook.com/omahnongkrongberbah",
        "contact:instagram": "omahnongkrong_kebunsayursehat",
        "contact:whatsapp": "+6281390032478",
        "cuisine": "indonesian",
        "diet:halal": "yes",
        "kids_area:outdoor": "yes",
        "name": "Kopi Pojok Omah Nongkrong Berbah",
        "opening_hours": "Tu-Fr 10:00-17:00, Sa-Su 10:00-21:00",
        "outdoor_seating": "yes",
        "payment:cash": "yes",
        "short_name": "Omah Nongkrong",
        "smoking": "yes",
        "takeaway": "yes",
        "toilets": "yes",
        "toilets:access": "yes",
        "toilets:wheelchair": "limited",
        "wheelchair": "limited"
      },
      "geometry": {
        "type": "Polygon",
        "coordinates": [
          [
            [
              110.4552967,
              -7.8048406
            ],
            [
              110.4552069,
              -7.8051555
            ],
            [
              110.4551747,
              -7.8051608
            ],
            [
              110.4551626,
              -7.8052684
            ],
            [
              110.4554563,
              -7.8053003
            ],
            [
              110.4554805,
              -7.8049084
            ],
            [
              110.4552967,
              -7.8048406
            ]
          ]
        ]
      },
      "id": "way/1077681030"
    },
    {
      "type": "Feature",
      "properties": {
        "@id": "way/1086125906",
        "amenity": "restaurant",
        "building": "yes",
        "name": "Ayam Panggang Magetan \"Mbah Mo\""
      },
      "geometry": {
        "type": "Polygon",
        "coordinates": [
          [
            [
              110.4183061,
              -7.6703527
            ],
            [
              110.4183021,
              -7.6704764
            ],
            [
              110.4184304,
              -7.6704735
            ],
            [
              110.4184363,
              -7.6703582
            ],
            [
              110.4183061,
              -7.6703527
            ]
          ]
        ]
      },
      "id": "way/1086125906"
    },
    {
      "type": "Feature",
      "properties": {
        "@id": "way/1086572133",
        "addr:street": "Karanglo, Sukoharjo, Ngaglik, Sleman, Yogyakarta",
        "amenity": "restaurant",
        "building": "yes",
        "contact:whatsapp": "+62 878-3955-1672",
        "cuisine": "javanese",
        "diet:halal": "yes",
        "name": "Gudeg Bu Tangguh",
        "opening_hours": "Mo-Su 06:00-16:00",
        "payment:cash": "yes",
        "phone": "+62 878-3955-1672",
        "takeaway": "yes",
        "toilets": "yes"
      },
      "geometry": {
        "type": "Polygon",
        "coordinates": [
          [
            [
              110.4367807,
              -7.7064324
            ],
            [
              110.4367881,
              -7.7065557
            ],
            [
              110.4369045,
              -7.7065485
            ],
            [
              110.4369024,
              -7.7065134
            ],
            [
              110.4368996,
              -7.7064658
            ],
            [
              110.436897,
              -7.7064258
            ],
            [
              110.4367807,
              -7.7064324
            ]
          ]
        ]
      },
      "id": "way/1086572133"
    },
    {
      "type": "Feature",
      "properties": {
        "@id": "way/1095304135",
        "amenity": "restaurant",
        "building": "yes",
        "building:colour": "blue",
        "name": "Resto HeHa sky view",
        "toilets": "yes",
        "toilets:access": "customers",
        "toilets:wheelchair": "limited",
        "tourism": "attraction"
      },
      "geometry": {
        "type": "Polygon",
        "coordinates": [
          [
            [
              110.4781171,
              -7.8495651
            ],
            [
              110.4781022,
              -7.8495224
            ],
            [
              110.478115,
              -7.8494751
            ],
            [
              110.4781493,
              -7.8494396
            ],
            [
              110.4781928,
              -7.8494225
            ],
            [
              110.4782353,
              -7.849468
            ],
            [
              110.4782476,
              -7.8495138
            ],
            [
              110.4782353,
              -7.8495627
            ],
            [
              110.478207,
              -7.8496048
            ],
            [
              110.4782424,
              -7.8496504
            ],
            [
              110.4782901,
              -7.8496092
            ],
            [
              110.4783132,
              -7.8495557
            ],
            [
              110.4783026,
              -7.8494575
            ],
            [
              110.4782885,
              -7.849348
            ],
            [
              110.4782778,
              -7.8492647
            ],
            [
              110.4782707,
              -7.8492156
            ],
            [
              110.4781185,
              -7.8492998
            ],
            [
              110.4781539,
              -7.8493664
            ],
            [
              110.4780796,
              -7.8494084
            ],
            [
              110.4780469,
              -7.8494341
            ],
            [
              110.4780265,
              -7.8494751
            ],
            [
              110.4780239,
              -7.8495084
            ],
            [
              110.4780336,
              -7.8495417
            ],
            [
              110.4780619,
              -7.8495872
            ],
            [
              110.4781171,
              -7.8495651
            ]
          ]
        ]
      },
      "id": "way/1095304135"
    },
    {
      "type": "Feature",
      "properties": {
        "@id": "way/1098705863",
        "amenity": "restaurant",
        "building": "yes",
        "cuisine": "daerahregional;soto",
        "name": "Soto Ayam Depok"
      },
      "geometry": {
        "type": "Polygon",
        "coordinates": [
          [
            [
              110.30706,
              -7.8036188
            ],
            [
              110.3070742,
              -7.8037205
            ],
            [
              110.3071763,
              -7.8037164
            ],
            [
              110.3071626,
              -7.8036188
            ],
            [
              110.30706,
              -7.8036188
            ]
          ]
        ]
      },
      "id": "way/1098705863"
    },
    {
      "type": "Feature",
      "properties": {
        "@id": "way/1109980330",
        "addr:city": "Sleman",
        "addr:postcode": "55281",
        "addr:street": "Jalan Agro",
        "amenity": "restaurant",
        "building": "yes",
        "cuisine": "asian;nasi_padang;mixed_rice_with_fried_egg;nasi_rendang;fried_chicken",
        "diet:halal": "yes",
        "name": "Sabana Murah 09 UGM",
        "opening_hours": "Mo-Su 08:00-23:00"
      },
      "geometry": {
        "type": "Polygon",
        "coordinates": [
          [
            [
              110.3815712,
              -7.7663539
            ],
            [
              110.3815569,
              -7.7664163
            ],
            [
              110.3816279,
              -7.7664323
            ],
            [
              110.3816422,
              -7.7663699
            ],
            [
              110.3815712,
              -7.7663539
            ]
          ]
        ]
      },
      "id": "way/1109980330"
    },
    {
      "type": "Feature",
      "properties": {
        "@id": "way/1114537501",
        "addr:street": "Jalan Sultan Agung",
        "amenity": "restaurant",
        "building": "yes",
        "name": "Warung Bakmi Pak Kentung"
      },
      "geometry": {
        "type": "Polygon",
        "coordinates": [
          [
            [
              110.3327352,
              -7.9044187
            ],
            [
              110.3327523,
              -7.9045043
            ],
            [
              110.3328211,
              -7.9044908
            ],
            [
              110.3328309,
              -7.90454
            ],
            [
              110.3328951,
              -7.9045275
            ],
            [
              110.3328682,
              -7.9043927
            ],
            [
              110.3327352,
              -7.9044187
            ]
          ]
        ]
      },
      "id": "way/1114537501"
    },
    {
      "type": "Feature",
      "properties": {
        "@id": "way/1124980367",
        "amenity": "restaurant",
        "building": "yes",
        "name": "Bakmi Jawa Kembang Kluwih"
      },
      "geometry": {
        "type": "Polygon",
        "coordinates": [
          [
            [
              110.3332299,
              -7.8025642
            ],
            [
              110.3332171,
              -7.8026189
            ],
            [
              110.3333022,
              -7.8026385
            ],
            [
              110.333315,
              -7.8025837
            ],
            [
              110.3332299,
              -7.8025642
            ]
          ]
        ]
      },
      "id": "way/1124980367"
    },
    {
      "type": "Feature",
      "properties": {
        "@id": "way/1152304552",
        "amenity": "restaurant",
        "building": "yes",
        "name": "Taru Martani 1918 Coffee & Resto"
      },
      "geometry": {
        "type": "Polygon",
        "coordinates": [
          [
            [
              110.3812553,
              -7.7907624
            ],
            [
              110.3811934,
              -7.790906
            ],
            [
              110.3812662,
              -7.7909368
            ],
            [
              110.3812906,
              -7.7909472
            ],
            [
              110.3813525,
              -7.7908035
            ],
            [
              110.3813009,
              -7.7907817
            ],
            [
              110.3812641,
              -7.7907661
            ],
            [
              110.3812553,
              -7.7907624
            ]
          ]
        ]
      },
      "id": "way/1152304552"
    },
    {
      "type": "Feature",
      "properties": {
        "@id": "way/1153694065",
        "amenity": "restaurant",
        "building": "yes"
      },
      "geometry": {
        "type": "Polygon",
        "coordinates": [
          [
            [
              110.6322825,
              -7.8321691
            ],
            [
              110.6324179,
              -7.8322322
            ],
            [
              110.6324461,
              -7.8321799
            ],
            [
              110.6323129,
              -7.8321131
            ],
            [
              110.6322825,
              -7.8321691
            ]
          ]
        ]
      },
      "id": "way/1153694065"
    },
    {
      "type": "Feature",
      "properties": {
        "@id": "way/1167898064",
        "addr:city": "Bantul",
        "addr:district": "Tamantirto",
        "addr:housename": "Preksu UMY",
        "addr:postcode": "55184",
        "addr:street": "Jalan Rajawali",
        "addr:subdistrict": "Ngebel",
        "amenity": "restaurant",
        "building": "yes",
        "cuisine": "chicken",
        "diet:halal": "yes",
        "name": "Preksu UMY"
      },
      "geometry": {
        "type": "Polygon",
        "coordinates": [
          [
            [
              110.3233297,
              -7.814861
            ],
            [
              110.3234155,
              -7.8148772
            ],
            [
              110.3234463,
              -7.8147164
            ],
            [
              110.3233606,
              -7.8147003
            ],
            [
              110.3233297,
              -7.814861
            ]
          ]
        ]
      },
      "id": "way/1167898064"
    },
    {
      "type": "Feature",
      "properties": {
        "@id": "way/1174219833",
        "addr:city": "Daerah Istimewa Yogyakarta (DIY), Jawa Tengah, Indonesia",
        "amenity": "restaurant",
        "brand": "Sedan",
        "building": "yes",
        "cuisine": "satay;indonesian",
        "diet:halal": "yes",
        "internet_access": "wlan",
        "name": "Warung Sate Kambing Muda Sedan",
        "opening_hours": "Mo-Su 09:00-20:30",
        "smoking": "outside",
        "start_date": "1990",
        "takeaway": "yes",
        "toilets": "yes",
        "wheelchair": "no"
      },
      "geometry": {
        "type": "Polygon",
        "coordinates": [
          [
            [
              110.3821743,
              -7.6544024
            ],
            [
              110.3821171,
              -7.6544989
            ],
            [
              110.3823059,
              -7.6546087
            ],
            [
              110.3823513,
              -7.6545321
            ],
            [
              110.38231,
              -7.654508
            ],
            [
              110.3823459,
              -7.6544473
            ],
            [
              110.3822994,
              -7.6544203
            ],
            [
              110.3822752,
              -7.6544611
            ],
            [
              110.3821743,
              -7.6544024
            ]
          ]
        ]
      },
      "id": "way/1174219833"
    },
    {
      "type": "Feature",
      "properties": {
        "@id": "way/1227928771",
        "amenity": "restaurant",
        "building": "yes",
        "contact:whatsapp": "+62 812-2707-8213",
        "cuisine": "chicken",
        "name": "Super Chicken",
        "opening_hours": "Mo-Su 09:00-21:00",
        "phone": "+62 812-2707-8213"
      },
      "geometry": {
        "type": "Polygon",
        "coordinates": [
          [
            [
              110.464187,
              -7.7743058
            ],
            [
              110.4642543,
              -7.7744302
            ],
            [
              110.4642726,
              -7.7744077
            ],
            [
              110.4642702,
              -7.7742528
            ],
            [
              110.464187,
              -7.7743058
            ]
          ]
        ]
      },
      "id": "way/1227928771"
    },
    {
      "type": "Feature",
      "properties": {
        "@id": "way/1315457706",
        "amenity": "restaurant",
        "building": "yes",
        "name": "Warung Makan"
      },
      "geometry": {
        "type": "Polygon",
        "coordinates": [
          [
            [
              110.3231301,
              -7.6465607
            ],
            [
              110.3231707,
              -7.6466486
            ],
            [
              110.3232562,
              -7.6466084
            ],
            [
              110.323216,
              -7.6465223
            ],
            [
              110.3231301,
              -7.6465607
            ]
          ]
        ]
      },
      "id": "way/1315457706"
    },
    {
      "type": "Feature",
      "properties": {
        "@id": "way/1329301671",
        "addr:street": "Jalan Melati",
        "amenity": "restaurant",
        "building": "yes",
        "cuisine": "indonesian",
        "name": "Warmindo Ngemie"
      },
      "geometry": {
        "type": "Polygon",
        "coordinates": [
          [
            [
              110.3652578,
              -7.7516481
            ],
            [
              110.3652362,
              -7.7517326
            ],
            [
              110.365341,
              -7.7517617
            ],
            [
              110.365362,
              -7.7516724
            ],
            [
              110.3652578,
              -7.7516481
            ]
          ]
        ]
      },
      "id": "way/1329301671"
    },
    {
      "type": "Feature",
      "properties": {
        "@id": "way/1359400914",
        "amenity": "restaurant",
        "building": "house"
      },
      "geometry": {
        "type": "Polygon",
        "coordinates": [
          [
            [
              110.3802563,
              -7.8299593
            ],
            [
              110.3803308,
              -7.8299415
            ],
            [
              110.3803161,
              -7.8298811
            ],
            [
              110.3802416,
              -7.829899
            ],
            [
              110.3802563,
              -7.8299593
            ]
          ]
        ]
      },
      "id": "way/1359400914"
    },
    {
      "type": "Feature",
      "properties": {
        "@id": "way/1390009547",
        "amenity": "restaurant",
        "building": "yes",
        "name": "Omah Godhong Kelor"
      },
      "geometry": {
        "type": "Polygon",
        "coordinates": [
          [
            [
              110.6608197,
              -7.956986
            ],
            [
              110.6608012,
              -7.9570958
            ],
            [
              110.6608922,
              -7.9571071
            ],
            [
              110.6609036,
              -7.9569944
            ],
            [
              110.6608197,
              -7.956986
            ]
          ]
        ]
      },
      "id": "way/1390009547"
    },
    {
      "type": "Feature",
      "properties": {
        "@id": "way/1420324961",
        "amenity": "restaurant",
        "building": "yes",
        "check_date": "2025-07-11",
        "internet_access": "no",
        "internet_access:fee": "no",
        "name": "RM. Padang Murah Meriah",
        "opening_hours": "24/7"
      },
      "geometry": {
        "type": "Polygon",
        "coordinates": [
          [
            [
              110.3163131,
              -7.801773
            ],
            [
              110.3163221,
              -7.8018374
            ],
            [
              110.3163078,
              -7.8018394
            ],
            [
              110.3163174,
              -7.8019076
            ],
            [
              110.3165463,
              -7.801876
            ],
            [
              110.3165481,
              -7.8018892
            ],
            [
              110.3165802,
              -7.8018848
            ],
            [
              110.3165773,
              -7.8018647
            ],
            [
              110.3165667,
              -7.8018662
            ],
            [
              110.3165581,
              -7.8018048
            ],
            [
              110.3164814,
              -7.8018154
            ],
            [
              110.3164724,
              -7.801751
            ],
            [
              110.3163131,
              -7.801773
            ]
          ]
        ]
      },
      "id": "way/1420324961"
    },
    {
      "type": "Feature",
      "properties": {
        "@id": "way/1424024482",
        "amenity": "restaurant",
        "brand": "Mie Gacoan",
        "brand:wikidata": "Q111995141",
        "building": "yes",
        "cuisine": "noodle",
        "name": "Mie Gacoan"
      },
      "geometry": {
        "type": "Polygon",
        "coordinates": [
          [
            [
              110.4150552,
              -7.7794136
            ],
            [
              110.4150134,
              -7.7795881
            ],
            [
              110.4151853,
              -7.7796285
            ],
            [
              110.4152271,
              -7.7794525
            ],
            [
              110.4150552,
              -7.7794136
            ]
          ]
        ]
      },
      "id": "way/1424024482"
    },
    {
      "type": "Feature",
      "properties": {
        "@id": "way/1424527877",
        "amenity": "restaurant",
        "building": "yes",
        "cuisine": "indonesian"
      },
      "geometry": {
        "type": "Polygon",
        "coordinates": [
          [
            [
              110.4836057,
              -7.7764679
            ],
            [
              110.4836044,
              -7.7765145
            ],
            [
              110.4836038,
              -7.7765261
            ],
            [
              110.4839265,
              -7.7765362
            ],
            [
              110.483927,
              -7.7764786
            ],
            [
              110.4836057,
              -7.7764679
            ]
          ]
        ]
      },
      "id": "way/1424527877"
    },
    {
      "type": "Feature",
      "properties": {
        "@id": "way/1426677960",
        "amenity": "restaurant",
        "building": "yes"
      },
      "geometry": {
        "type": "Polygon",
        "coordinates": [
          [
            [
              110.3985158,
              -7.7582648
            ],
            [
              110.3984794,
              -7.7583879
            ],
            [
              110.3986415,
              -7.7584435
            ],
            [
              110.3986749,
              -7.7582919
            ],
            [
              110.3985158,
              -7.7582648
            ]
          ]
        ]
      },
      "id": "way/1426677960"
    },
    {
      "type": "Feature",
      "properties": {
        "@id": "way/1443474618",
        "addr:city": "Sleman",
        "addr:province": "Daerah Istimewa Yogyakarta",
        "amenity": "restaurant",
        "building": "yes",
        "cuisine": "chicken",
        "name": "Pawon Omah Mbesi"
      },
      "geometry": {
        "type": "Polygon",
        "coordinates": [
          [
            [
              110.4294672,
              -7.6860548
            ],
            [
              110.4294237,
              -7.6861562
            ],
            [
              110.4295182,
              -7.6861931
            ],
            [
              110.42955,
              -7.6860862
            ],
            [
              110.4294672,
              -7.6860548
            ]
          ]
        ]
      },
      "id": "way/1443474618"
    },
    {
      "type": "Feature",
      "properties": {
        "@id": "way/1469728486",
        "amenity": "restaurant",
        "building": "yes"
      },
      "geometry": {
        "type": "Polygon",
        "coordinates": [
          [
            [
              110.4336373,
              -7.7555322
            ],
            [
              110.4336341,
              -7.7555515
            ],
            [
              110.4337218,
              -7.7555654
            ],
            [
              110.433725,
              -7.7555461
            ],
            [
              110.4336373,
              -7.7555322
            ]
          ]
        ]
      },
      "id": "way/1469728486"
    },
    {
      "type": "Feature",
      "properties": {
        "@id": "way/1470906240",
        "amenity": "restaurant",
        "building": "yes",
        "name": "Taru Martani 1918 Coffee & Resto"
      },
      "geometry": {
        "type": "Polygon",
        "coordinates": [
          [
            [
              110.3818605,
              -7.7906558
            ],
            [
              110.3818741,
              -7.7907448
            ],
            [
              110.3818855,
              -7.7908196
            ],
            [
              110.3819625,
              -7.7908077
            ],
            [
              110.3820392,
              -7.7907958
            ],
            [
              110.382011,
              -7.7906324
            ],
            [
              110.3819619,
              -7.7906401
            ],
            [
              110.381938,
              -7.7906438
            ],
            [
              110.3818605,
              -7.7906558
            ]
          ]
        ]
      },
      "id": "way/1470906240"
    },
    {
      "type": "Feature",
      "properties": {
        "@id": "way/1493049712",
        "amenity": "restaurant",
        "building": "yes",
        "name": "Jual Lele Bakar"
      },
      "geometry": {
        "type": "Polygon",
        "coordinates": [
          [
            [
              110.3987991,
              -7.7262234
            ],
            [
              110.3987814,
              -7.7262822
            ],
            [
              110.3988326,
              -7.7262979
            ],
            [
              110.3988505,
              -7.7262362
            ],
            [
              110.3987991,
              -7.7262234
            ]
          ]
        ]
      },
      "id": "way/1493049712"
    },
    {
      "type": "Feature",
      "properties": {
        "@id": "node/492087555",
        "amenity": "restaurant",
        "name": "Moro Lejar"
      },
      "geometry": {
        "type": "Point",
        "coordinates": [
          110.433102,
          -7.6620048
        ]
      },
      "id": "node/492087555"
    },
    {
      "type": "Feature",
      "properties": {
        "@id": "node/1358364183",
        "amenity": "restaurant",
        "name": "Jambon Resto"
      },
      "geometry": {
        "type": "Point",
        "coordinates": [
          110.3449942,
          -7.7607904
        ]
      },
      "id": "node/1358364183"
    },
    {
      "type": "Feature",
      "properties": {
        "@id": "node/1360229988",
        "amenity": "restaurant",
        "name": "Rumah Makan Pring Sewu"
      },
      "geometry": {
        "type": "Point",
        "coordinates": [
          110.3637196,
          -7.7284566
        ]
      },
      "id": "node/1360229988"
    },
    {
      "type": "Feature",
      "properties": {
        "@id": "node/1362917046",
        "amenity": "restaurant",
        "name": "Kantin Calsita"
      },
      "geometry": {
        "type": "Point",
        "coordinates": [
          110.4100903,
          -7.7637956
        ]
      },
      "id": "node/1362917046"
    },
    {
      "type": "Feature",
      "properties": {
        "@id": "node/1366438104",
        "amenity": "restaurant",
        "name": "Gadri"
      },
      "geometry": {
        "type": "Point",
        "coordinates": [
          110.3628846,
          -7.806386
        ]
      },
      "id": "node/1366438104"
    },
    {
      "type": "Feature",
      "properties": {
        "@id": "node/1640337574",
        "addr:city": "Yogyakarta",
        "addr:housenumber": "3",
        "addr:postcode": "55143",
        "addr:street": "Jalan Tirtodipuran",
        "amenity": "restaurant",
        "cuisine": "local;regional;indonesian",
        "email": "forumkedaikebun@gmail.com",
        "internet_access": "wlan",
        "name": "Kedai Kebun",
        "opening_hours": "Mo-Su 11:00-23:00",
        "phone": "+62 274 376 114",
        "website": "https://kedaikebun.com/restoran/"
      },
      "geometry": {
        "type": "Point",
        "coordinates": [
          110.362733,
          -7.8181527
        ]
      },
      "id": "node/1640337574"
    },
    {
      "type": "Feature",
      "properties": {
        "@id": "node/1640337576",
        "amenity": "restaurant",
        "name": "Lotus Garden"
      },
      "geometry": {
        "type": "Point",
        "coordinates": [
          110.3711402,
          -7.8200546
        ]
      },
      "id": "node/1640337576"
    },
    {
      "type": "Feature",
      "properties": {
        "@id": "node/1748289552",
        "amenity": "restaurant",
        "name": "RM Padang AMBO"
      },
      "geometry": {
        "type": "Point",
        "coordinates": [
          110.3794555,
          -7.7659179
        ]
      },
      "id": "node/1748289552"
    },
    {
      "type": "Feature",
      "properties": {
        "@id": "node/1748289570",
        "amenity": "restaurant",
        "name": "RM Padang Lima Sekawan"
      },
      "geometry": {
        "type": "Point",
        "coordinates": [
          110.3799566,
          -7.7659964
        ]
      },
      "id": "node/1748289570"
    },
    {
      "type": "Feature",
      "properties": {
        "@id": "node/1748290458",
        "amenity": "restaurant"
      },
      "geometry": {
        "type": "Point",
        "coordinates": [
          110.3801783,
          -7.7660791
        ]
      },
      "id": "node/1748290458"
    },
    {
      "type": "Feature",
      "properties": {
        "@id": "node/1769351619",
        "amenity": "restaurant",
        "cuisine": "chicken",
        "name": "Ayam Goreng Pak Parman"
      },
      "geometry": {
        "type": "Point",
        "coordinates": [
          110.3934698,
          -7.7343365
        ]
      },
      "id": "node/1769351619"
    },
    {
      "type": "Feature",
      "properties": {
        "@id": "node/1769351633",
        "amenity": "restaurant",
        "name": "Soto Pak Jamal"
      },
      "geometry": {
        "type": "Point",
        "coordinates": [
          110.3937036,
          -7.7342307
        ]
      },
      "id": "node/1769351633"
    },
    {
      "type": "Feature",
      "properties": {
        "@id": "node/1769537992",
        "amenity": "restaurant",
        "cuisine": "fish",
        "name": "Jimbaran Resto"
      },
      "geometry": {
        "type": "Point",
        "coordinates": [
          110.3811303,
          -7.7310313
        ]
      },
      "id": "node/1769537992"
    },
    {
      "type": "Feature",
      "properties": {
        "@id": "node/1769538005",
        "amenity": "restaurant",
        "name": "Iga Sapi Bali"
      },
      "geometry": {
        "type": "Point",
        "coordinates": [
          110.383584,
          -7.7310099
        ]
      },
      "id": "node/1769538005"
    },
    {
      "type": "Feature",
      "properties": {
        "@id": "node/1769538007",
        "amenity": "restaurant",
        "cuisine": "thai",
        "name": "Rumah Makan Khao Pad"
      },
      "geometry": {
        "type": "Point",
        "coordinates": [
          110.3848526,
          -7.7328141
        ]
      },
      "id": "node/1769538007"
    },
    {
      "type": "Feature",
      "properties": {
        "@id": "node/1769543339",
        "amenity": "restaurant",
        "cuisine": "regional",
        "name": "Bebek Tepi Sawah Jogja"
      },
      "geometry": {
        "type": "Point",
        "coordinates": [
          110.3800023,
          -7.7306551
        ]
      },
      "id": "node/1769543339"
    },
    {
      "type": "Feature",
      "properties": {
        "@id": "node/1769543344",
        "amenity": "restaurant",
        "cuisine": "fish",
        "name": "Rasane Seafood & Ikan Bakar"
      },
      "geometry": {
        "type": "Point",
        "coordinates": [
          110.3789859,
          -7.7302118
        ]
      },
      "id": "node/1769543344"
    },
    {
      "type": "Feature",
      "properties": {
        "@id": "node/1769543347",
        "amenity": "restaurant",
        "cuisine": "seafood",
        "name": "Mr. Crab's"
      },
      "geometry": {
        "type": "Point",
        "coordinates": [
          110.394133,
          -7.7344513
        ]
      },
      "id": "node/1769543347"
    },
    {
      "type": "Feature",
      "properties": {
        "@id": "node/1769558717",
        "amenity": "restaurant",
        "name": "Bakso Pak Supri"
      },
      "geometry": {
        "type": "Point",
        "coordinates": [
          110.3916278,
          -7.7728708
        ]
      },
      "id": "node/1769558717"
    },
    {
      "type": "Feature",
      "properties": {
        "@id": "node/1847521134",
        "amenity": "restaurant",
        "name": "hartz chiken buffet"
      },
      "geometry": {
        "type": "Point",
        "coordinates": [
          110.3615705,
          -7.7616672
        ]
      },
      "id": "node/1847521134"
    },
    {
      "type": "Feature",
      "properties": {
        "@id": "node/1847529931",
        "amenity": "restaurant",
        "name": "restoran kelapa gading"
      },
      "geometry": {
        "type": "Point",
        "coordinates": [
          110.3618375,
          -7.7496428
        ]
      },
      "id": "node/1847529931"
    },
    {
      "type": "Feature",
      "properties": {
        "@id": "node/1847980164",
        "amenity": "restaurant",
        "name": "Soto Pak Mustofa"
      },
      "geometry": {
        "type": "Point",
        "coordinates": [
          110.3622876,
          -7.7441259
        ]
      },
      "id": "node/1847980164"
    },
    {
      "type": "Feature",
      "properties": {
        "@id": "node/1847989065",
        "amenity": "restaurant",
        "name": "RM Menara Kudus"
      },
      "geometry": {
        "type": "Point",
        "coordinates": [
          110.3625878,
          -7.7482705
        ]
      },
      "id": "node/1847989065"
    },
    {
      "type": "Feature",
      "properties": {
        "@id": "node/1847989864",
        "amenity": "restaurant",
        "name": "Bakmi Jombor"
      },
      "geometry": {
        "type": "Point",
        "coordinates": [
          110.3625565,
          -7.7484553
        ]
      },
      "id": "node/1847989864"
    },
    {
      "type": "Feature",
      "properties": {
        "@id": "node/1847989869",
        "amenity": "restaurant",
        "name": "bakmi Jombor"
      },
      "geometry": {
        "type": "Point",
        "coordinates": [
          110.3625536,
          -7.7481109
        ]
      },
      "id": "node/1847989869"
    },
    {
      "type": "Feature",
      "properties": {
        "@id": "node/1895824892",
        "addr:street": "Jalan Wonosari KM 9,5",
        "alt_name": "Bakso Komplit",
        "amenity": "restaurant",
        "cuisine": "regional",
        "name": "Bakso Baskom",
        "source": "survey"
      },
      "geometry": {
        "type": "Point",
        "coordinates": [
          110.4381163,
          -7.8274524
        ]
      },
      "id": "node/1895824892"
    },
    {
      "type": "Feature",
      "properties": {
        "@id": "node/2037736007",
        "amenity": "restaurant",
        "cuisine": "regional",
        "name": "Soto Bathok \"Mbah Joyo\""
      },
      "geometry": {
        "type": "Point",
        "coordinates": [
          110.4449559,
          -7.7831728
        ]
      },
      "id": "node/2037736007"
    },
    {
      "type": "Feature",
      "properties": {
        "@id": "node/2102342687",
        "addr:housenumber": "13",
        "addr:postcode": "55143",
        "addr:street": "Jalan Tirtodipuran",
        "amenity": "restaurant",
        "cuisine": "asian;indonesian",
        "description": "Warung masakan omah",
        "email": "bu.ageng@yahoo.com",
        "highchair": "no",
        "internet_access": "wlan",
        "internet_access:fee": "no",
        "internet_access:ssid": "Bu Ageng",
        "kids_area": "no",
        "name": "Bu Ageng",
        "phone": "+62 274 387191",
        "smoking": "no",
        "toilets": "yes",
        "toilets:access": "customers",
        "toilets:wheelchair": "limited",
        "wheelchair": "yes"
      },
      "geometry": {
        "type": "Point",
        "coordinates": [
          110.3642203,
          -7.8182738
        ]
      },
      "id": "node/2102342687"
    },
    {
      "type": "Feature",
      "properties": {
        "@id": "node/2411872249",
        "amenity": "restaurant",
        "name": "warung oncor asli"
      },
      "geometry": {
        "type": "Point",
        "coordinates": [
          110.3660367,
          -7.7876154
        ]
      },
      "id": "node/2411872249"
    },
    {
      "type": "Feature",
      "properties": {
        "@id": "node/2419653114",
        "amenity": "restaurant",
        "name": "Terang Mulyo"
      },
      "geometry": {
        "type": "Point",
        "coordinates": [
          110.3687072,
          -7.8125926
        ]
      },
      "id": "node/2419653114"
    },
    {
      "type": "Feature",
      "properties": {
        "@id": "node/2419661766",
        "amenity": "restaurant",
        "name": "lie djong"
      },
      "geometry": {
        "type": "Point",
        "coordinates": [
          110.3691254,
          -7.8025789
        ]
      },
      "id": "node/2419661766"
    },
    {
      "type": "Feature",
      "properties": {
        "@id": "node/2433751816",
        "addr:housenumber": "KM 15",
        "addr:street": "Jalam Jogja-Solo",
        "amenity": "restaurant",
        "cuisine": "regional",
        "description": "Rumah makan & pemancingan",
        "diet:halal": "yes",
        "name": "Sendang Ayu",
        "phone": "+62 274-497234"
      },
      "geometry": {
        "type": "Point",
        "coordinates": [
          110.4762948,
          -7.760779
        ]
      },
      "id": "node/2433751816"
    },
    {
      "type": "Feature",
      "properties": {
        "@id": "node/2524302491",
        "addr:housenumber": "127b",
        "addr:street": "Jalan Prawirotaman 4",
        "amenity": "restaurant",
        "cuisine": "indonesian;tea;coffee_shop;ice_cream",
        "diet:meat": "yes",
        "diet:vegan": "yes",
        "diet:vegetarian": "only",
        "name": "Milas",
        "opening_hours": "Tu-Fr 15:00-21:00; Sa-Su 12:00-21:00",
        "organic": "yes",
        "phone": "+62-274-7423399"
      },
      "geometry": {
        "type": "Point",
        "coordinates": [
          110.3685451,
          -7.822212
        ]
      },
      "id": "node/2524302491"
    },
    {
      "type": "Feature",
      "properties": {
        "@id": "node/2564024188",
        "addr:city": "Bantul",
        "amenity": "restaurant",
        "capacity": "50",
        "cuisine": "Brongkos_dan_Teh Poci",
        "name": "Angkringan Lik Min",
        "toilets:wheelchair": "no",
        "wheelchair": "limited"
      },
      "geometry": {
        "type": "Point",
        "coordinates": [
          110.3510743,
          -7.8172315
        ]
      },
      "id": "node/2564024188"
    },
    {
      "type": "Feature",
      "properties": {
        "@id": "node/2647356920",
        "amenity": "restaurant"
      },
      "geometry": {
        "type": "Point",
        "coordinates": [
          110.3938297,
          -7.761899
        ]
      },
      "id": "node/2647356920"
    },
    {
      "type": "Feature",
      "properties": {
        "@id": "node/2712121320",
        "amenity": "restaurant",
        "name": "Rumah Kawan"
      },
      "geometry": {
        "type": "Point",
        "coordinates": [
          110.4369821,
          -7.8273609
        ]
      },
      "id": "node/2712121320"
    },
    {
      "type": "Feature",
      "properties": {
        "@id": "node/2751354290",
        "addr:city": "Yogyakarta",
        "amenity": "restaurant",
        "cuisine": "fried_rice",
        "name": "Nasi Goreng Sapi Padmanaba",
        "outdoor_seating": "sidewalk",
        "smoking": "yes"
      },
      "geometry": {
        "type": "Point",
        "coordinates": [
          110.3731595,
          -7.7867728
        ]
      },
      "id": "node/2751354290"
    },
    {
      "type": "Feature",
      "properties": {
        "@id": "node/2751371522",
        "amenity": "restaurant",
        "name": "warung soto"
      },
      "geometry": {
        "type": "Point",
        "coordinates": [
          110.3932735,
          -7.78675
        ]
      },
      "id": "node/2751371522"
    },
    {
      "type": "Feature",
      "properties": {
        "@id": "node/2837092409",
        "addr:city": "Yogyakarta",
        "addr:street": "Jalan Moses Gatotkaca",
        "amenity": "restaurant",
        "capacity": "100",
        "cuisine": "pizza;italian",
        "delivery": "yes",
        "name": "Nanamia Pizzeria",
        "opening_hours": "11:00-23:00",
        "phone": "+62 274 556494",
        "smoking": "separated",
        "website": "https://www.facebook.com/pages/Nanamia-Pizzeria/84442972976"
      },
      "geometry": {
        "type": "Point",
        "coordinates": [
          110.3909484,
          -7.7761421
        ]
      },
      "id": "node/2837092409"
    },
    {
      "type": "Feature",
      "properties": {
        "@id": "node/2935001778",
        "amenity": "restaurant",
        "cuisine": "regional",
        "name": "mie ayam Bu Tumini"
      },
      "geometry": {
        "type": "Point",
        "coordinates": [
          110.3905709,
          -7.8335239
        ]
      },
      "id": "node/2935001778"
    },
    {
      "type": "Feature",
      "properties": {
        "@id": "node/2992506474",
        "addr:street": "Jl. Janti",
        "amenity": "restaurant",
        "name": "Gudeg Bu Tjitro"
      },
      "geometry": {
        "type": "Point",
        "coordinates": [
          110.4027756,
          -7.7984745
        ]
      },
      "id": "node/2992506474"
    },
    {
      "type": "Feature",
      "properties": {
        "@id": "node/3143838049",
        "amenity": "restaurant"
      },
      "geometry": {
        "type": "Point",
        "coordinates": [
          110.4230652,
          -7.6011726
        ]
      },
      "id": "node/3143838049"
    },
    {
      "type": "Feature",
      "properties": {
        "@id": "node/3214965918",
        "amenity": "restaurant",
        "name": "Pandanaran"
      },
      "geometry": {
        "type": "Point",
        "coordinates": [
          110.3888713,
          -7.7338823
        ]
      },
      "id": "node/3214965918"
    },
    {
      "type": "Feature",
      "properties": {
        "@id": "node/3229476050",
        "amenity": "restaurant",
        "capacity": "100",
        "cuisine": "regional",
        "name": "Gudeg Mbak Sasha",
        "opening_hours": "09:00-18:00"
      },
      "geometry": {
        "type": "Point",
        "coordinates": [
          110.3906189,
          -7.7662565
        ]
      },
      "id": "node/3229476050"
    },
    {
      "type": "Feature",
      "properties": {
        "@id": "node/3229477934",
        "amenity": "restaurant",
        "capacity": "30",
        "cuisine": "regional",
        "name": "Gudeg Mbak Sasha (Lesehan)",
        "opening_hours": "21:00-03:00"
      },
      "geometry": {
        "type": "Point",
        "coordinates": [
          110.3904405,
          -7.7696064
        ]
      },
      "id": "node/3229477934"
    },
    {
      "type": "Feature",
      "properties": {
        "@id": "node/3229488565",
        "amenity": "restaurant",
        "name": "Restaurant aceh Bungong Jeumpa"
      },
      "geometry": {
        "type": "Point",
        "coordinates": [
          110.3930947,
          -7.776442
        ]
      },
      "id": "node/3229488565"
    },
    {
      "type": "Feature",
      "properties": {
        "@id": "node/3229490386",
        "amenity": "restaurant",
        "name": "Ayam Geprek Bu Rum"
      },
      "geometry": {
        "type": "Point",
        "coordinates": [
          110.3953673,
          -7.775472
        ]
      },
      "id": "node/3229490386"
    },
    {
      "type": "Feature",
      "properties": {
        "@id": "node/3229532925",
        "amenity": "restaurant",
        "check_date": "2025-07-13",
        "cuisine": "regional",
        "name": "Soto Mbak Nunung"
      },
      "geometry": {
        "type": "Point",
        "coordinates": [
          110.3637554,
          -7.8027336
        ]
      },
      "id": "node/3229532925"
    },
    {
      "type": "Feature",
      "properties": {
        "@id": "node/3229536573",
        "addr:city": "y",
        "addr:street": "Jalan Alun Alun Utara",
        "amenity": "restaurant",
        "cuisine": "regional",
        "name": "Bakmi Jawa Pak Pele"
      },
      "geometry": {
        "type": "Point",
        "coordinates": [
          110.3652655,
          -7.8052337
        ]
      },
      "id": "node/3229536573"
    },
    {
      "type": "Feature",
      "properties": {
        "@id": "node/3229588019",
        "amenity": "restaurant",
        "name": "Omah Dhuwur"
      },
      "geometry": {
        "type": "Point",
        "coordinates": [
          110.39433,
          -7.8273229
        ]
      },
      "id": "node/3229588019"
    },
    {
      "type": "Feature",
      "properties": {
        "@id": "node/3254790976",
        "amenity": "restaurant",
        "cuisine": "regional",
        "name": "Pondok Raza"
      },
      "geometry": {
        "type": "Point",
        "coordinates": [
          110.4170938,
          -7.6670018
        ]
      },
      "id": "node/3254790976"
    },
    {
      "type": "Feature",
      "properties": {
        "@id": "node/3254790979",
        "amenity": "restaurant",
        "cuisine": "regional",
        "name": "RM Anda"
      },
      "geometry": {
        "type": "Point",
        "coordinates": [
          110.4203568,
          -7.6621748
        ]
      },
      "id": "node/3254790979"
    },
    {
      "type": "Feature",
      "properties": {
        "@id": "node/3254790980",
        "amenity": "restaurant",
        "cuisine": "regional",
        "name": "RM Bungo Minang"
      },
      "geometry": {
        "type": "Point",
        "coordinates": [
          110.4201928,
          -7.6626976
        ]
      },
      "id": "node/3254790980"
    },
    {
      "type": "Feature",
      "properties": {
        "@id": "node/3254790981",
        "amenity": "restaurant",
        "cuisine": "regional",
        "name": "RM Sinar Minang"
      },
      "geometry": {
        "type": "Point",
        "coordinates": [
          110.4206875,
          -7.6613195
        ]
      },
      "id": "node/3254790981"
    },
    {
      "type": "Feature",
      "properties": {
        "@id": "node/3256672772",
        "amenity": "restaurant",
        "name": "SS (Spesial Sambal) Waroeng",
        "website": "https://www.waroengss.com"
      },
      "geometry": {
        "type": "Point",
        "coordinates": [
          110.3660402,
          -7.8145807
        ]
      },
      "id": "node/3256672772"
    },
    {
      "type": "Feature",
      "properties": {
        "@id": "node/3256672773",
        "amenity": "restaurant",
        "name": "Tojoyo 3 Ayam Goreng dan Bebek Goreng"
      },
      "geometry": {
        "type": "Point",
        "coordinates": [
          110.3662689,
          -7.8146219
        ]
      },
      "id": "node/3256672773"
    },
    {
      "type": "Feature",
      "properties": {
        "@id": "node/3278350034",
        "addr:street": "Jalan Kaliurang",
        "amenity": "restaurant",
        "cuisine": "chicken",
        "name": "Olive Fried Chicken"
      },
      "geometry": {
        "type": "Point",
        "coordinates": [
          110.4174097,
          -7.6970356
        ]
      },
      "id": "node/3278350034"
    },
    {
      "type": "Feature",
      "properties": {
        "@id": "node/3279622319",
        "amenity": "restaurant",
        "check_date": "2025-07-11",
        "name": "Rumah Makan Ambarketawang",
        "opening_hours": "24/7"
      },
      "geometry": {
        "type": "Point",
        "coordinates": [
          110.312712,
          -7.8028601
        ]
      },
      "id": "node/3279622319"
    },
    {
      "type": "Feature",
      "properties": {
        "@id": "node/3279622593",
        "amenity": "restaurant"
      },
      "geometry": {
        "type": "Point",
        "coordinates": [
          110.3900085,
          -7.7461453
        ]
      },
      "id": "node/3279622593"
    },
    {
      "type": "Feature",
      "properties": {
        "@id": "node/3345753943",
        "amenity": "restaurant",
        "cuisine": "soup",
        "name": "Soto Pak Marto"
      },
      "geometry": {
        "type": "Point",
        "coordinates": [
          110.4032706,
          -7.7984747
        ]
      },
      "id": "node/3345753943"
    },
    {
      "type": "Feature",
      "properties": {
        "@id": "node/3359764341",
        "amenity": "restaurant",
        "name": "Warung"
      },
      "geometry": {
        "type": "Point",
        "coordinates": [
          110.1291644,
          -7.807343
        ]
      },
      "id": "node/3359764341"
    },
    {
      "type": "Feature",
      "properties": {
        "@id": "node/3395885783",
        "amenity": "restaurant"
      },
      "geometry": {
        "type": "Point",
        "coordinates": [
          110.3789264,
          -7.7611014
        ]
      },
      "id": "node/3395885783"
    },
    {
      "type": "Feature",
      "properties": {
        "@id": "node/3395893888",
        "amenity": "restaurant",
        "name": "Bumi Langit",
        "organic": "yes",
        "phone": "+62 274 85 72 121",
        "website": "http://www.bumilangit.org/"
      },
      "geometry": {
        "type": "Point",
        "coordinates": [
          110.4102756,
          -7.9263416
        ]
      },
      "id": "node/3395893888"
    },
    {
      "type": "Feature",
      "properties": {
        "@id": "node/3396431271",
        "amenity": "restaurant",
        "name": "Garden Cafe",
        "opening_hours": "08:00-21:00"
      },
      "geometry": {
        "type": "Point",
        "coordinates": [
          110.3852472,
          -7.7733981
        ]
      },
      "id": "node/3396431271"
    },
    {
      "type": "Feature",
      "properties": {
        "@id": "node/3396431272",
        "amenity": "restaurant",
        "check_date": "2025-07-17",
        "contact:instagram": "houseoframinten",
        "contact:website": "https://raminten.business.site",
        "contact:whatsapp": "+62 8999 5555 22",
        "cuisine": "indonesian",
        "name": "House of Raminten",
        "opening_hours": "Mo-Su 08:00-20:00",
        "prayer_room": "yes",
        "smoking": "yes",
        "toilets": "yes",
        "wikipedia": "id:The House of Raminten"
      },
      "geometry": {
        "type": "Point",
        "coordinates": [
          110.3715439,
          -7.785123
        ]
      },
      "id": "node/3396431272"
    },
    {
      "type": "Feature",
      "properties": {
        "@id": "node/3397785495",
        "amenity": "restaurant",
        "name": "Restaurant Palm Kuning (Kecil)"
      },
      "geometry": {
        "type": "Point",
        "coordinates": [
          110.3760627,
          -7.7604161
        ]
      },
      "id": "node/3397785495"
    },
    {
      "type": "Feature",
      "properties": {
        "@id": "node/3397825665",
        "amenity": "restaurant",
        "name": "Al-Maidah"
      },
      "geometry": {
        "type": "Point",
        "coordinates": [
          110.3779694,
          -7.7609712
        ]
      },
      "id": "node/3397825665"
    },
    {
      "type": "Feature",
      "properties": {
        "@id": "node/3397825666",
        "amenity": "restaurant",
        "cuisine": "japanese;indonesian",
        "name": "De'Sushi",
        "website": "https://www.desushi.biz/"
      },
      "geometry": {
        "type": "Point",
        "coordinates": [
          110.3799727,
          -7.7620842
        ]
      },
      "id": "node/3397825666"
    },
    {
      "type": "Feature",
      "properties": {
        "@id": "node/3451492128",
        "amenity": "restaurant",
        "name": "Kantin EMB"
      },
      "geometry": {
        "type": "Point",
        "coordinates": [
          110.3755754,
          -7.7618636
        ]
      },
      "id": "node/3451492128"
    },
    {
      "type": "Feature",
      "properties": {
        "@id": "node/3451535429",
        "amenity": "restaurant",
        "name": "Nasi Bakar"
      },
      "geometry": {
        "type": "Point",
        "coordinates": [
          110.3822232,
          -7.7588172
        ]
      },
      "id": "node/3451535429"
    },
    {
      "type": "Feature",
      "properties": {
        "@id": "node/3451555894",
        "amenity": "restaurant",
        "name": "The Waroeng of Raminten"
      },
      "geometry": {
        "type": "Point",
        "coordinates": [
          110.4171251,
          -7.6759869
        ]
      },
      "id": "node/3451555894"
    },
    {
      "type": "Feature",
      "properties": {
        "@id": "node/3451607266",
        "amenity": "restaurant",
        "name": "Monggo Resto"
      },
      "geometry": {
        "type": "Point",
        "coordinates": [
          110.4029203,
          -7.8455649
        ]
      },
      "id": "node/3451607266"
    },
    {
      "type": "Feature",
      "properties": {
        "@id": "node/3451628642",
        "amenity": "restaurant",
        "cuisine": "javanese",
        "name": "Bakmi Kadin"
      },
      "geometry": {
        "type": "Point",
        "coordinates": [
          110.3726219,
          -7.8019642
        ]
      },
      "id": "node/3451628642"
    },
    {
      "type": "Feature",
      "properties": {
        "@id": "node/3451628644",
        "amenity": "restaurant",
        "name": "Pak Jede"
      },
      "geometry": {
        "type": "Point",
        "coordinates": [
          110.4008867,
          -7.7737648
        ]
      },
      "id": "node/3451628644"
    },
    {
      "type": "Feature",
      "properties": {
        "@id": "node/3451628645",
        "amenity": "restaurant",
        "name": "Rawit Merah"
      },
      "geometry": {
        "type": "Point",
        "coordinates": [
          110.3998745,
          -7.7799069
        ]
      },
      "id": "node/3451628645"
    },
    {
      "type": "Feature",
      "properties": {
        "@id": "node/3451628646",
        "amenity": "restaurant",
        "name": "Telerrrr"
      },
      "geometry": {
        "type": "Point",
        "coordinates": [
          110.4018976,
          -7.7690037
        ]
      },
      "id": "node/3451628646"
    },
    {
      "type": "Feature",
      "properties": {
        "@id": "node/3451899393",
        "amenity": "restaurant",
        "name": "Bakso Mas Ndut"
      },
      "geometry": {
        "type": "Point",
        "coordinates": [
          110.3871976,
          -7.7643375
        ]
      },
      "id": "node/3451899393"
    },
    {
      "type": "Feature",
      "properties": {
        "@id": "node/3451899394",
        "amenity": "restaurant",
        "name": "Cowmad"
      },
      "geometry": {
        "type": "Point",
        "coordinates": [
          110.388642,
          -7.7651193
        ]
      },
      "id": "node/3451899394"
    },
    {
      "type": "Feature",
      "properties": {
        "@id": "node/3451899398",
        "amenity": "restaurant",
        "name": "Ohlala",
        "name:en": "Olala! Restaurant"
      },
      "geometry": {
        "type": "Point",
        "coordinates": [
          110.3851462,
          -7.763703
        ]
      },
      "id": "node/3451899398"
    },
    {
      "type": "Feature",
      "properties": {
        "@id": "node/3451899400",
        "amenity": "restaurant",
        "name": "Sambal Korek Pak Topo"
      },
      "geometry": {
        "type": "Point",
        "coordinates": [
          110.3872753,
          -7.7643135
        ]
      },
      "id": "node/3451899400"
    },
    {
      "type": "Feature",
      "properties": {
        "@id": "node/3451899401",
        "amenity": "restaurant",
        "name": "Warung Istiqomah"
      },
      "geometry": {
        "type": "Point",
        "coordinates": [
          110.3867913,
          -7.7626634
        ]
      },
      "id": "node/3451899401"
    },
    {
      "type": "Feature",
      "properties": {
        "@id": "node/3451899402",
        "amenity": "restaurant",
        "name": "Warung Penyetan Varnos"
      },
      "geometry": {
        "type": "Point",
        "coordinates": [
          110.3853312,
          -7.7636877
        ]
      },
      "id": "node/3451899402"
    },
    {
      "type": "Feature",
      "properties": {
        "@id": "node/3451899403",
        "amenity": "restaurant",
        "name": "Warung"
      },
      "geometry": {
        "type": "Point",
        "coordinates": [
          110.3866811,
          -7.7641596
        ]
      },
      "id": "node/3451899403"
    },
    {
      "type": "Feature",
      "properties": {
        "@id": "node/3451899404",
        "amenity": "restaurant",
        "name": "Yamie Panda"
      },
      "geometry": {
        "type": "Point",
        "coordinates": [
          110.3820313,
          -7.7629793
        ]
      },
      "id": "node/3451899404"
    },
    {
      "type": "Feature",
      "properties": {
        "@id": "node/3451899426",
        "amenity": "restaurant"
      },
      "geometry": {
        "type": "Point",
        "coordinates": [
          110.3824643,
          -7.7675561
        ]
      },
      "id": "node/3451899426"
    },
    {
      "type": "Feature",
      "properties": {
        "@id": "node/3451917722",
        "amenity": "restaurant",
        "name": "Warung Sri Agung"
      },
      "geometry": {
        "type": "Point",
        "coordinates": [
          110.4876088,
          -7.945747
        ]
      },
      "id": "node/3451917722"
    },
    {
      "type": "Feature",
      "properties": {
        "@id": "node/3453372108",
        "addr:housenumber": "4",
        "addr:postcode": "55281",
        "amenity": "restaurant",
        "name": "Tickles Cafe",
        "phone": "+62 274 587001",
        "website": "www.ticklescafe.com"
      },
      "geometry": {
        "type": "Point",
        "coordinates": [
          110.3929959,
          -7.7784141
        ]
      },
      "id": "node/3453372108"
    },
    {
      "type": "Feature",
      "properties": {
        "@id": "node/3472798341",
        "amenity": "restaurant",
        "name": "Bakmi Jowo"
      },
      "geometry": {
        "type": "Point",
        "coordinates": [
          110.3842035,
          -7.7533055
        ]
      },
      "id": "node/3472798341"
    },
    {
      "type": "Feature",
      "properties": {
        "@id": "node/3472801540",
        "amenity": "restaurant",
        "name": "Kantin"
      },
      "geometry": {
        "type": "Point",
        "coordinates": [
          110.3836852,
          -7.7739406
        ]
      },
      "id": "node/3472801540"
    },
    {
      "type": "Feature",
      "properties": {
        "@id": "node/3473031872",
        "amenity": "restaurant",
        "name": "Alembana",
        "opening_hours": "Mo-Su 10:00-23:00",
        "outdoor_seating": "yes"
      },
      "geometry": {
        "type": "Point",
        "coordinates": [
          110.3905815,
          -7.779847
        ]
      },
      "id": "node/3473031872"
    },
    {
      "type": "Feature",
      "properties": {
        "@id": "node/3473031875",
        "amenity": "restaurant",
        "name": "Calzonne Express"
      },
      "geometry": {
        "type": "Point",
        "coordinates": [
          110.3914457,
          -7.7801993
        ]
      },
      "id": "node/3473031875"
    },
    {
      "type": "Feature",
      "properties": {
        "@id": "node/3473031881",
        "amenity": "restaurant",
        "cuisine": "italian",
        "name": "Il Mondo"
      },
      "geometry": {
        "type": "Point",
        "coordinates": [
          110.390571,
          -7.7786217
        ]
      },
      "id": "node/3473031881"
    },
    {
      "type": "Feature",
      "properties": {
        "@id": "node/3473031887",
        "amenity": "restaurant",
        "cuisine": "ice_cream",
        "name": "Old Dish"
      },
      "geometry": {
        "type": "Point",
        "coordinates": [
          110.3901139,
          -7.7794071
        ]
      },
      "id": "node/3473031887"
    },
    {
      "type": "Feature",
      "properties": {
        "@id": "node/3473031888",
        "amenity": "restaurant",
        "name": "Popeye Chicken Express"
      },
      "geometry": {
        "type": "Point",
        "coordinates": [
          110.3924179,
          -7.7808919
        ]
      },
      "id": "node/3473031888"
    },
    {
      "type": "Feature",
      "properties": {
        "@id": "node/3473031890",
        "amenity": "restaurant",
        "cuisine": "burger",
        "name": "Real Burger"
      },
      "geometry": {
        "type": "Point",
        "coordinates": [
          110.3898641,
          -7.7786168
        ]
      },
      "id": "node/3473031890"
    },
    {
      "type": "Feature",
      "properties": {
        "@id": "node/3473031891",
        "amenity": "restaurant",
        "name": "Resto OZ"
      },
      "geometry": {
        "type": "Point",
        "coordinates": [
          110.3902234,
          -7.7797756
        ]
      },
      "id": "node/3473031891"
    },
    {
      "type": "Feature",
      "properties": {
        "@id": "node/3473035394",
        "amenity": "restaurant",
        "name": "Soto Kudus Gajah Mada"
      },
      "geometry": {
        "type": "Point",
        "coordinates": [
          110.3920591,
          -7.7828175
        ]
      },
      "id": "node/3473035394"
    },
    {
      "type": "Feature",
      "properties": {
        "@id": "node/3473035397",
        "amenity": "restaurant",
        "name": "Warung Lotek Bu Iduk"
      },
      "geometry": {
        "type": "Point",
        "coordinates": [
          110.390195,
          -7.7790468
        ]
      },
      "id": "node/3473035397"
    },
    {
      "type": "Feature",
      "properties": {
        "@id": "node/3473046926",
        "amenity": "restaurant",
        "name": "Soto Ayam Miroso"
      },
      "geometry": {
        "type": "Point",
        "coordinates": [
          110.3985629,
          -7.7830923
        ]
      },
      "id": "node/3473046926"
    },
    {
      "type": "Feature",
      "properties": {
        "@id": "node/3473955064",
        "amenity": "restaurant",
        "name": "Bale Babakaran"
      },
      "geometry": {
        "type": "Point",
        "coordinates": [
          110.3884696,
          -7.7732076
        ]
      },
      "id": "node/3473955064"
    },
    {
      "type": "Feature",
      "properties": {
        "@id": "node/3473955065",
        "amenity": "restaurant",
        "name": "Kantin Garasi"
      },
      "geometry": {
        "type": "Point",
        "coordinates": [
          110.3880473,
          -7.7755305
        ]
      },
      "id": "node/3473955065"
    },
    {
      "type": "Feature",
      "properties": {
        "@id": "node/3487442208",
        "addr:housenumber": "21",
        "addr:street": "Jalan Mangkuyudan",
        "amenity": "restaurant",
        "cuisine": "egyptian",
        "name": "Golden Clopatra"
      },
      "geometry": {
        "type": "Point",
        "coordinates": [
          110.3638596,
          -7.8212043
        ]
      },
      "id": "node/3487442208"
    },
    {
      "type": "Feature",
      "properties": {
        "@id": "node/3487442212",
        "addr:housenumber": "24 A",
        "addr:postcode": "55143",
        "addr:street": "Jalan Tirtodipuran",
        "amenity": "restaurant",
        "contact:facebook": "mrbykamil",
        "contact:instagram": "mediterranea_r",
        "contact:phone": "+62274371052",
        "contact:twitter": "Mediterranea_R",
        "contact:whatsapp": "+62817464305",
        "cuisine": "french;mediterranean;pizza",
        "delivery": "yes",
        "email": "mediterraneabykamil@gmail.com",
        "name": "Mediterranea by Kamil",
        "opening_hours": "Tu-Su 11:00-23:00; Mo off",
        "phone": "+62 (274) 37 10 52",
        "smoking": "outside",
        "takeaway": "yes",
        "website": "https://restobykamil.com/"
      },
      "geometry": {
        "type": "Point",
        "coordinates": [
          110.3645423,
          -7.8185002
        ]
      },
      "id": "node/3487442212"
    },
    {
      "type": "Feature",
      "properties": {
        "@id": "node/3487442215",
        "amenity": "restaurant",
        "name": "Warung Pascok"
      },
      "geometry": {
        "type": "Point",
        "coordinates": [
          110.363645,
          -7.8212658
        ]
      },
      "id": "node/3487442215"
    },
    {
      "type": "Feature",
      "properties": {
        "@id": "node/3487503058",
        "addr:street": "Jalan Parangtritis",
        "amenity": "restaurant",
        "name": "Bank Jo"
      },
      "geometry": {
        "type": "Point",
        "coordinates": [
          110.3679636,
          -7.8211102
        ]
      },
      "id": "node/3487503058"
    },
    {
      "type": "Feature",
      "properties": {
        "@id": "node/3487503073",
        "addr:street": "Jalan Parangtritis",
        "amenity": "restaurant",
        "name": "Makanan Padang"
      },
      "geometry": {
        "type": "Point",
        "coordinates": [
          110.3679567,
          -7.8216426
        ]
      },
      "id": "node/3487503073"
    },
    {
      "type": "Feature",
      "properties": {
        "@id": "node/3487503077",
        "amenity": "restaurant",
        "name": "Michaela's Kitchen"
      },
      "geometry": {
        "type": "Point",
        "coordinates": [
          110.366793,
          -7.8207453
        ]
      },
      "id": "node/3487503077"
    },
    {
      "type": "Feature",
      "properties": {
        "@id": "node/3487503084",
        "addr:street": "Jalan Mangkuyudan",
        "amenity": "restaurant",
        "building": "yes",
        "name": "Pramesthi Hotel",
        "tourism": "hotel"
      },
      "geometry": {
        "type": "Point",
        "coordinates": [
          110.3653899,
          -7.8216489
        ]
      },
      "id": "node/3487503084"
    },
    {
      "type": "Feature",
      "properties": {
        "@id": "node/3487511790",
        "amenity": "restaurant",
        "cuisine": "arab",
        "name": "Kedai Bin Saif"
      },
      "geometry": {
        "type": "Point",
        "coordinates": [
          110.3767831,
          -7.8250613
        ]
      },
      "id": "node/3487511790"
    },
    {
      "type": "Feature",
      "properties": {
        "@id": "node/3487511791",
        "amenity": "restaurant",
        "name": "Nasi Uduk"
      },
      "geometry": {
        "type": "Point",
        "coordinates": [
          110.3734536,
          -7.8247517
        ]
      },
      "id": "node/3487511791"
    },
    {
      "type": "Feature",
      "properties": {
        "@id": "node/3490484570",
        "amenity": "restaurant",
        "name": "Kacang Ijo. Kaki Lima"
      },
      "geometry": {
        "type": "Point",
        "coordinates": [
          110.4474208,
          -7.7013788
        ]
      },
      "id": "node/3490484570"
    },
    {
      "type": "Feature",
      "properties": {
        "@id": "node/3495284327",
        "amenity": "restaurant",
        "name": "Saion & Spa"
      },
      "geometry": {
        "type": "Point",
        "coordinates": [
          110.3673477,
          -7.8185877
        ]
      },
      "id": "node/3495284327"
    },
    {
      "type": "Feature",
      "properties": {
        "@id": "node/3495293515",
        "amenity": "restaurant",
        "name": "Rapoppo"
      },
      "geometry": {
        "type": "Point",
        "coordinates": [
          110.3644234,
          -7.8182947
        ]
      },
      "id": "node/3495293515"
    },
    {
      "type": "Feature",
      "properties": {
        "@id": "node/3508068493",
        "amenity": "restaurant",
        "cuisine": "indonesian",
        "name": "Warung Makan Putra"
      },
      "geometry": {
        "type": "Point",
        "coordinates": [
          110.367014,
          -7.812737
        ]
      },
      "id": "node/3508068493"
    },
    {
      "type": "Feature",
      "properties": {
        "@id": "node/3521357133",
        "amenity": "restaurant",
        "name": "Kedai Wedangan Watu Lumbung"
      },
      "geometry": {
        "type": "Point",
        "coordinates": [
          110.3180744,
          -7.9931073
        ]
      },
      "id": "node/3521357133"
    },
    {
      "type": "Feature",
      "properties": {
        "@id": "node/3557258295",
        "amenity": "restaurant",
        "cuisine": "pasta;pizza",
        "name": "Papa Rons Pizza"
      },
      "geometry": {
        "type": "Point",
        "coordinates": [
          110.3670879,
          -7.7795662
        ]
      },
      "id": "node/3557258295"
    },
    {
      "type": "Feature",
      "properties": {
        "@id": "node/3559577405",
        "amenity": "restaurant"
      },
      "geometry": {
        "type": "Point",
        "coordinates": [
          110.3139492,
          -7.802194
        ]
      },
      "id": "node/3559577405"
    },
    {
      "type": "Feature",
      "properties": {
        "@id": "node/3562538993",
        "addr:street": "Jayan",
        "amenity": "restaurant",
        "cuisine": "Mie_Ayam",
        "name": "Mie Ayam Joglo",
        "smoking": "separated"
      },
      "geometry": {
        "type": "Point",
        "coordinates": [
          110.3674726,
          -7.9322469
        ]
      },
      "id": "node/3562538993"
    },
    {
      "type": "Feature",
      "properties": {
        "@id": "node/3562538994",
        "addr:street": "Jayan",
        "amenity": "restaurant",
        "cuisine": "Mie_Ayam",
        "name": "Village Inn"
      },
      "geometry": {
        "type": "Point",
        "coordinates": [
          110.3662702,
          -7.9342156
        ]
      },
      "id": "node/3562538994"
    },
    {
      "type": "Feature",
      "properties": {
        "@id": "node/3562544493",
        "addr:street": "bendungan",
        "amenity": "restaurant",
        "cuisine": "mie_ayam",
        "name": "Mie Ayam Bendungan"
      },
      "geometry": {
        "type": "Point",
        "coordinates": [
          110.3663825,
          -7.9340697
        ]
      },
      "id": "node/3562544493"
    },
    {
      "type": "Feature",
      "properties": {
        "@id": "node/3584972496",
        "addr:street": "Jl. Bibis",
        "amenity": "restaurant",
        "cuisine": "Javanese",
        "name": "Bakmi Jawa Sunar",
        "opening_hours": "17:00-24:00"
      },
      "geometry": {
        "type": "Point",
        "coordinates": [
          110.3421653,
          -7.8290862
        ]
      },
      "id": "node/3584972496"
    },
    {
      "type": "Feature",
      "properties": {
        "@id": "node/3585153778",
        "amenity": "restaurant",
        "name": "Bakpia Gito"
      },
      "geometry": {
        "type": "Point",
        "coordinates": [
          110.3599098,
          -7.8155257
        ]
      },
      "id": "node/3585153778"
    },
    {
      "type": "Feature",
      "properties": {
        "@id": "node/3600099385",
        "amenity": "restaurant",
        "name": "Kupat Tahu"
      },
      "geometry": {
        "type": "Point",
        "coordinates": [
          110.3949412,
          -7.8022544
        ]
      },
      "id": "node/3600099385"
    },
    {
      "type": "Feature",
      "properties": {
        "@id": "node/3612192886",
        "amenity": "restaurant",
        "cuisine": "regional",
        "name": "Warung Mangut Lele Bedog"
      },
      "geometry": {
        "type": "Point",
        "coordinates": [
          110.3399174,
          -7.8374343
        ]
      },
      "id": "node/3612192886"
    },
    {
      "type": "Feature",
      "properties": {
        "@id": "node/3612330468",
        "amenity": "restaurant",
        "name": "Bakmi Pele"
      },
      "geometry": {
        "type": "Point",
        "coordinates": [
          110.3379887,
          -7.8332498
        ]
      },
      "id": "node/3612330468"
    },
    {
      "type": "Feature",
      "properties": {
        "@id": "node/3616855011",
        "amenity": "restaurant"
      },
      "geometry": {
        "type": "Point",
        "coordinates": [
          110.3336479,
          -7.8240689
        ]
      },
      "id": "node/3616855011"
    },
    {
      "type": "Feature",
      "properties": {
        "@id": "node/3623170405",
        "amenity": "restaurant",
        "name": "Warung"
      },
      "geometry": {
        "type": "Point",
        "coordinates": [
          110.1159072,
          -7.7665702
        ]
      },
      "id": "node/3623170405"
    },
    {
      "type": "Feature",
      "properties": {
        "@id": "node/3623677433",
        "amenity": "restaurant",
        "cuisine": "soup",
        "name": "Kiken Soup"
      },
      "geometry": {
        "type": "Point",
        "coordinates": [
          110.3822925,
          -7.7661431
        ]
      },
      "id": "node/3623677433"
    },
    {
      "type": "Feature",
      "properties": {
        "@id": "node/3628557597",
        "amenity": "restaurant",
        "name": "Ayam Goreng Mbah Cemplung"
      },
      "geometry": {
        "type": "Point",
        "coordinates": [
          110.3341516,
          -7.8392357
        ]
      },
      "id": "node/3628557597"
    },
    {
      "type": "Feature",
      "properties": {
        "@id": "node/3630321046",
        "amenity": "restaurant",
        "name": "Soto Lenthok"
      },
      "geometry": {
        "type": "Point",
        "coordinates": [
          110.3480394,
          -7.8200923
        ]
      },
      "id": "node/3630321046"
    },
    {
      "type": "Feature",
      "properties": {
        "@id": "node/3630321047",
        "amenity": "restaurant",
        "name": "Soto Pagi"
      },
      "geometry": {
        "type": "Point",
        "coordinates": [
          110.3480923,
          -7.8189323
        ]
      },
      "id": "node/3630321047"
    },
    {
      "type": "Feature",
      "properties": {
        "@id": "node/3630324585",
        "amenity": "restaurant",
        "name": "Yanti Restaurant"
      },
      "geometry": {
        "type": "Point",
        "coordinates": [
          110.3468767,
          -7.8236527
        ]
      },
      "id": "node/3630324585"
    },
    {
      "type": "Feature",
      "properties": {
        "@id": "node/3630324588",
        "amenity": "restaurant",
        "cuisine": "sate_kambing",
        "name": "Sate Ngasem"
      },
      "geometry": {
        "type": "Point",
        "coordinates": [
          110.3451123,
          -7.8249576
        ]
      },
      "id": "node/3630324588"
    },
    {
      "type": "Feature",
      "properties": {
        "@id": "node/3630326713",
        "amenity": "restaurant",
        "cuisine": "pizza",
        "name": "Nanamia Pizzeria",
        "opening_hours": "PH,Mo-Su 10:00-22:00"
      },
      "geometry": {
        "type": "Point",
        "coordinates": [
          110.3624919,
          -7.8180246
        ]
      },
      "id": "node/3630326713"
    },
    {
      "type": "Feature",
      "properties": {
        "@id": "node/3630332092",
        "amenity": "restaurant",
        "name": "Gado2 Bu Barinah"
      },
      "geometry": {
        "type": "Point",
        "coordinates": [
          110.3551655,
          -7.8226027
        ]
      },
      "id": "node/3630332092"
    },
    {
      "type": "Feature",
      "properties": {
        "@id": "node/3630420120",
        "addr:housenumber": "Ex. Bioskop Widya",
        "amenity": "restaurant",
        "name": "Dapur Sambal"
      },
      "geometry": {
        "type": "Point",
        "coordinates": [
          110.3663228,
          -7.8031767
        ]
      },
      "id": "node/3630420120"
    },
    {
      "type": "Feature",
      "properties": {
        "@id": "node/3630767220",
        "amenity": "restaurant",
        "name": "Gule Ayam Jago"
      },
      "geometry": {
        "type": "Point",
        "coordinates": [
          110.3306568,
          -7.8858027
        ]
      },
      "id": "node/3630767220"
    },
    {
      "type": "Feature",
      "properties": {
        "@id": "node/3630767229",
        "amenity": "restaurant",
        "name": "Soto Sapi Sumilir"
      },
      "geometry": {
        "type": "Point",
        "coordinates": [
          110.3301743,
          -7.885621
        ]
      },
      "id": "node/3630767229"
    },
    {
      "type": "Feature",
      "properties": {
        "@id": "node/3632326097",
        "amenity": "restaurant",
        "name": "Mie Ayam Kasongan"
      },
      "geometry": {
        "type": "Point",
        "coordinates": [
          110.3444998,
          -7.8467364
        ]
      },
      "id": "node/3632326097"
    },
    {
      "type": "Feature",
      "properties": {
        "@id": "node/3633799368",
        "amenity": "restaurant",
        "name": "Playground"
      },
      "geometry": {
        "type": "Point",
        "coordinates": [
          110.3931768,
          -7.7909498
        ]
      },
      "id": "node/3633799368"
    },
    {
      "type": "Feature",
      "properties": {
        "@id": "node/3633919835",
        "amenity": "restaurant",
        "cuisine": "mushroom",
        "name": "Mushroom Resto"
      },
      "geometry": {
        "type": "Point",
        "coordinates": [
          110.4085139,
          -7.7748157
        ]
      },
      "id": "node/3633919835"
    },
    {
      "type": "Feature",
      "properties": {
        "@id": "node/3634352858",
        "amenity": "restaurant",
        "name": "Rata-Rata"
      },
      "geometry": {
        "type": "Point",
        "coordinates": [
          110.3838813,
          -7.754106
        ]
      },
      "id": "node/3634352858"
    },
    {
      "type": "Feature",
      "properties": {
        "@id": "node/3636083365",
        "addr:street": "Jl. Pleret",
        "amenity": "restaurant",
        "capacity": "50",
        "cuisine": "regional",
        "name": "Menco",
        "note": "Masakan Indonesia",
        "phone": "+8562553838",
        "smoking": "separated"
      },
      "geometry": {
        "type": "Point",
        "coordinates": [
          110.4112615,
          -7.8385386
        ]
      },
      "id": "node/3636083365"
    },
    {
      "type": "Feature",
      "properties": {
        "@id": "node/3636307401",
        "addr:city": "Bantul",
        "addr:street": "jl. Ahmad Wahid",
        "amenity": "restaurant",
        "name": "Pemancingan Mataram"
      },
      "geometry": {
        "type": "Point",
        "coordinates": [
          110.4179944,
          -7.8125009
        ]
      },
      "id": "node/3636307401"
    },
    {
      "type": "Feature",
      "properties": {
        "@id": "node/3636359382",
        "amenity": "restaurant",
        "cuisine": "japanese",
        "name": "Sushi Story"
      },
      "geometry": {
        "type": "Point",
        "coordinates": [
          110.3943996,
          -7.7610968
        ]
      },
      "id": "node/3636359382"
    },
    {
      "type": "Feature",
      "properties": {
        "@id": "node/3636373134",
        "amenity": "restaurant",
        "name": "Warung Lotek"
      },
      "geometry": {
        "type": "Point",
        "coordinates": [
          110.3682411,
          -7.8185503
        ]
      },
      "id": "node/3636373134"
    },
    {
      "type": "Feature",
      "properties": {
        "@id": "node/3636570820",
        "addr:housenumber": "141",
        "addr:postcode": "55271",
        "addr:street": "Sosrowijayan Wetan GTI",
        "amenity": "restaurant",
        "cuisine": "spanish",
        "name": "Mi casa es tu casa"
      },
      "geometry": {
        "type": "Point",
        "coordinates": [
          110.3640246,
          -7.7905199
        ]
      },
      "id": "node/3636570820"
    },
    {
      "type": "Feature",
      "properties": {
        "@id": "node/3638415612",
        "amenity": "restaurant",
        "name": "Padang MM"
      },
      "geometry": {
        "type": "Point",
        "coordinates": [
          110.447018,
          -7.828129
        ]
      },
      "id": "node/3638415612"
    },
    {
      "type": "Feature",
      "properties": {
        "@id": "node/3638503719",
        "amenity": "restaurant",
        "name": "Ayam Goreng Suharti"
      },
      "geometry": {
        "type": "Point",
        "coordinates": [
          110.4024236,
          -7.8092399
        ]
      },
      "id": "node/3638503719"
    },
    {
      "type": "Feature",
      "properties": {
        "@id": "node/3638575091",
        "amenity": "restaurant",
        "name": "Sate Klatak Pak Bari"
      },
      "geometry": {
        "type": "Point",
        "coordinates": [
          110.3919484,
          -7.870795
        ]
      },
      "id": "node/3638575091"
    },
    {
      "type": "Feature",
      "properties": {
        "@id": "node/3638796125",
        "amenity": "restaurant",
        "name": "Lotek & Kupat Tahu Sor Talok"
      },
      "geometry": {
        "type": "Point",
        "coordinates": [
          110.3736868,
          -7.9245332
        ]
      },
      "id": "node/3638796125"
    },
    {
      "type": "Feature",
      "properties": {
        "@id": "node/3646422118",
        "amenity": "restaurant",
        "contact:phone": "+62 813 2818 2852",
        "cuisine": "mushroom",
        "name": "Kedai Djamoer"
      },
      "geometry": {
        "type": "Point",
        "coordinates": [
          110.3850382,
          -7.7647075
        ]
      },
      "id": "node/3646422118"
    },
    {
      "type": "Feature",
      "properties": {
        "@id": "node/3658773685",
        "amenity": "restaurant",
        "cuisine": "javanese",
        "name": "Kedai Rakjat Djelata"
      },
      "geometry": {
        "type": "Point",
        "coordinates": [
          110.3780556,
          -7.7930961
        ]
      },
      "id": "node/3658773685"
    },
    {
      "type": "Feature",
      "properties": {
        "@id": "node/3661097137",
        "amenity": "restaurant",
        "name": "Rumah Garuda"
      },
      "geometry": {
        "type": "Point",
        "coordinates": [
          110.3526948,
          -7.8481094
        ]
      },
      "id": "node/3661097137"
    },
    {
      "type": "Feature",
      "properties": {
        "@id": "node/3661146419",
        "amenity": "restaurant",
        "name": "Joyo"
      },
      "geometry": {
        "type": "Point",
        "coordinates": [
          110.4271615,
          -7.59833
        ]
      },
      "id": "node/3661146419"
    },
    {
      "type": "Feature",
      "properties": {
        "@id": "node/3661146423",
        "amenity": "restaurant",
        "name": "Kedai Jons"
      },
      "geometry": {
        "type": "Point",
        "coordinates": [
          110.4261019,
          -7.5989985
        ]
      },
      "id": "node/3661146423"
    },
    {
      "type": "Feature",
      "properties": {
        "@id": "node/3661147633",
        "amenity": "restaurant",
        "name": "Melcosh"
      },
      "geometry": {
        "type": "Point",
        "coordinates": [
          110.4263467,
          -7.6153856
        ]
      },
      "id": "node/3661147633"
    },
    {
      "type": "Feature",
      "properties": {
        "@id": "node/3661147640",
        "amenity": "restaurant",
        "name": "Oplosh",
        "tourism": "guest_house"
      },
      "geometry": {
        "type": "Point",
        "coordinates": [
          110.4258026,
          -7.618192
        ]
      },
      "id": "node/3661147640"
    },
    {
      "type": "Feature",
      "properties": {
        "@id": "node/3661147667",
        "amenity": "restaurant",
        "name": "Warung Sate Pak Min"
      },
      "geometry": {
        "type": "Point",
        "coordinates": [
          110.4288069,
          -7.5991365
        ]
      },
      "id": "node/3661147667"
    },
    {
      "type": "Feature",
      "properties": {
        "@id": "node/3661199917",
        "amenity": "restaurant",
        "name": "Jada Tempeh"
      },
      "geometry": {
        "type": "Point",
        "coordinates": [
          110.4323281,
          -7.5928222
        ]
      },
      "id": "node/3661199917"
    },
    {
      "type": "Feature",
      "properties": {
        "@id": "node/3661199918",
        "amenity": "restaurant"
      },
      "geometry": {
        "type": "Point",
        "coordinates": [
          110.4324045,
          -7.5928383
        ]
      },
      "id": "node/3661199918"
    },
    {
      "type": "Feature",
      "properties": {
        "@id": "node/3661199919",
        "amenity": "restaurant"
      },
      "geometry": {
        "type": "Point",
        "coordinates": [
          110.4324949,
          -7.5928601
        ]
      },
      "id": "node/3661199919"
    },
    {
      "type": "Feature",
      "properties": {
        "@id": "node/3661199921",
        "amenity": "restaurant"
      },
      "geometry": {
        "type": "Point",
        "coordinates": [
          110.4326055,
          -7.5928859
        ]
      },
      "id": "node/3661199921"
    },
    {
      "type": "Feature",
      "properties": {
        "@id": "node/3661203026",
        "amenity": "restaurant"
      },
      "geometry": {
        "type": "Point",
        "coordinates": [
          110.4327194,
          -7.5929101
        ]
      },
      "id": "node/3661203026"
    },
    {
      "type": "Feature",
      "properties": {
        "@id": "node/3661203037",
        "amenity": "restaurant"
      },
      "geometry": {
        "type": "Point",
        "coordinates": [
          110.4328976,
          -7.593094
        ]
      },
      "id": "node/3661203037"
    },
    {
      "type": "Feature",
      "properties": {
        "@id": "node/3661203038",
        "amenity": "restaurant"
      },
      "geometry": {
        "type": "Point",
        "coordinates": [
          110.4322321,
          -7.593123
        ]
      },
      "id": "node/3661203038"
    },
    {
      "type": "Feature",
      "properties": {
        "@id": "node/3661203039",
        "amenity": "restaurant"
      },
      "geometry": {
        "type": "Point",
        "coordinates": [
          110.4325787,
          -7.5931295
        ]
      },
      "id": "node/3661203039"
    },
    {
      "type": "Feature",
      "properties": {
        "@id": "node/3661203040",
        "amenity": "restaurant"
      },
      "geometry": {
        "type": "Point",
        "coordinates": [
          110.4323704,
          -7.5931311
        ]
      },
      "id": "node/3661203040"
    },
    {
      "type": "Feature",
      "properties": {
        "@id": "node/3661203041",
        "amenity": "restaurant"
      },
      "geometry": {
        "type": "Point",
        "coordinates": [
          110.4327316,
          -7.5931311
        ]
      },
      "id": "node/3661203041"
    },
    {
      "type": "Feature",
      "properties": {
        "@id": "node/3662449263",
        "amenity": "restaurant",
        "cuisine": "asian",
        "name": "Bakmi Jawa Harjo Geno"
      },
      "geometry": {
        "type": "Point",
        "coordinates": [
          110.3681123,
          -7.8198449
        ]
      },
      "id": "node/3662449263"
    },
    {
      "type": "Feature",
      "properties": {
        "@id": "node/3675791128",
        "amenity": "restaurant",
        "name": "Bakso Pak Narto",
        "opening_hours": "10:00-23:00",
        "smoking": "yes",
        "takeaway": "yes"
      },
      "geometry": {
        "type": "Point",
        "coordinates": [
          110.38591,
          -7.7502185
        ]
      },
      "id": "node/3675791128"
    },
    {
      "type": "Feature",
      "properties": {
        "@id": "node/3686643256",
        "amenity": "restaurant",
        "name": "Mie Ayam Kita"
      },
      "geometry": {
        "type": "Point",
        "coordinates": [
          110.3933574,
          -7.774283
        ]
      },
      "id": "node/3686643256"
    },
    {
      "type": "Feature",
      "properties": {
        "@id": "node/3736898545",
        "amenity": "restaurant",
        "name": "Six Senses Restaurant"
      },
      "geometry": {
        "type": "Point",
        "coordinates": [
          110.3624453,
          -7.8174795
        ]
      },
      "id": "node/3736898545"
    },
    {
      "type": "Feature",
      "properties": {
        "@id": "node/3760080628",
        "amenity": "restaurant",
        "cuisine": "seafood",
        "name": "L'cost seafood"
      },
      "geometry": {
        "type": "Point",
        "coordinates": [
          110.3962061,
          -7.7650056
        ]
      },
      "id": "node/3760080628"
    },
    {
      "type": "Feature",
      "properties": {
        "@id": "node/3760579394",
        "amenity": "restaurant",
        "name": "Burjo",
        "operator": "burjo"
      },
      "geometry": {
        "type": "Point",
        "coordinates": [
          110.3968363,
          -7.7652397
        ]
      },
      "id": "node/3760579394"
    },
    {
      "type": "Feature",
      "properties": {
        "@id": "node/3832156436",
        "amenity": "restaurant",
        "contact:email": "indochinebistrojogja@gmail.com",
        "contact:facebook": "indochine bistro yogyakarta",
        "contact:twitter": "indochinebistrojogja",
        "cuisine": "vietnamese;thai;cambodian;",
        "name": "Indochine Bistro",
        "phone": "+62 82136 800500"
      },
      "geometry": {
        "type": "Point",
        "coordinates": [
          110.4097948,
          -7.7732136
        ]
      },
      "id": "node/3832156436"
    },
    {
      "type": "Feature",
      "properties": {
        "@id": "node/3832166377",
        "addr:housenumber": "74c",
        "addr:street": "Jalan Affandi",
        "amenity": "restaurant",
        "name": "Bar Kitchen Go Rich"
      },
      "geometry": {
        "type": "Point",
        "coordinates": [
          110.3955292,
          -7.7624408
        ]
      },
      "id": "node/3832166377"
    },
    {
      "type": "Feature",
      "properties": {
        "@id": "node/3832166390",
        "amenity": "restaurant",
        "name": "Penyetan Mang Sukri"
      },
      "geometry": {
        "type": "Point",
        "coordinates": [
          110.3958274,
          -7.7642669
        ]
      },
      "id": "node/3832166390"
    },
    {
      "type": "Feature",
      "properties": {
        "@id": "node/3832349430",
        "amenity": "restaurant",
        "name": "Lokal"
      },
      "geometry": {
        "type": "Point",
        "coordinates": [
          110.3956535,
          -7.7637699
        ]
      },
      "id": "node/3832349430"
    },
    {
      "type": "Feature",
      "properties": {
        "@id": "node/3856942968",
        "amenity": "restaurant",
        "cuisine": "european;french",
        "name": "Loka loka"
      },
      "geometry": {
        "type": "Point",
        "coordinates": [
          110.3991772,
          -7.7387383
        ]
      },
      "id": "node/3856942968"
    },
    {
      "type": "Feature",
      "properties": {
        "@id": "node/3872990726",
        "addr:city": "Yogyakarta",
        "addr:housenumber": "49E",
        "addr:street": "Jalan Jogonegaran",
        "amenity": "restaurant",
        "contact:email": "fortunatecoffeejogja@gmail.com",
        "contact:facebook": "Fortunate Coffee Jogja",
        "contact:instagram": "fortunatecoffeejogja",
        "contact:phone": "+62 274 564219",
        "diet:vegan": "only",
        "name": "Fortunate Coffee Jogja",
        "opening_hours": "Mo-Su 10:00-21:00"
      },
      "geometry": {
        "type": "Point",
        "coordinates": [
          110.361162,
          -7.7940577
        ]
      },
      "id": "node/3872990726"
    },
    {
      "type": "Feature",
      "properties": {
        "@id": "node/3876392454",
        "addr:street": "Kompleks Wisata Kuliner Pringwulung, Jl. Cendrawasih",
        "amenity": "restaurant",
        "contact:phone": "+62 87839 308277",
        "cuisine": "indonesian;chinese",
        "diet:vegan": "only",
        "name": "Veganissimo (Pringwulung)",
        "opening_hours": "Mo-Su 08:00-22:00"
      },
      "geometry": {
        "type": "Point",
        "coordinates": [
          110.3993232,
          -7.7706739
        ]
      },
      "id": "node/3876392454"
    },
    {
      "type": "Feature",
      "properties": {
        "@id": "node/3914446538",
        "amenity": "restaurant",
        "cuisine": "chinese",
        "name": "Qimi Chinese Food"
      },
      "geometry": {
        "type": "Point",
        "coordinates": [
          110.3942551,
          -7.7618303
        ]
      },
      "id": "node/3914446538"
    },
    {
      "type": "Feature",
      "properties": {
        "@id": "node/3922989780",
        "amenity": "restaurant",
        "internet_access": "yes",
        "name": "Warung Kendi"
      },
      "geometry": {
        "type": "Point",
        "coordinates": [
          110.39738,
          -7.7619838
        ]
      },
      "id": "node/3922989780"
    },
    {
      "type": "Feature",
      "properties": {
        "@id": "node/3922989781",
        "amenity": "restaurant",
        "name": "Warung"
      },
      "geometry": {
        "type": "Point",
        "coordinates": [
          110.7209198,
          -8.1968859
        ]
      },
      "id": "node/3922989781"
    },
    {
      "type": "Feature",
      "properties": {
        "@id": "node/3922989782",
        "amenity": "restaurant",
        "name": "Warungs"
      },
      "geometry": {
        "type": "Point",
        "coordinates": [
          110.7106741,
          -8.1895224
        ]
      },
      "id": "node/3922989782"
    },
    {
      "type": "Feature",
      "properties": {
        "@id": "node/3987578839",
        "amenity": "restaurant",
        "cuisine": "italian",
        "name": "Italian Pasta"
      },
      "geometry": {
        "type": "Point",
        "coordinates": [
          110.3891976,
          -7.7685731
        ]
      },
      "id": "node/3987578839"
    },
    {
      "type": "Feature",
      "properties": {
        "@id": "node/3987578840",
        "amenity": "restaurant",
        "name": "Kedai Sedek Raos"
      },
      "geometry": {
        "type": "Point",
        "coordinates": [
          110.3938635,
          -7.7617752
        ]
      },
      "id": "node/3987578840"
    },
    {
      "type": "Feature",
      "properties": {
        "@id": "node/3987578842",
        "addr:housenumber": "103",
        "addr:street": "Jalan Urip Sumoharjo",
        "amenity": "restaurant",
        "contact:facebook": "Taj Indian Kitchen",
        "contact:phone": "+62 274 556155",
        "cuisine": "indian",
        "name": "Taj"
      },
      "geometry": {
        "type": "Point",
        "coordinates": [
          110.3848854,
          -7.7832199
        ]
      },
      "id": "node/3987578842"
    },
    {
      "type": "Feature",
      "properties": {
        "@id": "node/4002066027",
        "addr:street": "Jalan Jembatan Merah",
        "amenity": "restaurant",
        "cuisine": "indonesian;italian;noodles;mexican;italian_pizza;fish;breakfast;international;pasta;coffee_shop;pancake;asian;chicken;tapas;sandwich;seafood;pizza;local;ice_cream;beef_bowl",
        "diet:vegan": "yes",
        "internet_access": "wlan",
        "name": "LOKAL Indonesia",
        "opening_hours": "Mo-Su 06:30-22:00"
      },
      "geometry": {
        "type": "Point",
        "coordinates": [
          110.3965908,
          -7.7595166
        ]
      },
      "id": "node/4002066027"
    },
    {
      "type": "Feature",
      "properties": {
        "@id": "node/4012066481",
        "amenity": "restaurant",
        "cuisine": "regional",
        "name": "Le Soleil"
      },
      "geometry": {
        "type": "Point",
        "coordinates": [
          110.3719973,
          -7.8192018
        ]
      },
      "id": "node/4012066481"
    },
    {
      "type": "Feature",
      "properties": {
        "@id": "node/4013846292",
        "amenity": "restaurant",
        "cuisine": "thai",
        "name": "Songkhla Thai Restaurant"
      },
      "geometry": {
        "type": "Point",
        "coordinates": [
          110.3812311,
          -7.7529926
        ]
      },
      "id": "node/4013846292"
    },
    {
      "type": "Feature",
      "properties": {
        "@id": "node/4063417064",
        "amenity": "restaurant",
        "name": "Bamboo House"
      },
      "geometry": {
        "type": "Point",
        "coordinates": [
          110.3688921,
          -7.8198842
        ]
      },
      "id": "node/4063417064"
    },
    {
      "type": "Feature",
      "properties": {
        "@id": "node/4146152129",
        "amenity": "restaurant",
        "cuisine": "ayam,_ikan,_ati_goreng/bakar_dan_lalapan",
        "name": "Warung Pak Kumis & Bu Gendut"
      },
      "geometry": {
        "type": "Point",
        "coordinates": [
          110.3995747,
          -7.7877965
        ]
      },
      "id": "node/4146152129"
    },
    {
      "type": "Feature",
      "properties": {
        "@id": "node/4146152130",
        "amenity": "restaurant",
        "cuisine": "ayam_geprek",
        "name": "Ayam Geprek"
      },
      "geometry": {
        "type": "Point",
        "coordinates": [
          110.3995426,
          -7.7876052
        ]
      },
      "id": "node/4146152130"
    },
    {
      "type": "Feature",
      "properties": {
        "@id": "node/4146166515",
        "amenity": "restaurant",
        "name": "Padang Murah"
      },
      "geometry": {
        "type": "Point",
        "coordinates": [
          110.3230245,
          -7.7830747
        ]
      },
      "id": "node/4146166515"
    },
    {
      "type": "Feature",
      "properties": {
        "@id": "node/4146198191",
        "amenity": "restaurant",
        "name": "Tong Seng"
      },
      "geometry": {
        "type": "Point",
        "coordinates": [
          110.3770993,
          -7.6520477
        ]
      },
      "id": "node/4146198191"
    },
    {
      "type": "Feature",
      "properties": {
        "@id": "node/4162538490",
        "amenity": "restaurant",
        "name": "Panties Pizza"
      },
      "geometry": {
        "type": "Point",
        "coordinates": [
          110.393419,
          -7.7639821
        ]
      },
      "id": "node/4162538490"
    },
    {
      "type": "Feature",
      "properties": {
        "@id": "node/4164237790",
        "amenity": "restaurant",
        "name": "Lotek Pandega Putri"
      },
      "geometry": {
        "type": "Point",
        "coordinates": [
          110.3800531,
          -7.7549858
        ]
      },
      "id": "node/4164237790"
    },
    {
      "type": "Feature",
      "properties": {
        "@id": "node/4164247296",
        "amenity": "restaurant",
        "name": "Burjo Maharasa"
      },
      "geometry": {
        "type": "Point",
        "coordinates": [
          110.3836072,
          -7.7546781
        ]
      },
      "id": "node/4164247296"
    },
    {
      "type": "Feature",
      "properties": {
        "@id": "node/4192972803",
        "amenity": "restaurant",
        "name": "Dixie Easy Dining"
      },
      "geometry": {
        "type": "Point",
        "coordinates": [
          110.3905494,
          -7.7699341
        ]
      },
      "id": "node/4192972803"
    },
    {
      "type": "Feature",
      "properties": {
        "@id": "node/4193428489",
        "addr:city": "Yogyakarta",
        "addr:housenumber": "A18",
        "addr:street": "Jl. Moses Gatotkaca",
        "amenity": "restaurant",
        "brand": "Loving Hut",
        "brand:wikidata": "Q3491655",
        "cuisine": "international",
        "diet:vegan": "only",
        "name": "Loving Hut",
        "opening_hours": "Mo-Su 09:30-20:30; Mo-Su 09:30-08:30",
        "operator": "Loving Hut",
        "organic": "yes",
        "phone": "+62 274 562959"
      },
      "geometry": {
        "type": "Point",
        "coordinates": [
          110.3898886,
          -7.7763111
        ]
      },
      "id": "node/4193428489"
    },
    {
      "type": "Feature",
      "properties": {
        "@id": "node/4197114289",
        "amenity": "restaurant",
        "name": "Nanamia Pizzeria"
      },
      "geometry": {
        "type": "Point",
        "coordinates": [
          110.3915939,
          -7.7678687
        ]
      },
      "id": "node/4197114289"
    },
    {
      "type": "Feature",
      "properties": {
        "@id": "node/4215310292",
        "amenity": "restaurant",
        "cuisine": "korean;japanese",
        "name": "Silla Resto"
      },
      "geometry": {
        "type": "Point",
        "coordinates": [
          110.3863837,
          -7.7575166
        ]
      },
      "id": "node/4215310292"
    },
    {
      "type": "Feature",
      "properties": {
        "@id": "node/4290034496",
        "amenity": "restaurant",
        "name": "Pak Gembul"
      },
      "geometry": {
        "type": "Point",
        "coordinates": [
          110.3616132,
          -7.8010808
        ]
      },
      "id": "node/4290034496"
    },
    {
      "type": "Feature",
      "properties": {
        "@id": "node/4303544189",
        "addr:street": "Jalan Wates",
        "amenity": "restaurant",
        "name": "Sate Klathak Pak Yakut"
      },
      "geometry": {
        "type": "Point",
        "coordinates": [
          110.337839,
          -7.800588
        ]
      },
      "id": "node/4303544189"
    },
    {
      "type": "Feature",
      "properties": {
        "@id": "node/4319346929",
        "addr:street": "Jalan Kledokan",
        "amenity": "restaurant",
        "name": "Kedai Seblak Phiim-Phiim",
        "opening_hours": "Mo-Su 10:00-22:00"
      },
      "geometry": {
        "type": "Point",
        "coordinates": [
          110.408726,
          -7.775158
        ]
      },
      "id": "node/4319346929"
    },
    {
      "type": "Feature",
      "properties": {
        "@id": "node/4319346930",
        "addr:street": "Jalan Perumnas",
        "amenity": "restaurant",
        "name": "Warung Bakmi Pak Waluyo Jogja"
      },
      "geometry": {
        "type": "Point",
        "coordinates": [
          110.4054191,
          -7.769441
        ]
      },
      "id": "node/4319346930"
    },
    {
      "type": "Feature",
      "properties": {
        "@id": "node/4328694295",
        "addr:street": "Jalan Kusumanegara",
        "amenity": "restaurant",
        "cuisine": "indonesian;curry",
        "name": "Soto Lamongan Cak Mangku",
        "opening_hours": "Mo-Su 09:00-23:00"
      },
      "geometry": {
        "type": "Point",
        "coordinates": [
          110.393007,
          -7.8021704
        ]
      },
      "id": "node/4328694295"
    },
    {
      "type": "Feature",
      "properties": {
        "@id": "node/4328807089",
        "addr:street": "Jalan Agro",
        "amenity": "restaurant",
        "cuisine": "bakso;soto",
        "name": "Bakso Soto Spesial Pak Ateng",
        "opening_hours": "Mo-Su 08:00-21:00"
      },
      "geometry": {
        "type": "Point",
        "coordinates": [
          110.3814572,
          -7.7664344
        ]
      },
      "id": "node/4328807089"
    },
    {
      "type": "Feature",
      "properties": {
        "@id": "node/4331953297",
        "addr:street": "Jalan Letnan Jendral Suprapto",
        "amenity": "restaurant",
        "name": "Tahu Tek Jumbo",
        "opening_hours": "Mo-Su 17:00-22:00"
      },
      "geometry": {
        "type": "Point",
        "coordinates": [
          110.3573118,
          -7.7912204
        ]
      },
      "id": "node/4331953297"
    },
    {
      "type": "Feature",
      "properties": {
        "@id": "node/4362074695",
        "amenity": "restaurant",
        "name": "Gudeg Yu Jum",
        "opening_hours": "Mo-Su 05:00-20:00"
      },
      "geometry": {
        "type": "Point",
        "coordinates": [
          110.3801303,
          -7.7631452
        ]
      },
      "id": "node/4362074695"
    },
    {
      "type": "Feature",
      "properties": {
        "@id": "node/4362107102",
        "amenity": "restaurant",
        "name": "Ayam Goreng Pak Wage",
        "opening_hours": "Mo-Su 09:00-20:00"
      },
      "geometry": {
        "type": "Point",
        "coordinates": [
          110.3823167,
          -7.7663583
        ]
      },
      "id": "node/4362107102"
    },
    {
      "type": "Feature",
      "properties": {
        "@id": "node/4423162839",
        "addr:city": "Yogyakarta",
        "addr:housenumber": "234",
        "addr:postcode": "55582",
        "addr:street": "Jalan Tukangan",
        "amenity": "restaurant",
        "capacity": "50",
        "cuisine": "italian",
        "delivery": "no",
        "name": "Manuk Londho",
        "opening_hours": "12 hours",
        "smoking": "separated",
        "takeaway": "no"
      },
      "geometry": {
        "type": "Point",
        "coordinates": [
          110.3719224,
          -7.7918948
        ]
      },
      "id": "node/4423162839"
    },
    {
      "type": "Feature",
      "properties": {
        "@id": "node/4424583591",
        "amenity": "restaurant",
        "cuisine": "chinese",
        "name": "Tio Ciu Seafood & Chinese Food"
      },
      "geometry": {
        "type": "Point",
        "coordinates": [
          110.3703171,
          -7.7827313
        ]
      },
      "id": "node/4424583591"
    },
    {
      "type": "Feature",
      "properties": {
        "@id": "node/4424590790",
        "amenity": "restaurant",
        "cuisine": "indonesian",
        "name": "Batik"
      },
      "geometry": {
        "type": "Point",
        "coordinates": [
          110.365052,
          -7.7916636
        ]
      },
      "id": "node/4424590790"
    },
    {
      "type": "Feature",
      "properties": {
        "@id": "node/4424600989",
        "amenity": "restaurant",
        "cuisine": "chinese",
        "name": "Sintawang Resto"
      },
      "geometry": {
        "type": "Point",
        "coordinates": [
          110.3607339,
          -7.7820808
        ]
      },
      "id": "node/4424600989"
    },
    {
      "type": "Feature",
      "properties": {
        "@id": "node/4424603489",
        "amenity": "restaurant",
        "cuisine": "indonesian",
        "name": "Warung Soto Pak Martin"
      },
      "geometry": {
        "type": "Point",
        "coordinates": [
          110.35462,
          -7.8080811
        ]
      },
      "id": "node/4424603489"
    },
    {
      "type": "Feature",
      "properties": {
        "@id": "node/4434082291",
        "air_conditioning": "no",
        "amenity": "restaurant",
        "bar": "no",
        "check_date": "2024-02-24",
        "cuisine": "noodle",
        "delivery": "yes",
        "diet:halal": "yes",
        "highchair": "no",
        "internet_access": "no",
        "name": "Mie Ayam Palembang Afui",
        "name:id": "Mie Ayam Palembang Afui",
        "payment:cash": "yes",
        "payment:credit_cards": "yes",
        "payment:debit_cards": "yes",
        "source": "survey",
        "takeaway": "yes",
        "toilets": "yes",
        "toilets:wheelchair": "no"
      },
      "geometry": {
        "type": "Point",
        "coordinates": [
          110.4161415,
          -7.7813679
        ]
      },
      "id": "node/4434082291"
    },
    {
      "type": "Feature",
      "properties": {
        "@id": "node/4469574891",
        "amenity": "restaurant",
        "name": "Abhayagiri Restaurant"
      },
      "geometry": {
        "type": "Point",
        "coordinates": [
          110.4970802,
          -7.7684634
        ]
      },
      "id": "node/4469574891"
    },
    {
      "type": "Feature",
      "properties": {
        "@id": "node/4470033192",
        "addr:street": "Jalan Imogiri Timur",
        "amenity": "restaurant",
        "name": "Sate Klathak Pak Pong"
      },
      "geometry": {
        "type": "Point",
        "coordinates": [
          110.3872742,
          -7.8712496
        ]
      },
      "id": "node/4470033192"
    },
    {
      "type": "Feature",
      "properties": {
        "@id": "node/4472559791",
        "addr:street": "Jalan Imogiri Timur KM. 10 Wonokromo",
        "amenity": "restaurant",
        "name": "Sate Klathak Pak Pong",
        "name:en": "Sate Klathak Pak Pong"
      },
      "geometry": {
        "type": "Point",
        "coordinates": [
          110.3874765,
          -7.8714194
        ]
      },
      "id": "node/4472559791"
    },
    {
      "type": "Feature",
      "properties": {
        "@id": "node/4492086691",
        "amenity": "restaurant",
        "name": "Mbok mampir aneka menu belut"
      },
      "geometry": {
        "type": "Point",
        "coordinates": [
          110.3835333,
          -7.8541753
        ]
      },
      "id": "node/4492086691"
    },
    {
      "type": "Feature",
      "properties": {
        "@id": "node/4516268491",
        "addr:street": "Jalan Krasak",
        "amenity": "restaurant",
        "changing_table": "no",
        "internet_access": "no",
        "name": "La-capila",
        "name:en": "La-capila",
        "opening_hours": "Mo-Sa 09:00-16:00; PH closed",
        "outdoor_seating": "sidewalk",
        "smoking": "yes",
        "takeaway": "yes",
        "weather_protection": "roof",
        "wheelchair": "no"
      },
      "geometry": {
        "type": "Point",
        "coordinates": [
          110.3724948,
          -7.7887367
        ]
      },
      "id": "node/4516268491"
    },
    {
      "type": "Feature",
      "properties": {
        "@id": "node/4580886192",
        "amenity": "restaurant",
        "cuisine": "indonesian",
        "name": "Warung",
        "name:es": "Warung"
      },
      "geometry": {
        "type": "Point",
        "coordinates": [
          110.4641718,
          -7.7662472
        ]
      },
      "id": "node/4580886192"
    },
    {
      "type": "Feature",
      "properties": {
        "@id": "node/4582469489",
        "amenity": "restaurant",
        "cuisine": "chinese;asian",
        "name": "Warung Bu Sri",
        "opening_hours": "Mo-Su 09:00-20:00"
      },
      "geometry": {
        "type": "Point",
        "coordinates": [
          110.3831686,
          -7.7604183
        ]
      },
      "id": "node/4582469489"
    },
    {
      "type": "Feature",
      "properties": {
        "@id": "node/4585536362",
        "amenity": "restaurant"
      },
      "geometry": {
        "type": "Point",
        "coordinates": [
          110.4139576,
          -7.7779601
        ]
      },
      "id": "node/4585536362"
    },
    {
      "type": "Feature",
      "properties": {
        "@id": "node/4585536373",
        "amenity": "restaurant"
      },
      "geometry": {
        "type": "Point",
        "coordinates": [
          110.4133139,
          -7.777774
        ]
      },
      "id": "node/4585536373"
    },
    {
      "type": "Feature",
      "properties": {
        "@id": "node/4585536381",
        "amenity": "restaurant"
      },
      "geometry": {
        "type": "Point",
        "coordinates": [
          110.4162429,
          -7.77779
        ]
      },
      "id": "node/4585536381"
    },
    {
      "type": "Feature",
      "properties": {
        "@id": "node/4585536383",
        "amenity": "restaurant"
      },
      "geometry": {
        "type": "Point",
        "coordinates": [
          110.4126004,
          -7.7780451
        ]
      },
      "id": "node/4585536383"
    },
    {
      "type": "Feature",
      "properties": {
        "@id": "node/4585536384",
        "amenity": "restaurant"
      },
      "geometry": {
        "type": "Point",
        "coordinates": [
          110.4130725,
          -7.777673
        ]
      },
      "id": "node/4585536384"
    },
    {
      "type": "Feature",
      "properties": {
        "@id": "node/4585547406",
        "amenity": "restaurant",
        "name": "Warung Upnormal"
      },
      "geometry": {
        "type": "Point",
        "coordinates": [
          110.4105123,
          -7.765274
        ]
      },
      "id": "node/4585547406"
    },
    {
      "type": "Feature",
      "properties": {
        "@id": "node/4585555650",
        "amenity": "restaurant",
        "name": "Denaro"
      },
      "geometry": {
        "type": "Point",
        "coordinates": [
          110.4103907,
          -7.7661487
        ]
      },
      "id": "node/4585555650"
    },
    {
      "type": "Feature",
      "properties": {
        "@id": "node/4588016192",
        "addr:street": "Jalan lkhlas No.2A",
        "amenity": "restaurant",
        "cuisine": "indonesian",
        "name": "Ninit",
        "name:ja": "ニニット",
        "phone": "+62 293 3654 11"
      },
      "geometry": {
        "type": "Point",
        "coordinates": [
          110.37355,
          -7.7632394
        ]
      },
      "id": "node/4588016192"
    },
    {
      "type": "Feature",
      "properties": {
        "@id": "node/4588967018",
        "amenity": "restaurant",
        "name": "bakso tenis"
      },
      "geometry": {
        "type": "Point",
        "coordinates": [
          110.4090032,
          -7.757943
        ]
      },
      "id": "node/4588967018"
    },
    {
      "type": "Feature",
      "properties": {
        "@id": "node/4588967019",
        "amenity": "restaurant",
        "name": "Ayam geprek eskom"
      },
      "geometry": {
        "type": "Point",
        "coordinates": [
          110.4107902,
          -7.758582
        ]
      },
      "id": "node/4588967019"
    },
    {
      "type": "Feature",
      "properties": {
        "@id": "node/4589191249",
        "amenity": "restaurant"
      },
      "geometry": {
        "type": "Point",
        "coordinates": [
          110.4025287,
          -7.798407
        ]
      },
      "id": "node/4589191249"
    },
    {
      "type": "Feature",
      "properties": {
        "@id": "node/4590296596",
        "amenity": "restaurant",
        "cuisine": "regional",
        "name": "parsley bakery & cake shop"
      },
      "geometry": {
        "type": "Point",
        "coordinates": [
          110.4025525,
          -7.7580879
        ]
      },
      "id": "node/4590296596"
    },
    {
      "type": "Feature",
      "properties": {
        "@id": "node/4590622327",
        "amenity": "restaurant",
        "name": "soto bu inem"
      },
      "geometry": {
        "type": "Point",
        "coordinates": [
          110.3288364,
          -7.8418347
        ]
      },
      "id": "node/4590622327"
    },
    {
      "type": "Feature",
      "properties": {
        "@id": "node/4590639015",
        "amenity": "restaurant",
        "name": "Warung Makan Sri Tumpuk"
      },
      "geometry": {
        "type": "Point",
        "coordinates": [
          110.4241735,
          -7.7831012
        ]
      },
      "id": "node/4590639015"
    },
    {
      "type": "Feature",
      "properties": {
        "@id": "node/4590655049",
        "amenity": "restaurant",
        "name": "Warung Pojok"
      },
      "geometry": {
        "type": "Point",
        "coordinates": [
          110.3924433,
          -7.752839
        ]
      },
      "id": "node/4590655049"
    },
    {
      "type": "Feature",
      "properties": {
        "@id": "node/4590655054",
        "amenity": "restaurant",
        "name": "Warung Putra Bojong Nangka"
      },
      "geometry": {
        "type": "Point",
        "coordinates": [
          110.3959497,
          -7.7497318
        ]
      },
      "id": "node/4590655054"
    },
    {
      "type": "Feature",
      "properties": {
        "@id": "node/4590655055",
        "amenity": "restaurant",
        "name": "Doby Fried Chicken"
      },
      "geometry": {
        "type": "Point",
        "coordinates": [
          110.3951269,
          -7.7529565
        ]
      },
      "id": "node/4590655055"
    },
    {
      "type": "Feature",
      "properties": {
        "@id": "node/4590655056",
        "amenity": "restaurant",
        "name": "Warung De Juminten"
      },
      "geometry": {
        "type": "Point",
        "coordinates": [
          110.3954011,
          -7.7537278
        ]
      },
      "id": "node/4590655056"
    },
    {
      "type": "Feature",
      "properties": {
        "@id": "node/4590677764",
        "amenity": "restaurant",
        "name": "Gudeg Yu Djum"
      },
      "geometry": {
        "type": "Point",
        "coordinates": [
          110.4287114,
          -7.7833162
        ]
      },
      "id": "node/4590677764"
    },
    {
      "type": "Feature",
      "properties": {
        "@id": "node/4590695944",
        "amenity": "restaurant",
        "name": "Wamindo Maha Rasa"
      },
      "geometry": {
        "type": "Point",
        "coordinates": [
          110.4086962,
          -7.757767
        ]
      },
      "id": "node/4590695944"
    },
    {
      "type": "Feature",
      "properties": {
        "@id": "node/4590695945",
        "addr:city": "Yogyakarta",
        "addr:postcode": "55283",
        "addr:street": "Jalan Nusa Indah",
        "amenity": "restaurant",
        "cuisine": "local",
        "delivery": "yes",
        "name": "Warmindo Murni",
        "opening_hours": "24/7",
        "outdoor_seating": "no",
        "smoking": "yes",
        "takeaway": "yes"
      },
      "geometry": {
        "type": "Point",
        "coordinates": [
          110.4087771,
          -7.7573934
        ]
      },
      "id": "node/4590695945"
    },
    {
      "type": "Feature",
      "properties": {
        "@id": "node/4590872602",
        "amenity": "restaurant",
        "name": "Twister Chinese Food"
      },
      "geometry": {
        "type": "Point",
        "coordinates": [
          110.3728702,
          -7.7834712
        ]
      },
      "id": "node/4590872602"
    },
    {
      "type": "Feature",
      "properties": {
        "@id": "node/4590920996",
        "amenity": "restaurant",
        "name": "warung bakmi jawa enak"
      },
      "geometry": {
        "type": "Point",
        "coordinates": [
          110.3483502,
          -7.8180882
        ]
      },
      "id": "node/4590920996"
    },
    {
      "type": "Feature",
      "properties": {
        "@id": "node/4590939197",
        "amenity": "restaurant",
        "name": "warung makan indomie"
      },
      "geometry": {
        "type": "Point",
        "coordinates": [
          110.4197455,
          -7.7647501
        ]
      },
      "id": "node/4590939197"
    },
    {
      "type": "Feature",
      "properties": {
        "@id": "node/4590940932",
        "amenity": "restaurant",
        "name": "bika ambon larizo"
      },
      "geometry": {
        "type": "Point",
        "coordinates": [
          110.3619627,
          -7.8182686
        ]
      },
      "id": "node/4590940932"
    },
    {
      "type": "Feature",
      "properties": {
        "@id": "node/4591254263",
        "amenity": "restaurant",
        "name": "Burjo UNY"
      },
      "geometry": {
        "type": "Point",
        "coordinates": [
          110.385534,
          -7.7732023
        ]
      },
      "id": "node/4591254263"
    },
    {
      "type": "Feature",
      "properties": {
        "@id": "node/4591254265",
        "amenity": "restaurant",
        "name": "warung makan"
      },
      "geometry": {
        "type": "Point",
        "coordinates": [
          110.3859687,
          -7.7728377
        ]
      },
      "id": "node/4591254265"
    },
    {
      "type": "Feature",
      "properties": {
        "@id": "node/4591822498",
        "amenity": "restaurant",
        "name": "mbak handa"
      },
      "geometry": {
        "type": "Point",
        "coordinates": [
          110.4182054,
          -7.7652962
        ]
      },
      "id": "node/4591822498"
    },
    {
      "type": "Feature",
      "properties": {
        "@id": "node/4592734533",
        "amenity": "restaurant",
        "name": "gudeg bu tatik"
      },
      "geometry": {
        "type": "Point",
        "coordinates": [
          110.320791,
          -7.8288129
        ]
      },
      "id": "node/4592734533"
    },
    {
      "type": "Feature",
      "properties": {
        "@id": "node/4708915691",
        "amenity": "restaurant"
      },
      "geometry": {
        "type": "Point",
        "coordinates": [
          110.3750728,
          -7.6155795
        ]
      },
      "id": "node/4708915691"
    },
    {
      "type": "Feature",
      "properties": {
        "@id": "node/4752452055",
        "addr:city": "Yogyakarta",
        "addr:housenumber": "133",
        "addr:postcode": "55222",
        "addr:street": "Jalan Urip Sumoharjo",
        "amenity": "restaurant",
        "name": "Ayam Goreng Tojoyo 3",
        "opening_hours": "Mo-Su 11:00-22:30",
        "phone": "+62 274 552 750",
        "takeaway": "yes"
      },
      "geometry": {
        "type": "Point",
        "coordinates": [
          110.386623,
          -7.7829566
        ]
      },
      "id": "node/4752452055"
    },
    {
      "type": "Feature",
      "properties": {
        "@id": "node/4757712523",
        "amenity": "restaurant"
      },
      "geometry": {
        "type": "Point",
        "coordinates": [
          110.3626161,
          -7.8162698
        ]
      },
      "id": "node/4757712523"
    },
    {
      "type": "Feature",
      "properties": {
        "@id": "node/4761109923",
        "amenity": "restaurant",
        "description": "often open later\nsmall menu, vegetarian dishes or with meat. omelet, juice & lassy (~smoothie), fruits and pancakes\npleasant staff",
        "diet:vegetarian": "yes",
        "name": "Water Castle Cafe"
      },
      "geometry": {
        "type": "Point",
        "coordinates": [
          110.3600747,
          -7.8086823
        ]
      },
      "id": "node/4761109923"
    },
    {
      "type": "Feature",
      "properties": {
        "@id": "node/4763543321",
        "amenity": "restaurant",
        "name": "Holyland Warung"
      },
      "geometry": {
        "type": "Point",
        "coordinates": [
          110.3622622,
          -7.8002269
        ]
      },
      "id": "node/4763543321"
    },
    {
      "type": "Feature",
      "properties": {
        "@id": "node/4771094723",
        "amenity": "restaurant",
        "name": "Sop Buntut & Ayam Goreng Cokro"
      },
      "geometry": {
        "type": "Point",
        "coordinates": [
          110.3538973,
          -7.7897244
        ]
      },
      "id": "node/4771094723"
    },
    {
      "type": "Feature",
      "properties": {
        "@id": "node/4771094724",
        "amenity": "restaurant",
        "name": "Phuket Resto"
      },
      "geometry": {
        "type": "Point",
        "coordinates": [
          110.3538993,
          -7.7898098
        ]
      },
      "id": "node/4771094724"
    },
    {
      "type": "Feature",
      "properties": {
        "@id": "node/4771123824",
        "addr:housenumber": "84",
        "addr:street": "Jalan Wiratama",
        "amenity": "restaurant",
        "cuisine": "indonesian",
        "name": "Soto Pak Sholeh “Al-Barokah”"
      },
      "geometry": {
        "type": "Point",
        "coordinates": [
          110.3526714,
          -7.787186
        ]
      },
      "id": "node/4771123824"
    },
    {
      "type": "Feature",
      "properties": {
        "@id": "node/4791116022",
        "addr:street": "Jalan Magelang",
        "amenity": "restaurant",
        "name": "Grha sarina Vidi"
      },
      "geometry": {
        "type": "Point",
        "coordinates": [
          110.3638476,
          -7.7334631
        ]
      },
      "id": "node/4791116022"
    },
    {
      "type": "Feature",
      "properties": {
        "@id": "node/4792695825",
        "amenity": "restaurant",
        "name": "Honje"
      },
      "geometry": {
        "type": "Point",
        "coordinates": [
          110.3667788,
          -7.7834722
        ]
      },
      "id": "node/4792695825"
    },
    {
      "type": "Feature",
      "properties": {
        "@id": "node/4795283934",
        "addr:street": "Jalan HOS Cokroaminoto",
        "amenity": "restaurant",
        "name": "Angkringan Texas",
        "opening_hours": "Mo-Su 17:00-00:00"
      },
      "geometry": {
        "type": "Point",
        "coordinates": [
          110.3533835,
          -7.7930874
        ]
      },
      "id": "node/4795283934"
    },
    {
      "type": "Feature",
      "properties": {
        "@id": "node/4795283936",
        "amenity": "restaurant",
        "name": "Angkringan"
      },
      "geometry": {
        "type": "Point",
        "coordinates": [
          110.3512358,
          -7.7879697
        ]
      },
      "id": "node/4795283936"
    },
    {
      "type": "Feature",
      "properties": {
        "@id": "node/4795298322",
        "amenity": "restaurant",
        "name": "Angkringan"
      },
      "geometry": {
        "type": "Point",
        "coordinates": [
          110.3511201,
          -7.7890488
        ]
      },
      "id": "node/4795298322"
    },
    {
      "type": "Feature",
      "properties": {
        "@id": "node/4795298421",
        "amenity": "restaurant",
        "name": "Angkringan"
      },
      "geometry": {
        "type": "Point",
        "coordinates": [
          110.3505683,
          -7.7926023
        ]
      },
      "id": "node/4795298421"
    },
    {
      "type": "Feature",
      "properties": {
        "@id": "node/4798160824",
        "addr:street": "Jalan HOS Cokroaminoto",
        "amenity": "restaurant",
        "name": "Angkringan"
      },
      "geometry": {
        "type": "Point",
        "coordinates": [
          110.3540058,
          -7.7901041
        ]
      },
      "id": "node/4798160824"
    },
    {
      "type": "Feature",
      "properties": {
        "@id": "node/4799118024",
        "amenity": "restaurant",
        "name": "Angkringan"
      },
      "geometry": {
        "type": "Point",
        "coordinates": [
          110.3502168,
          -7.7920722
        ]
      },
      "id": "node/4799118024"
    },
    {
      "type": "Feature",
      "properties": {
        "@id": "node/4830845121",
        "addr:housenumber": "31",
        "addr:street": "Jalan Perwakilan",
        "amenity": "restaurant",
        "name": "Warung Bakso"
      },
      "geometry": {
        "type": "Point",
        "coordinates": [
          110.3674257,
          -7.7926473
        ]
      },
      "id": "node/4830845121"
    },
    {
      "type": "Feature",
      "properties": {
        "@id": "node/4831902732",
        "amenity": "restaurant",
        "name": "Warung Bu Sugirah"
      },
      "geometry": {
        "type": "Point",
        "coordinates": [
          110.3279451,
          -7.7679774
        ]
      },
      "id": "node/4831902732"
    },
    {
      "type": "Feature",
      "properties": {
        "@id": "node/4831903517",
        "addr:city": "Bantul",
        "amenity": "restaurant",
        "cuisine": "Bakso",
        "name": "Bakso Pak Tupar"
      },
      "geometry": {
        "type": "Point",
        "coordinates": [
          110.352765,
          -7.8951867
        ]
      },
      "id": "node/4831903517"
    },
    {
      "type": "Feature",
      "properties": {
        "@id": "node/4831903832",
        "amenity": "restaurant",
        "cuisine": "bakso",
        "name": "Bakso Jaka"
      },
      "geometry": {
        "type": "Point",
        "coordinates": [
          110.3208729,
          -7.9272228
        ]
      },
      "id": "node/4831903832"
    },
    {
      "type": "Feature",
      "properties": {
        "@id": "node/4831985002",
        "addr:city": "Sleman",
        "addr:street": "Jalan AM Sangaji",
        "amenity": "restaurant",
        "capacity": "80",
        "cuisine": "chinese",
        "delivery": "no",
        "name": "Muslim Chinese Food",
        "opening_hours": "12:00-21:00",
        "outdoor_seating": "no",
        "smoking": "yes",
        "takeaway": "yes"
      },
      "geometry": {
        "type": "Point",
        "coordinates": [
          110.3696469,
          -7.7578599
        ]
      },
      "id": "node/4831985002"
    },
    {
      "type": "Feature",
      "properties": {
        "@id": "node/4832030210",
        "amenity": "restaurant",
        "capacity": "15",
        "cuisine": "javanese_food,_fried_food",
        "delivery": "no",
        "name": "Rumah makan Dewi Ratih",
        "outdoor_seating": "no",
        "smoking": "no",
        "takeaway": "yes"
      },
      "geometry": {
        "type": "Point",
        "coordinates": [
          110.3848282,
          -7.7662425
        ]
      },
      "id": "node/4832030210"
    },
    {
      "type": "Feature",
      "properties": {
        "@id": "node/4832034870",
        "amenity": "restaurant",
        "name": "Mino Bakery"
      },
      "geometry": {
        "type": "Point",
        "coordinates": [
          110.4046327,
          -7.7465352
        ]
      },
      "id": "node/4832034870"
    },
    {
      "type": "Feature",
      "properties": {
        "@id": "node/4832042351",
        "amenity": "restaurant"
      },
      "geometry": {
        "type": "Point",
        "coordinates": [
          110.3833778,
          -7.7704447
        ]
      },
      "id": "node/4832042351"
    },
    {
      "type": "Feature",
      "properties": {
        "@id": "node/4843543525",
        "amenity": "restaurant",
        "name": "Rumah Makan 'Ampera' Nasi Padang Asli"
      },
      "geometry": {
        "type": "Point",
        "coordinates": [
          110.33431,
          -8.0230076
        ]
      },
      "id": "node/4843543525"
    },
    {
      "type": "Feature",
      "properties": {
        "@id": "node/4843552722",
        "addr:street": "Jl. Parangtritis",
        "amenity": "restaurant",
        "name": "Virgo Resto Bambu"
      },
      "geometry": {
        "type": "Point",
        "coordinates": [
          110.325814,
          -8.0178146
        ]
      },
      "id": "node/4843552722"
    },
    {
      "type": "Feature",
      "properties": {
        "@id": "node/4844444821",
        "addr:street": "Jalan Kaliurang",
        "amenity": "restaurant",
        "cuisine": "asian;indonesian",
        "name": "Lesehan Aldan"
      },
      "geometry": {
        "type": "Point",
        "coordinates": [
          110.4150497,
          -7.7011573
        ]
      },
      "id": "node/4844444821"
    },
    {
      "type": "Feature",
      "properties": {
        "@id": "node/4844444822",
        "addr:street": "Jl. Parangtritis",
        "amenity": "restaurant",
        "name": "Virgo Resto Bambu"
      },
      "geometry": {
        "type": "Point",
        "coordinates": [
          110.3253741,
          -8.0175814
        ]
      },
      "id": "node/4844444822"
    },
    {
      "type": "Feature",
      "properties": {
        "@id": "node/4849336821",
        "addr:street": "Jalan Kabupaten",
        "amenity": "restaurant",
        "name": "JeJamuran"
      },
      "geometry": {
        "type": "Point",
        "coordinates": [
          110.3609924,
          -7.7050336
        ]
      },
      "id": "node/4849336821"
    },
    {
      "type": "Feature",
      "properties": {
        "@id": "node/4849336921",
        "addr:street": "Jalan Kabupaten",
        "amenity": "restaurant",
        "name": "JeJamuran",
        "opening_hours": "Mo-Su 09:00-21:30"
      },
      "geometry": {
        "type": "Point",
        "coordinates": [
          110.3612343,
          -7.7054512
        ]
      },
      "id": "node/4849336921"
    },
    {
      "type": "Feature",
      "properties": {
        "@id": "node/4850031421",
        "addr:street": "Jalan Laksda Adisucipto",
        "amenity": "restaurant",
        "name": "Lombok Ijo"
      },
      "geometry": {
        "type": "Point",
        "coordinates": [
          110.3896844,
          -7.7832408
        ]
      },
      "id": "node/4850031421"
    },
    {
      "type": "Feature",
      "properties": {
        "@id": "node/4853355021",
        "amenity": "restaurant",
        "name": "Gudeg Djoeminten"
      },
      "geometry": {
        "type": "Point",
        "coordinates": [
          110.3625314,
          -7.7815487
        ]
      },
      "id": "node/4853355021"
    },
    {
      "type": "Feature",
      "properties": {
        "@id": "node/4894557924",
        "amenity": "restaurant",
        "cuisine": "indian",
        "name": "Ganesh ek sanskriti",
        "opening_hours": "Mo-Su 11:00-23:00",
        "website": "https://www.ganeshaeksanskriti.com/"
      },
      "geometry": {
        "type": "Point",
        "coordinates": [
          110.4286171,
          -7.7794951
        ]
      },
      "id": "node/4894557924"
    },
    {
      "type": "Feature",
      "properties": {
        "@id": "node/4895170421",
        "amenity": "restaurant",
        "name": "jeJamuran"
      },
      "geometry": {
        "type": "Point",
        "coordinates": [
          110.3613332,
          -7.7054204
        ]
      },
      "id": "node/4895170421"
    },
    {
      "type": "Feature",
      "properties": {
        "@id": "node/4908348223",
        "amenity": "restaurant",
        "name": "Ice cream Gelato"
      },
      "geometry": {
        "type": "Point",
        "coordinates": [
          110.3780142,
          -7.7937544
        ]
      },
      "id": "node/4908348223"
    },
    {
      "type": "Feature",
      "properties": {
        "@id": "node/4928813928",
        "amenity": "restaurant",
        "cuisine": "indonesian",
        "name": "Masakan Padang"
      },
      "geometry": {
        "type": "Point",
        "coordinates": [
          110.4490508,
          -7.7647185
        ]
      },
      "id": "node/4928813928"
    },
    {
      "type": "Feature",
      "properties": {
        "@id": "node/4940446176",
        "amenity": "restaurant",
        "description": "Traditional village food with beautiful ricefield views (order 1 day before)",
        "name": "Kuliner Kampung Emas"
      },
      "geometry": {
        "type": "Point",
        "coordinates": [
          110.5434129,
          -7.8692094
        ]
      },
      "id": "node/4940446176"
    },
    {
      "type": "Feature",
      "properties": {
        "@id": "node/4998878471",
        "amenity": "restaurant",
        "name": "Lumpia BOOM"
      },
      "geometry": {
        "type": "Point",
        "coordinates": [
          110.3876602,
          -7.7643511
        ]
      },
      "id": "node/4998878471"
    },
    {
      "type": "Feature",
      "properties": {
        "@id": "node/5040099423",
        "addr:street": "Jalan Bulog",
        "amenity": "restaurant",
        "cuisine": "indonesian",
        "name": "RM Padang",
        "opening_hours": "Mo-Sa 08:00-21:00"
      },
      "geometry": {
        "type": "Point",
        "coordinates": [
          110.4490301,
          -7.7647253
        ]
      },
      "id": "node/5040099423"
    },
    {
      "type": "Feature",
      "properties": {
        "@id": "node/5045741222",
        "amenity": "restaurant"
      },
      "geometry": {
        "type": "Point",
        "coordinates": [
          110.381288,
          -7.8166507
        ]
      },
      "id": "node/5045741222"
    },
    {
      "type": "Feature",
      "properties": {
        "@id": "node/5084972821",
        "amenity": "restaurant",
        "internet_access": "wlan",
        "name": "Kali Opac Resto"
      },
      "geometry": {
        "type": "Point",
        "coordinates": [
          110.4883128,
          -7.7475823
        ]
      },
      "id": "node/5084972821"
    },
    {
      "type": "Feature",
      "properties": {
        "@id": "node/5149703928",
        "amenity": "restaurant",
        "name": "Kantin JIH"
      },
      "geometry": {
        "type": "Point",
        "coordinates": [
          110.404105,
          -7.7578375
        ]
      },
      "id": "node/5149703928"
    },
    {
      "type": "Feature",
      "properties": {
        "@id": "node/5154076262",
        "amenity": "restaurant",
        "name": "Madagascar Seafood Jogja",
        "opening_hours": "11:00-22:00",
        "takeaway": "yes"
      },
      "geometry": {
        "type": "Point",
        "coordinates": [
          110.3812507,
          -7.7320979
        ]
      },
      "id": "node/5154076262"
    },
    {
      "type": "Feature",
      "properties": {
        "@id": "node/5155072654",
        "amenity": "restaurant",
        "name": "Warung DPR Dapur Pak Robie"
      },
      "geometry": {
        "type": "Point",
        "coordinates": [
          110.4825135,
          -7.7892293
        ]
      },
      "id": "node/5155072654"
    },
    {
      "type": "Feature",
      "properties": {
        "@id": "node/5155072941",
        "amenity": "restaurant",
        "name": "Bakmi Jowo Antero"
      },
      "geometry": {
        "type": "Point",
        "coordinates": [
          110.4828098,
          -7.7938399
        ]
      },
      "id": "node/5155072941"
    },
    {
      "type": "Feature",
      "properties": {
        "@id": "node/5155561865",
        "amenity": "restaurant",
        "name": "Burjo Warmindo"
      },
      "geometry": {
        "type": "Point",
        "coordinates": [
          110.4012506,
          -7.7243517
        ]
      },
      "id": "node/5155561865"
    },
    {
      "type": "Feature",
      "properties": {
        "@id": "node/5155561866",
        "amenity": "restaurant",
        "name": "Gudeg Mbarek Bu. Hj. Ahmad"
      },
      "geometry": {
        "type": "Point",
        "coordinates": [
          110.4014517,
          -7.7240819
        ]
      },
      "id": "node/5155561866"
    },
    {
      "type": "Feature",
      "properties": {
        "@id": "node/5201432821",
        "amenity": "restaurant",
        "cuisine": "indonesian;coffee_shop",
        "name": "D'Padukan Pie & Resto"
      },
      "geometry": {
        "type": "Point",
        "coordinates": [
          110.4295252,
          -7.6660593
        ]
      },
      "id": "node/5201432821"
    },
    {
      "type": "Feature",
      "properties": {
        "@id": "node/5202387410",
        "amenity": "restaurant",
        "name": "Soto Lenthok"
      },
      "geometry": {
        "type": "Point",
        "coordinates": [
          110.3605325,
          -7.8135747
        ]
      },
      "id": "node/5202387410"
    },
    {
      "type": "Feature",
      "properties": {
        "@id": "node/5203424658",
        "amenity": "restaurant",
        "delivery": "no",
        "name": "Warung Ayam Sakti"
      },
      "geometry": {
        "type": "Point",
        "coordinates": [
          110.3935855,
          -7.7891087
        ]
      },
      "id": "node/5203424658"
    },
    {
      "type": "Feature",
      "properties": {
        "@id": "node/5203432968",
        "amenity": "restaurant",
        "cuisine": "regional",
        "name": "Burjo Lor",
        "smoking": "outside"
      },
      "geometry": {
        "type": "Point",
        "coordinates": [
          110.3525102,
          -7.7760359
        ]
      },
      "id": "node/5203432968"
    },
    {
      "type": "Feature",
      "properties": {
        "@id": "node/5207545063",
        "amenity": "restaurant",
        "cuisine": "menu;javanese",
        "delivery": "no",
        "name": "RM Nasi Bambu",
        "outdoor_seating": "yes",
        "takeaway": "yes"
      },
      "geometry": {
        "type": "Point",
        "coordinates": [
          110.3806206,
          -7.7661925
        ]
      },
      "id": "node/5207545063"
    },
    {
      "type": "Feature",
      "properties": {
        "@id": "node/5225004923",
        "addr:housenumber": "No. 25",
        "addr:postcode": "55112",
        "addr:street": "Jalan Jagalan",
        "amenity": "restaurant",
        "name": "Ayam Goreng \"Mbak UUK\""
      },
      "geometry": {
        "type": "Point",
        "coordinates": [
          110.3708199,
          -7.7988289
        ]
      },
      "id": "node/5225004923"
    },
    {
      "type": "Feature",
      "properties": {
        "@id": "node/5243665656",
        "amenity": "restaurant",
        "name": "Pelem Golek"
      },
      "geometry": {
        "type": "Point",
        "coordinates": [
          110.376875,
          -7.7370417
        ]
      },
      "id": "node/5243665656"
    },
    {
      "type": "Feature",
      "properties": {
        "@id": "node/5249041423",
        "amenity": "restaurant",
        "name": "Arjuna Restaurant"
      },
      "geometry": {
        "type": "Point",
        "coordinates": [
          110.3664699,
          -7.8218252
        ]
      },
      "id": "node/5249041423"
    },
    {
      "type": "Feature",
      "properties": {
        "@id": "node/5250888332",
        "amenity": "restaurant",
        "capacity": "10",
        "cuisine": "regional",
        "delivery": "no",
        "name": "Mie goreng Minceu",
        "opening_hours": "Mo-Su 17:00-23:00",
        "outdoor_seating": "yes",
        "smoking": "yes",
        "takeaway": "yes"
      },
      "geometry": {
        "type": "Point",
        "coordinates": [
          110.3630416,
          -7.7937559
        ]
      },
      "id": "node/5250888332"
    },
    {
      "type": "Feature",
      "properties": {
        "@id": "node/5263136523",
        "amenity": "restaurant",
        "name": "Gudeg Yu Djum"
      },
      "geometry": {
        "type": "Point",
        "coordinates": [
          110.3651842,
          -7.7938856
        ]
      },
      "id": "node/5263136523"
    },
    {
      "type": "Feature",
      "properties": {
        "@id": "node/5272163222",
        "amenity": "restaurant",
        "name": "Sambal Uleg"
      },
      "geometry": {
        "type": "Point",
        "coordinates": [
          110.3642653,
          -7.7940731
        ]
      },
      "id": "node/5272163222"
    },
    {
      "type": "Feature",
      "properties": {
        "@id": "node/5272163223",
        "amenity": "restaurant",
        "name": "Mas bowo - nasi"
      },
      "geometry": {
        "type": "Point",
        "coordinates": [
          110.3652453,
          -7.7939069
        ]
      },
      "id": "node/5272163223"
    },
    {
      "type": "Feature",
      "properties": {
        "@id": "node/5272163521",
        "amenity": "restaurant",
        "name": "RAGIL - Sop iga/bontut"
      },
      "geometry": {
        "type": "Point",
        "coordinates": [
          110.3650379,
          -7.7938663
        ]
      },
      "id": "node/5272163521"
    },
    {
      "type": "Feature",
      "properties": {
        "@id": "node/5272163621",
        "amenity": "restaurant",
        "name": "Raos Eco - Gudeg"
      },
      "geometry": {
        "type": "Point",
        "coordinates": [
          110.3653314,
          -7.7939182
        ]
      },
      "id": "node/5272163621"
    },
    {
      "type": "Feature",
      "properties": {
        "@id": "node/5272163622",
        "amenity": "restaurant",
        "name": "Yani's Kitchen"
      },
      "geometry": {
        "type": "Point",
        "coordinates": [
          110.3618973,
          -7.793692
        ]
      },
      "id": "node/5272163622"
    },
    {
      "type": "Feature",
      "properties": {
        "@id": "node/5273444621",
        "amenity": "restaurant",
        "name": "Yogya Chicken"
      },
      "geometry": {
        "type": "Point",
        "coordinates": [
          110.3680323,
          -7.8036399
        ]
      },
      "id": "node/5273444621"
    },
    {
      "type": "Feature",
      "properties": {
        "@id": "node/5281978922",
        "amenity": "restaurant",
        "name": "Gudeg Yu Djum"
      },
      "geometry": {
        "type": "Point",
        "coordinates": [
          110.3667957,
          -7.8045233
        ]
      },
      "id": "node/5281978922"
    },
    {
      "type": "Feature",
      "properties": {
        "@id": "node/5289054923",
        "amenity": "restaurant",
        "cuisine": "indonesian",
        "name": "Warung Bakso Pak Ambar",
        "name:en": "Warung Bakso Pak Ambar"
      },
      "geometry": {
        "type": "Point",
        "coordinates": [
          110.2590265,
          -7.8140138
        ]
      },
      "id": "node/5289054923"
    },
    {
      "type": "Feature",
      "properties": {
        "@id": "node/5346914521",
        "addr:housenumber": "42",
        "addr:postcode": "55281",
        "addr:street": "Jalan Wahid Hasyim",
        "amenity": "restaurant",
        "cuisine": "pizza",
        "name": "GIB GIB Calzone",
        "opening_hours": "Tu-Su 16:00-00:00",
        "phone": "+62 821 3429 6179",
        "website": "https://www.instagram.com/gibgib.calzone/"
      },
      "geometry": {
        "type": "Point",
        "coordinates": [
          110.4037027,
          -7.7615641
        ]
      },
      "id": "node/5346914521"
    },
    {
      "type": "Feature",
      "properties": {
        "@id": "node/5447395339",
        "addr:street": "Jalan Wijilan",
        "amenity": "restaurant",
        "name": "Gudeg Ibu Widodo",
        "name:de": "Gudeg Ibu Widodo"
      },
      "geometry": {
        "type": "Point",
        "coordinates": [
          110.366775,
          -7.8042445
        ]
      },
      "id": "node/5447395339"
    },
    {
      "type": "Feature",
      "properties": {
        "@id": "node/5468132497",
        "amenity": "restaurant",
        "internet_access": "wlan",
        "internet_access:fee": "no",
        "name": "Bedhots Resto",
        "opening_hours": "08:00-23:00",
        "website": "https://bedhots.com/resto"
      },
      "geometry": {
        "type": "Point",
        "coordinates": [
          110.3639597,
          -7.7908659
        ]
      },
      "id": "node/5468132497"
    },
    {
      "type": "Feature",
      "properties": {
        "@id": "node/5484161527",
        "addr:housenumber": "no.2",
        "addr:postcode": "55224",
        "addr:street": "Jalan Sabirin",
        "amenity": "restaurant",
        "name": "Raminten’s Kitchen",
        "opening_hours": "Mo-Su 10:00-22:00"
      },
      "geometry": {
        "type": "Point",
        "coordinates": [
          110.3721122,
          -7.7843864
        ]
      },
      "id": "node/5484161527"
    },
    {
      "type": "Feature",
      "properties": {
        "@id": "node/5484438821",
        "addr:housenumber": "36",
        "addr:postcode": "55143",
        "addr:street": "Parangtritis",
        "amenity": "restaurant",
        "cuisine": "indonesian;chinese;noodles;seafood;asian",
        "internet_access": "wlan",
        "name": "Warung Cak Sule",
        "phone": "+62 274 3711 23"
      },
      "geometry": {
        "type": "Point",
        "coordinates": [
          110.3682223,
          -7.8168175
        ]
      },
      "id": "node/5484438821"
    },
    {
      "type": "Feature",
      "properties": {
        "@id": "node/5484540422",
        "addr:housenumber": "no2",
        "addr:street": "Parangtritis",
        "amenity": "restaurant",
        "cuisine": "sandwich;savory_pancakes;tea;cake;local;coffee_shop;indonesian;noodles",
        "internet_access": "wlan",
        "name": "Roti Van Java",
        "opening_hours": "Mo-Su 17:30-00:30",
        "website": "http://www.rotivanjava.com"
      },
      "geometry": {
        "type": "Point",
        "coordinates": [
          110.3683794,
          -7.8148598
        ]
      },
      "id": "node/5484540422"
    },
    {
      "type": "Feature",
      "properties": {
        "@id": "node/5491083321",
        "addr:housenumber": "165",
        "addr:street": "Jalan Brigjen. Katamso Selatan",
        "amenity": "restaurant",
        "cuisine": "indonesian;tea;noodles",
        "name": "Bakmi Jawa Pak Rebo",
        "phone": "+62 274 9334 388"
      },
      "geometry": {
        "type": "Point",
        "coordinates": [
          110.3690271,
          -7.8124132
        ]
      },
      "id": "node/5491083321"
    },
    {
      "type": "Feature",
      "properties": {
        "@id": "node/5500096421",
        "addr:housenumber": "63",
        "addr:street": "Jalan Kemetiran Kidul",
        "amenity": "restaurant",
        "cuisine": "asian",
        "internet_access": "wlan",
        "name": "Yammie Pathuk",
        "name:ru": "Yammie Pathuk",
        "opening_hours": "Mo-Su 09:00-21:00",
        "phone": "+6282292292112"
      },
      "geometry": {
        "type": "Point",
        "coordinates": [
          110.3582542,
          -7.7932706
        ]
      },
      "id": "node/5500096421"
    },
    {
      "type": "Feature",
      "properties": {
        "@id": "node/5521893849",
        "amenity": "restaurant",
        "cuisine": "indonesian;local",
        "name": "Warung Bu Hohok",
        "opening_hours": "Mo-Su 16:00-22:00"
      },
      "geometry": {
        "type": "Point",
        "coordinates": [
          110.3823556,
          -7.7597024
        ]
      },
      "id": "node/5521893849"
    },
    {
      "type": "Feature",
      "properties": {
        "@id": "node/5543318430",
        "amenity": "restaurant",
        "name": "Ayam Gebrek “DBC”"
      },
      "geometry": {
        "type": "Point",
        "coordinates": [
          110.3645868,
          -7.7973418
        ]
      },
      "id": "node/5543318430"
    },
    {
      "type": "Feature",
      "properties": {
        "@id": "node/5554130521",
        "addr:housenumber": "128",
        "addr:street": "Jalan Parangtritis",
        "amenity": "restaurant",
        "cuisine": "chinese;indonesian",
        "name": "Blengerr",
        "phone": "+62 812 61098787"
      },
      "geometry": {
        "type": "Point",
        "coordinates": [
          110.3676938,
          -7.8228759
        ]
      },
      "id": "node/5554130521"
    },
    {
      "type": "Feature",
      "properties": {
        "@id": "node/5554905151",
        "addr:street": "Jalan Brigjen. Katamso Selatan",
        "amenity": "restaurant",
        "cuisine": "indonesian",
        "name": "Bakmi Jawa Pak Rebo",
        "phone": "+62 818 8959 57"
      },
      "geometry": {
        "type": "Point",
        "coordinates": [
          110.3689812,
          -7.8122911
        ]
      },
      "id": "node/5554905151"
    },
    {
      "type": "Feature",
      "properties": {
        "@id": "node/5559366222",
        "addr:housenumber": "100",
        "addr:street": "Jalan Parangtritis",
        "amenity": "restaurant",
        "cuisine": "indonesian",
        "name": "Dapur El",
        "opening_hours": "Mo-Su 11:00-22:00"
      },
      "geometry": {
        "type": "Point",
        "coordinates": [
          110.3679259,
          -7.8212135
        ]
      },
      "id": "node/5559366222"
    },
    {
      "type": "Feature",
      "properties": {
        "@id": "node/5583703630",
        "amenity": "restaurant",
        "name": "Sate Klatak Kambing Muda"
      },
      "geometry": {
        "type": "Point",
        "coordinates": [
          110.3679466,
          -7.8196529
        ]
      },
      "id": "node/5583703630"
    },
    {
      "type": "Feature",
      "properties": {
        "@id": "node/5583703724",
        "amenity": "restaurant",
        "name": "Karma"
      },
      "geometry": {
        "type": "Point",
        "coordinates": [
          110.3717738,
          -7.819194
        ]
      },
      "id": "node/5583703724"
    },
    {
      "type": "Feature",
      "properties": {
        "@id": "node/5583705821",
        "amenity": "restaurant",
        "name": "Cungky's"
      },
      "geometry": {
        "type": "Point",
        "coordinates": [
          110.372961,
          -7.8195091
        ]
      },
      "id": "node/5583705821"
    },
    {
      "type": "Feature",
      "properties": {
        "@id": "node/5594627621",
        "amenity": "restaurant",
        "name:fr": "Pendopo Ndalem"
      },
      "geometry": {
        "type": "Point",
        "coordinates": [
          110.3612834,
          -7.8078071
        ]
      },
      "id": "node/5594627621"
    },
    {
      "type": "Feature",
      "properties": {
        "@id": "node/5600977921",
        "amenity": "restaurant",
        "name": "Gudeg Pawon"
      },
      "geometry": {
        "type": "Point",
        "coordinates": [
          110.3902995,
          -7.8057242
        ]
      },
      "id": "node/5600977921"
    },
    {
      "type": "Feature",
      "properties": {
        "@id": "node/5601280821",
        "amenity": "restaurant",
        "name": "Bakmi Jawa Pak Rebo"
      },
      "geometry": {
        "type": "Point",
        "coordinates": [
          110.36899,
          -7.8121665
        ]
      },
      "id": "node/5601280821"
    },
    {
      "type": "Feature",
      "properties": {
        "@id": "node/5601280822",
        "amenity": "restaurant",
        "name": "Gudeg Pawon"
      },
      "geometry": {
        "type": "Point",
        "coordinates": [
          110.3901282,
          -7.8056513
        ]
      },
      "id": "node/5601280822"
    },
    {
      "type": "Feature",
      "properties": {
        "@id": "node/5601280823",
        "amenity": "restaurant",
        "name": "Upload"
      },
      "geometry": {
        "type": "Point",
        "coordinates": [
          110.368367,
          -7.8165674
        ]
      },
      "id": "node/5601280823"
    },
    {
      "type": "Feature",
      "properties": {
        "@id": "node/5606144623",
        "amenity": "restaurant",
        "name": "Warung Kupat Tahu"
      },
      "geometry": {
        "type": "Point",
        "coordinates": [
          110.3722597,
          -7.7566523
        ]
      },
      "id": "node/5606144623"
    },
    {
      "type": "Feature",
      "properties": {
        "@id": "node/5671039486",
        "amenity": "restaurant",
        "name": "Rumah Makan Padang"
      },
      "geometry": {
        "type": "Point",
        "coordinates": [
          110.2905385,
          -7.7638847
        ]
      },
      "id": "node/5671039486"
    },
    {
      "type": "Feature",
      "properties": {
        "@id": "node/5743103321",
        "amenity": "restaurant",
        "name": "Warung Noodles",
        "opening_hours": "Mo-Su 18:00-23:00"
      },
      "geometry": {
        "type": "Point",
        "coordinates": [
          110.4101735,
          -7.7847793
        ]
      },
      "id": "node/5743103321"
    },
    {
      "type": "Feature",
      "properties": {
        "@id": "node/5748187721",
        "amenity": "restaurant",
        "name": "Gudeg yu Djum",
        "name:nl": "Gudeg yu Djum"
      },
      "geometry": {
        "type": "Point",
        "coordinates": [
          110.3661371,
          -7.8146485
        ]
      },
      "id": "node/5748187721"
    },
    {
      "type": "Feature",
      "properties": {
        "@id": "node/5776939653",
        "amenity": "restaurant",
        "name": "Gado-Gado"
      },
      "geometry": {
        "type": "Point",
        "coordinates": [
          110.3681944,
          -7.8186016
        ]
      },
      "id": "node/5776939653"
    },
    {
      "type": "Feature",
      "properties": {
        "@id": "node/5800479656",
        "addr:street": "Jl. Bantul Mantrijeron Dukuh",
        "amenity": "restaurant",
        "cuisine": "italian",
        "internet_access": "wlan",
        "name": "Calzone Express"
      },
      "geometry": {
        "type": "Point",
        "coordinates": [
          110.3557469,
          -7.8195082
        ]
      },
      "id": "node/5800479656"
    },
    {
      "type": "Feature",
      "properties": {
        "@id": "node/5801382155",
        "amenity": "restaurant",
        "name": "Warung Cak Sule",
        "name:de": "Warung Cak Sule"
      },
      "geometry": {
        "type": "Point",
        "coordinates": [
          110.3682068,
          -7.8173297
        ]
      },
      "id": "node/5801382155"
    },
    {
      "type": "Feature",
      "properties": {
        "@id": "node/5808345553",
        "amenity": "restaurant",
        "cuisine": "indonesian;chicken;local",
        "name": "Ayam Sate"
      },
      "geometry": {
        "type": "Point",
        "coordinates": [
          110.3560695,
          -7.8143487
        ]
      },
      "id": "node/5808345553"
    },
    {
      "type": "Feature",
      "properties": {
        "@id": "node/5810302454",
        "amenity": "restaurant",
        "cuisine": "indonesian;local",
        "name": "Kambing Sate"
      },
      "geometry": {
        "type": "Point",
        "coordinates": [
          110.3559088,
          -7.8142154
        ]
      },
      "id": "node/5810302454"
    },
    {
      "type": "Feature",
      "properties": {
        "@id": "node/5812394454",
        "amenity": "restaurant",
        "name": "Fruit Stand"
      },
      "geometry": {
        "type": "Point",
        "coordinates": [
          110.3552267,
          -7.8222012
        ]
      },
      "id": "node/5812394454"
    },
    {
      "type": "Feature",
      "properties": {
        "@id": "node/5814850753",
        "amenity": "restaurant",
        "cuisine": "indonesian;chicken;local;asian",
        "name": "Warung Acil Soto Banjar"
      },
      "geometry": {
        "type": "Point",
        "coordinates": [
          110.3550861,
          -7.8232689
        ]
      },
      "id": "node/5814850753"
    },
    {
      "type": "Feature",
      "properties": {
        "@id": "node/5820331953",
        "amenity": "restaurant",
        "cuisine": "indonesian;chicken;noodles;local",
        "internet_access": "wlan",
        "name": "Bakso Balungan"
      },
      "geometry": {
        "type": "Point",
        "coordinates": [
          110.3557167,
          -7.8119018
        ]
      },
      "id": "node/5820331953"
    },
    {
      "type": "Feature",
      "properties": {
        "@id": "node/5823422753",
        "amenity": "restaurant",
        "cuisine": "indonesian;local;asian",
        "name": "Tiga Saudara",
        "name:en": "Tiga Saudara Sate Kambing"
      },
      "geometry": {
        "type": "Point",
        "coordinates": [
          110.3556541,
          -7.818869
        ]
      },
      "id": "node/5823422753"
    },
    {
      "type": "Feature",
      "properties": {
        "@id": "node/5823423053",
        "amenity": "restaurant",
        "cuisine": "korean;indonesian;local;asian",
        "name": "Sagan Dak Galbi",
        "name:en": "Sagan Dak Galbi - Korean restaurant"
      },
      "geometry": {
        "type": "Point",
        "coordinates": [
          110.3793977,
          -7.7826198
        ]
      },
      "id": "node/5823423053"
    },
    {
      "type": "Feature",
      "properties": {
        "@id": "node/5836038317",
        "amenity": "restaurant",
        "diet:vegan": "yes",
        "diet:vegetarian": "yes",
        "name": "Lotus Mio",
        "opening_hours": "Mo-Su 09:00-22:00",
        "wheelchair": "limited"
      },
      "geometry": {
        "type": "Point",
        "coordinates": [
          110.3633602,
          -7.818349
        ]
      },
      "id": "node/5836038317"
    },
    {
      "type": "Feature",
      "properties": {
        "@id": "node/5836039798",
        "amenity": "restaurant",
        "name": "Warung Heru",
        "opening_hours": "Mo-Su 09:00-23:00"
      },
      "geometry": {
        "type": "Point",
        "coordinates": [
          110.3710081,
          -7.8191231
        ]
      },
      "id": "node/5836039798"
    },
    {
      "type": "Feature",
      "properties": {
        "@id": "node/5837800087",
        "amenity": "restaurant",
        "cuisine": "indonesian",
        "name": "warung sate ayam “pak kromo” (chicken satay)",
        "name:es": "warung sate ayam “pak kromo”"
      },
      "geometry": {
        "type": "Point",
        "coordinates": [
          110.3753559,
          -7.8016386
        ]
      },
      "id": "node/5837800087"
    },
    {
      "type": "Feature",
      "properties": {
        "@id": "node/5838946190",
        "amenity": "restaurant",
        "cuisine": "indonesian",
        "name": "Bintang Lesehan",
        "name:es": "Bintang Lesehan"
      },
      "geometry": {
        "type": "Point",
        "coordinates": [
          110.3656324,
          -7.7952944
        ]
      },
      "id": "node/5838946190"
    },
    {
      "type": "Feature",
      "properties": {
        "@id": "node/5842034285",
        "amenity": "restaurant",
        "changing_table": "no",
        "cuisine": "asian",
        "internet_access": "wlan",
        "internet_access:fee": "no",
        "name": "Yamie Panda",
        "name:en": "Yamie Panda",
        "name:es": "Yamie Panda",
        "opening_hours": "Mo-Su 09:00-22:00; PH closed",
        "reservation": "yes",
        "smoking": "separated",
        "takeaway": "yes",
        "toilets": "yes",
        "wheelchair": "no"
      },
      "geometry": {
        "type": "Point",
        "coordinates": [
          110.3748725,
          -7.7885025
        ]
      },
      "id": "node/5842034285"
    },
    {
      "type": "Feature",
      "properties": {
        "@id": "node/5855070049",
        "amenity": "restaurant",
        "name": "Popeye Chicken Express"
      },
      "geometry": {
        "type": "Point",
        "coordinates": [
          110.3556655,
          -7.8200381
        ]
      },
      "id": "node/5855070049"
    },
    {
      "type": "Feature",
      "properties": {
        "@id": "node/5867794185",
        "addr:city": "Bantul",
        "addr:housenumber": "8",
        "addr:street": "Jalan Plataran",
        "amenity": "restaurant",
        "contact:facebook": "https://www.facebook.com/simpleplantvegankitchen",
        "contact:phone": "+62 813 27395594",
        "cuisine": "indonesian;tea;burger;pasta;coffee_shop",
        "diet:vegan": "only",
        "name": "Simple Plant vegetarian resto & art space",
        "opening_hours": "Tu-Su 11:00-20:00"
      },
      "geometry": {
        "type": "Point",
        "coordinates": [
          110.3400082,
          -7.8361159
        ]
      },
      "id": "node/5867794185"
    },
    {
      "type": "Feature",
      "properties": {
        "@id": "node/5869847305",
        "amenity": "restaurant",
        "name": "Il Pozzo Ristorante"
      },
      "geometry": {
        "type": "Point",
        "coordinates": [
          110.3782101,
          -7.7915222
        ]
      },
      "id": "node/5869847305"
    },
    {
      "type": "Feature",
      "properties": {
        "@id": "node/5909631385",
        "amenity": "restaurant",
        "name": "Warung Mie Ayam Pansit"
      },
      "geometry": {
        "type": "Point",
        "coordinates": [
          110.3642595,
          -7.7962024
        ]
      },
      "id": "node/5909631385"
    },
    {
      "type": "Feature",
      "properties": {
        "@id": "node/5911323786",
        "addr:city": "Yogyakarta",
        "addr:housenumber": "17C",
        "addr:postcode": "55143",
        "addr:street": "Jalan Tirtodipuran",
        "air_conditioning": "yes",
        "amenity": "restaurant",
        "cuisine": "regional;local;indonesian;pasta;coffee_shop;sandwich",
        "internet_access": "wlan",
        "level": "0",
        "name": "Tujuan",
        "opening_hours": "Mo-Su 09:00-23:00",
        "phone": "+62 274 417577",
        "smoking": "outside",
        "website": "https://www.tujuan.id",
        "wheelchair": "no"
      },
      "geometry": {
        "type": "Point",
        "coordinates": [
          110.3647863,
          -7.8183994
        ]
      },
      "id": "node/5911323786"
    },
    {
      "type": "Feature",
      "properties": {
        "@id": "node/5922392985",
        "amenity": "restaurant",
        "name": "Warung (cheap and very good)"
      },
      "geometry": {
        "type": "Point",
        "coordinates": [
          110.3616375,
          -7.8201583
        ]
      },
      "id": "node/5922392985"
    },
    {
      "type": "Feature",
      "properties": {
        "@id": "node/6009239063",
        "amenity": "restaurant",
        "cuisine": "regional",
        "internet_access": "no",
        "internet_access:fee": "no",
        "name": "Bale Bebakaran",
        "smoking": "yes"
      },
      "geometry": {
        "type": "Point",
        "coordinates": [
          110.3785122,
          -7.7634678
        ]
      },
      "id": "node/6009239063"
    },
    {
      "type": "Feature",
      "properties": {
        "@id": "node/6009268149",
        "amenity": "restaurant",
        "cuisine": "steak",
        "description": "Tempat makan dan nonkrong #grabcgise2018",
        "name": "Holy Smokes",
        "smoking": "isolated",
        "takeaway": "no"
      },
      "geometry": {
        "type": "Point",
        "coordinates": [
          110.383013,
          -7.7557533
        ]
      },
      "id": "node/6009268149"
    },
    {
      "type": "Feature",
      "properties": {
        "@id": "node/6009277234",
        "addr:city": "Sentolo",
        "addr:housenumber": "23",
        "addr:street": "Jalan Wates",
        "amenity": "restaurant",
        "capacity": "25",
        "cuisine": "regional",
        "delivery": "yes",
        "name": "burjo",
        "opening_hours": "Mo-Su 09:00-21:00",
        "outdoor_seating": "yes",
        "smoking": "yes",
        "takeaway": "yes"
      },
      "geometry": {
        "type": "Point",
        "coordinates": [
          110.2293405,
          -7.824972
        ]
      },
      "id": "node/6009277234"
    },
    {
      "type": "Feature",
      "properties": {
        "@id": "node/6009279796",
        "amenity": "restaurant",
        "cuisine": "traditional",
        "name": "Warung Makan Mbak Pri"
      },
      "geometry": {
        "type": "Point",
        "coordinates": [
          110.3774157,
          -7.7558717
        ]
      },
      "id": "node/6009279796"
    },
    {
      "type": "Feature",
      "properties": {
        "@id": "node/6009300548",
        "amenity": "restaurant",
        "cuisine": "noodle;meatball",
        "name": "Bakso dan Mie Ayam Pak Seger"
      },
      "geometry": {
        "type": "Point",
        "coordinates": [
          110.3821562,
          -7.7569188
        ]
      },
      "id": "node/6009300548"
    },
    {
      "type": "Feature",
      "properties": {
        "@id": "node/6009310274",
        "amenity": "restaurant",
        "cuisine": "chicken",
        "name": "ayam tulang Lunak Hayam wuruk"
      },
      "geometry": {
        "type": "Point",
        "coordinates": [
          110.3817382,
          -7.7586471
        ]
      },
      "id": "node/6009310274"
    },
    {
      "type": "Feature",
      "properties": {
        "@id": "node/6009327717",
        "amenity": "restaurant",
        "name": "Warung Tubruk"
      },
      "geometry": {
        "type": "Point",
        "coordinates": [
          110.3810126,
          -7.7605176
        ]
      },
      "id": "node/6009327717"
    },
    {
      "type": "Feature",
      "properties": {
        "@id": "node/6009341762",
        "amenity": "restaurant",
        "name": "De Kendhil Resto"
      },
      "geometry": {
        "type": "Point",
        "coordinates": [
          110.3808665,
          -7.7608282
        ]
      },
      "id": "node/6009341762"
    },
    {
      "type": "Feature",
      "properties": {
        "@id": "node/6009361192",
        "amenity": "restaurant",
        "name": "Mie Lampung Uno"
      },
      "geometry": {
        "type": "Point",
        "coordinates": [
          110.3794356,
          -7.7635379
        ]
      },
      "id": "node/6009361192"
    },
    {
      "type": "Feature",
      "properties": {
        "@id": "node/6009361194",
        "amenity": "restaurant",
        "name": "Aldan Resto"
      },
      "geometry": {
        "type": "Point",
        "coordinates": [
          110.3795184,
          -7.7633091
        ]
      },
      "id": "node/6009361194"
    },
    {
      "type": "Feature",
      "properties": {
        "@id": "node/6009377633",
        "amenity": "restaurant",
        "name": "Warung Makan Indomie Saluyu"
      },
      "geometry": {
        "type": "Point",
        "coordinates": [
          110.3831588,
          -7.7599269
        ]
      },
      "id": "node/6009377633"
    },
    {
      "type": "Feature",
      "properties": {
        "@id": "node/6009377634",
        "amenity": "restaurant",
        "name": "Warung Makan Pak Wandi"
      },
      "geometry": {
        "type": "Point",
        "coordinates": [
          110.3830984,
          -7.7600945
        ]
      },
      "id": "node/6009377634"
    },
    {
      "type": "Feature",
      "properties": {
        "@id": "node/6009385076",
        "amenity": "restaurant",
        "name": "Warung bu rinni"
      },
      "geometry": {
        "type": "Point",
        "coordinates": [
          110.3808126,
          -7.7647554
        ]
      },
      "id": "node/6009385076"
    },
    {
      "type": "Feature",
      "properties": {
        "@id": "node/6009385281",
        "amenity": "restaurant",
        "name": "Soto Ayam Seger"
      },
      "geometry": {
        "type": "Point",
        "coordinates": [
          110.3834318,
          -7.7611826
        ]
      },
      "id": "node/6009385281"
    },
    {
      "type": "Feature",
      "properties": {
        "@id": "node/6009385284",
        "amenity": "restaurant",
        "name": "Lesehan Jasmin"
      },
      "geometry": {
        "type": "Point",
        "coordinates": [
          110.3834626,
          -7.7616037
        ]
      },
      "id": "node/6009385284"
    },
    {
      "type": "Feature",
      "properties": {
        "@id": "node/6009386385",
        "amenity": "restaurant",
        "name": "Warmindo Kedai solusi"
      },
      "geometry": {
        "type": "Point",
        "coordinates": [
          110.3828261,
          -7.7621506
        ]
      },
      "id": "node/6009386385"
    },
    {
      "type": "Feature",
      "properties": {
        "@id": "node/6009402150",
        "amenity": "restaurant",
        "name": "Warung Makan Bu Wid"
      },
      "geometry": {
        "type": "Point",
        "coordinates": [
          110.3789299,
          -7.7642485
        ]
      },
      "id": "node/6009402150"
    },
    {
      "type": "Feature",
      "properties": {
        "@id": "node/6009402153",
        "amenity": "restaurant",
        "name": "Warung Makan Geprek Minyo"
      },
      "geometry": {
        "type": "Point",
        "coordinates": [
          110.3778729,
          -7.763991
        ]
      },
      "id": "node/6009402153"
    },
    {
      "type": "Feature",
      "properties": {
        "@id": "node/6009413370",
        "amenity": "restaurant",
        "name": "Rempah Asia"
      },
      "geometry": {
        "type": "Point",
        "coordinates": [
          110.3804861,
          -7.7609081
        ]
      },
      "id": "node/6009413370"
    },
    {
      "type": "Feature",
      "properties": {
        "@id": "node/6009413371",
        "amenity": "restaurant",
        "name": "Bungong Jeumpa"
      },
      "geometry": {
        "type": "Point",
        "coordinates": [
          110.3805419,
          -7.7607842
        ]
      },
      "id": "node/6009413371"
    },
    {
      "type": "Feature",
      "properties": {
        "@id": "node/6009424982",
        "amenity": "restaurant",
        "name": "Zuparella"
      },
      "geometry": {
        "type": "Point",
        "coordinates": [
          110.3812742,
          -7.7589311
        ]
      },
      "id": "node/6009424982"
    },
    {
      "type": "Feature",
      "properties": {
        "@id": "node/6021058786",
        "amenity": "restaurant",
        "name": "Tirto Segoro"
      },
      "geometry": {
        "type": "Point",
        "coordinates": [
          110.3207125,
          -8.0143042
        ]
      },
      "id": "node/6021058786"
    },
    {
      "type": "Feature",
      "properties": {
        "@id": "node/6081257836",
        "amenity": "restaurant",
        "capacity": "20",
        "cuisine": "regional;indonesian",
        "name": "The Rice Cup",
        "takeaway": "yes"
      },
      "geometry": {
        "type": "Point",
        "coordinates": [
          110.3853033,
          -7.7677969
        ]
      },
      "id": "node/6081257836"
    },
    {
      "type": "Feature",
      "properties": {
        "@id": "node/6153487085",
        "addr:housenumber": "28",
        "addr:street": "Jalan Langenastran Lor",
        "amenity": "restaurant",
        "name": "Nikmat Rasa Bakso & Mie Ayam"
      },
      "geometry": {
        "type": "Point",
        "coordinates": [
          110.3659595,
          -7.8118867
        ]
      },
      "id": "node/6153487085"
    },
    {
      "type": "Feature",
      "properties": {
        "@id": "node/6163683485",
        "amenity": "restaurant",
        "cuisine": "indonesian",
        "name": "Gudeg Sagan"
      },
      "geometry": {
        "type": "Point",
        "coordinates": [
          110.3797797,
          -7.777852
        ]
      },
      "id": "node/6163683485"
    },
    {
      "type": "Feature",
      "properties": {
        "@id": "node/6259023999",
        "amenity": "restaurant",
        "cuisine": "seafood",
        "name": "Cafe de Paris",
        "tourism": "guest_house"
      },
      "geometry": {
        "type": "Point",
        "coordinates": [
          110.3376396,
          -8.0272029
        ]
      },
      "id": "node/6259023999"
    },
    {
      "type": "Feature",
      "properties": {
        "@id": "node/6266740015",
        "amenity": "restaurant",
        "name": "Yogyakarta Bray Batagor"
      },
      "geometry": {
        "type": "Point",
        "coordinates": [
          110.4154887,
          -7.8129767
        ]
      },
      "id": "node/6266740015"
    },
    {
      "type": "Feature",
      "properties": {
        "@id": "node/6267351618",
        "addr:city": "Yogyakarta",
        "addr:housenumber": "10",
        "addr:neighbourhood": "Mantrijeron",
        "addr:postcode": "55141",
        "addr:state": "Yogyakarta",
        "addr:street": "Suryodiningratan",
        "air_conditioning": "yes",
        "amenity": "restaurant",
        "bar": "yes",
        "brand": "Easy Garden",
        "capacity": "100",
        "cuisine": "international",
        "delivery": "no",
        "diet:vegan": "yes",
        "diet:vegetarian": "yes",
        "email": "info@easygardenresto.com",
        "highchair": "yes",
        "internet_access": "wlan",
        "internet_access:fee": "no",
        "internet_access:ssid": "Easy Garden",
        "name": "Easy Garden Restaurant & Cafe",
        "not:name": "EasyGoIn'",
        "opening_hours": "12:00 - 01:00",
        "outdoor_seating": "yes",
        "payment:american_express": "yes",
        "payment:cash": "yes",
        "payment:credit_cards": "yes",
        "payment:debit_cards": "yes",
        "payment:mastercard": "yes",
        "payment:visa": "yes",
        "phone": "+62 274 4284 123",
        "reservation": "yes",
        "smoking": "separated",
        "takeaway": "yes",
        "website": "https://easygardenresto.com/",
        "wheelchair": "yes"
      },
      "geometry": {
        "type": "Point",
        "coordinates": [
          110.3613666,
          -7.817961
        ]
      },
      "id": "node/6267351618"
    },
    {
      "type": "Feature",
      "properties": {
        "@id": "node/6276124286",
        "addr:city": "Mergangsan",
        "addr:housenumber": "73",
        "addr:street": "Jl Parangtritis",
        "amenity": "restaurant",
        "contact:facebook": "https://www.facebook.com/depveg.R3/",
        "diet:vegan": "only",
        "name": "Depot Veggie",
        "opening_hours": "Mo, We-Sa 09:00-21:00; Su 11:00-21:00",
        "phone": "+62 878 12971728"
      },
      "geometry": {
        "type": "Point",
        "coordinates": [
          110.3682891,
          -7.8183251
        ]
      },
      "id": "node/6276124286"
    },
    {
      "type": "Feature",
      "properties": {
        "@id": "node/6276510830",
        "amenity": "restaurant",
        "diet:vegetarian": "yes",
        "internet_access:fee": "yes",
        "name": "Mezzanine"
      },
      "geometry": {
        "type": "Point",
        "coordinates": [
          110.3787614,
          -7.7307688
        ]
      },
      "id": "node/6276510830"
    },
    {
      "type": "Feature",
      "properties": {
        "@id": "node/6278524783",
        "alt_name": "waroeng spesial sambal",
        "amenity": "restaurant",
        "name": "warung SS"
      },
      "geometry": {
        "type": "Point",
        "coordinates": [
          110.4116364,
          -7.70677
        ]
      },
      "id": "node/6278524783"
    },
    {
      "type": "Feature",
      "properties": {
        "@id": "node/6294913227",
        "addr:housenumber": "888",
        "addr:street": "Jl. Padma",
        "amenity": "restaurant",
        "description": "Vegetarian restaurant, cafe and home decor shop",
        "diet:vegan": "yes",
        "diet:vegetarian": "only",
        "name": "Tulip Living",
        "opening_hours": "Tu-Su 09:00-17:00",
        "phone": "+6285326261939",
        "website": "http://tulipliving.com"
      },
      "geometry": {
        "type": "Point",
        "coordinates": [
          110.3686449,
          -7.7411182
        ]
      },
      "id": "node/6294913227"
    },
    {
      "type": "Feature",
      "properties": {
        "@id": "node/6302925933",
        "addr:housenumber": "646",
        "addr:street": "Jalan Prawirotaman II MG III",
        "amenity": "restaurant",
        "contact:facebook": "HungryNomadJogya",
        "diet:vegan": "yes",
        "diet:vegetarian": "yes",
        "name": "Hungry Nomad",
        "opening_hours": "Mo-Su 08:00-22:00",
        "phone": "+62 812 15599986"
      },
      "geometry": {
        "type": "Point",
        "coordinates": [
          110.3704115,
          -7.8201856
        ]
      },
      "id": "node/6302925933"
    },
    {
      "type": "Feature",
      "properties": {
        "@id": "node/6327275159",
        "amenity": "restaurant",
        "cuisine": "Aceh",
        "name": "Bungong Jeumpa"
      },
      "geometry": {
        "type": "Point",
        "coordinates": [
          110.3644388,
          -7.7780098
        ]
      },
      "id": "node/6327275159"
    },
    {
      "type": "Feature",
      "properties": {
        "@id": "node/6328803094",
        "amenity": "restaurant",
        "internet_access:fee": "yes",
        "name": "Warung kopi koboi"
      },
      "geometry": {
        "type": "Point",
        "coordinates": [
          110.3860237,
          -7.8431035
        ]
      },
      "id": "node/6328803094"
    },
    {
      "type": "Feature",
      "properties": {
        "@id": "node/6332540361",
        "amenity": "restaurant",
        "diet:vegan": "yes",
        "diet:vegetarian": "yes",
        "name": "Waroeng SS Kyai Mojo",
        "website": "https://www.waroengss.com/"
      },
      "geometry": {
        "type": "Point",
        "coordinates": [
          110.3554426,
          -7.7820842
        ]
      },
      "id": "node/6332540361"
    },
    {
      "type": "Feature",
      "properties": {
        "@id": "node/6335605798",
        "addr:housenumber": "627",
        "addr:street": "Jl. Prawirotaman II",
        "amenity": "restaurant",
        "brewery": "Pt. Multi Bintang Indonesia",
        "diet:vegan": "yes",
        "diet:vegetarian": "yes",
        "name": "Art Kitchen",
        "opening_hours": "Mo-Su 06:00-23:00",
        "phone": "+62274388877",
        "website": "http://greenhosthotel.com/eat-drink.html"
      },
      "geometry": {
        "type": "Point",
        "coordinates": [
          110.3690904,
          -7.8201007
        ]
      },
      "id": "node/6335605798"
    },
    {
      "type": "Feature",
      "properties": {
        "@id": "node/6342471370",
        "amenity": "restaurant",
        "internet_access:fee": "yes",
        "name": "Kedai Kopi Pari"
      },
      "geometry": {
        "type": "Point",
        "coordinates": [
          110.1205538,
          -7.7620365
        ]
      },
      "id": "node/6342471370"
    },
    {
      "type": "Feature",
      "properties": {
        "@id": "node/6347111163",
        "amenity": "restaurant",
        "name": "Kopi 'ijo'"
      },
      "geometry": {
        "type": "Point",
        "coordinates": [
          110.3800969,
          -7.7898879
        ]
      },
      "id": "node/6347111163"
    },
    {
      "type": "Feature",
      "properties": {
        "@id": "node/6359777566",
        "amenity": "restaurant",
        "description": "In Malioboro mall, 3rd floor",
        "diet:vegan": "only",
        "name": "Padang Vegan Damai"
      },
      "geometry": {
        "type": "Point",
        "coordinates": [
          110.3667089,
          -7.7932923
        ]
      },
      "id": "node/6359777566"
    },
    {
      "type": "Feature",
      "properties": {
        "@id": "node/6367150336",
        "amenity": "restaurant",
        "diet:vegetarian": "yes",
        "internet_access": "yes",
        "name": "Java Poetry"
      },
      "geometry": {
        "type": "Point",
        "coordinates": [
          110.3760422,
          -7.7803248
        ]
      },
      "id": "node/6367150336"
    },
    {
      "type": "Feature",
      "properties": {
        "@id": "node/6367235517",
        "addr:housenumber": "427",
        "addr:street": "Jalan Selokan Mataram",
        "amenity": "restaurant",
        "email": "aoa.our@gmail.com",
        "facebook": "aoaspace",
        "instagram": "aoa_space",
        "name": "AOA Resto & Creative Space",
        "phone": "+6285869061845",
        "website": "http://aoa-space.weebly.com"
      },
      "geometry": {
        "type": "Point",
        "coordinates": [
          110.3973745,
          -7.767783
        ]
      },
      "id": "node/6367235517"
    },
    {
      "type": "Feature",
      "properties": {
        "@id": "node/6369909889",
        "amenity": "restaurant",
        "diet:vegan": "yes",
        "diet:vegetarian": "only",
        "name": "Vege Jambon",
        "outdoor_seating": "yes"
      },
      "geometry": {
        "type": "Point",
        "coordinates": [
          110.3560442,
          -7.7681785
        ]
      },
      "id": "node/6369909889"
    },
    {
      "type": "Feature",
      "properties": {
        "@id": "node/6399954954",
        "addr:housenumber": "125",
        "addr:street": "Jl. Turonggo",
        "amenity": "restaurant",
        "diet:vegan": "only",
        "name": "Vege Jawi",
        "opening_hours": "Mo-Sa 09:00-20:00",
        "phone": "+62 812 34600089",
        "website": "https://grha-vege-jawi.business.site"
      },
      "geometry": {
        "type": "Point",
        "coordinates": [
          110.4029148,
          -7.7919019
        ]
      },
      "id": "node/6399954954"
    },
    {
      "type": "Feature",
      "properties": {
        "@id": "node/6413597524",
        "amenity": "restaurant",
        "internet_access:type": "wifi",
        "name": "Ss Sensasi Puedass",
        "outdoor_seating": "yes"
      },
      "geometry": {
        "type": "Point",
        "coordinates": [
          110.3990475,
          -7.7314705
        ]
      },
      "id": "node/6413597524"
    },
    {
      "type": "Feature",
      "properties": {
        "@id": "node/6415465392",
        "amenity": "restaurant",
        "diet:vegan": "yes",
        "diet:vegetarian": "yes",
        "name": "Sego Pecel Madiun Mergoroso",
        "opening_hours": "Mo-Su 06:00-15:00",
        "outdoor_seating": "yes",
        "wheelchair": "yes"
      },
      "geometry": {
        "type": "Point",
        "coordinates": [
          110.4054965,
          -7.8108466
        ]
      },
      "id": "node/6415465392"
    },
    {
      "type": "Feature",
      "properties": {
        "@id": "node/6508726385",
        "amenity": "restaurant",
        "cuisine": "indonesian",
        "name": "Sate Ratu"
      },
      "geometry": {
        "type": "Point",
        "coordinates": [
          110.3631935,
          -7.752374
        ]
      },
      "id": "node/6508726385"
    },
    {
      "type": "Feature",
      "properties": {
        "@id": "node/6678196351",
        "amenity": "restaurant",
        "name": "Soto Lenthok Pak Ali"
      },
      "geometry": {
        "type": "Point",
        "coordinates": [
          110.3603395,
          -7.8063521
        ]
      },
      "id": "node/6678196351"
    },
    {
      "type": "Feature",
      "properties": {
        "@id": "node/6704977785",
        "amenity": "restaurant",
        "name": "Timbul Roso",
        "reservation": "yes",
        "toilets": "yes",
        "wheelchair": "no"
      },
      "geometry": {
        "type": "Point",
        "coordinates": [
          110.4313946,
          -7.6542512
        ]
      },
      "id": "node/6704977785"
    },
    {
      "type": "Feature",
      "properties": {
        "@id": "node/6709234685",
        "amenity": "restaurant",
        "cuisine": "indonesian",
        "name": "Lapangan Mini",
        "opening_hours": "Mo-Su 15:00-22:00"
      },
      "geometry": {
        "type": "Point",
        "coordinates": [
          110.3656033,
          -7.8281487
        ]
      },
      "id": "node/6709234685"
    },
    {
      "type": "Feature",
      "properties": {
        "@id": "node/6721864786",
        "amenity": "restaurant",
        "name": "Wedang sawah"
      },
      "geometry": {
        "type": "Point",
        "coordinates": [
          110.4724027,
          -7.6579985
        ]
      },
      "id": "node/6721864786"
    },
    {
      "type": "Feature",
      "properties": {
        "@id": "node/6774450585",
        "amenity": "restaurant",
        "name": "Kete Muan"
      },
      "geometry": {
        "type": "Point",
        "coordinates": [
          110.3620464,
          -7.7986928
        ]
      },
      "id": "node/6774450585"
    },
    {
      "type": "Feature",
      "properties": {
        "@id": "node/6780921541",
        "amenity": "restaurant",
        "cuisine": "asian",
        "name": "Lombok Idjo"
      },
      "geometry": {
        "type": "Point",
        "coordinates": [
          110.3635807,
          -7.782632
        ]
      },
      "id": "node/6780921541"
    },
    {
      "type": "Feature",
      "properties": {
        "@id": "node/6813348785",
        "amenity": "restaurant",
        "name": "Snack & drinks good gado gado"
      },
      "geometry": {
        "type": "Point",
        "coordinates": [
          110.3668978,
          -7.8063235
        ]
      },
      "id": "node/6813348785"
    },
    {
      "type": "Feature",
      "properties": {
        "@id": "node/6836326186",
        "amenity": "restaurant",
        "cuisine": "italian_pizza;italian",
        "name": "Pikali Pizzeria"
      },
      "geometry": {
        "type": "Point",
        "coordinates": [
          110.375528,
          -7.7514415
        ]
      },
      "id": "node/6836326186"
    },
    {
      "type": "Feature",
      "properties": {
        "@id": "node/6846516386",
        "amenity": "restaurant",
        "name": "Seafood 99"
      },
      "geometry": {
        "type": "Point",
        "coordinates": [
          110.3831545,
          -7.7314893
        ]
      },
      "id": "node/6846516386"
    },
    {
      "type": "Feature",
      "properties": {
        "@id": "node/6897174109",
        "amenity": "restaurant",
        "name": "Pacific"
      },
      "geometry": {
        "type": "Point",
        "coordinates": [
          110.3614814,
          -7.7656356
        ]
      },
      "id": "node/6897174109"
    },
    {
      "type": "Feature",
      "properties": {
        "@id": "node/6953488626",
        "amenity": "restaurant",
        "name": "Thai Corner"
      },
      "geometry": {
        "type": "Point",
        "coordinates": [
          110.3924552,
          -7.780197
        ]
      },
      "id": "node/6953488626"
    },
    {
      "type": "Feature",
      "properties": {
        "@id": "node/6976576585",
        "amenity": "restaurant",
        "cuisine": "indonesian",
        "name": "Bakso Seleraku"
      },
      "geometry": {
        "type": "Point",
        "coordinates": [
          110.366693,
          -7.8085911
        ]
      },
      "id": "node/6976576585"
    },
    {
      "type": "Feature",
      "properties": {
        "@id": "node/6979849185",
        "addr:postcode": "55153",
        "addr:street": "Jalan Prawirotaman",
        "amenity": "restaurant",
        "cuisine": "indonesian;regional;local",
        "internet_access": "wlan",
        "internet_access:ssid": "ARKADIA",
        "level": "0",
        "name": "Arkadia",
        "name:en": "Arkadia",
        "opening_hours": "Fr-Sa 11:00-02:00; Su-Th 11:00-23:00",
        "outdoor_seating": "yes",
        "phone": "+62 878 38906088"
      },
      "geometry": {
        "type": "Point",
        "coordinates": [
          110.3700674,
          -7.8193058
        ]
      },
      "id": "node/6979849185"
    },
    {
      "type": "Feature",
      "properties": {
        "@id": "node/6984552213",
        "addr:city": "Bantul",
        "addr:postcode": "55186",
        "addr:street": "Jalan Jomegatan",
        "amenity": "restaurant",
        "cuisine": "indonesian;regional;coffee_shop;local",
        "internet_access": "wlan",
        "name": "Pelataran Puan Kopi & Tumbuh",
        "opening_hours": "Su 13:00-00:00; Mo-Th, Sa 12:00-00:00; Fr 13:30-00:00",
        "phone": "+62 852 12214141"
      },
      "geometry": {
        "type": "Point",
        "coordinates": [
          110.3470344,
          -7.8170311
        ]
      },
      "id": "node/6984552213"
    },
    {
      "type": "Feature",
      "properties": {
        "@id": "node/7011941585",
        "amenity": "restaurant",
        "name": "Bakso Klenger 2 Ratu Sari. The biggest Bakso in town"
      },
      "geometry": {
        "type": "Point",
        "coordinates": [
          110.4041962,
          -7.7757387
        ]
      },
      "id": "node/7011941585"
    },
    {
      "type": "Feature",
      "properties": {
        "@id": "node/7014275485",
        "addr:city": "Yogyakarta",
        "addr:housenumber": "111",
        "addr:postcode": "55142",
        "addr:street": "Jalan Bantul",
        "amenity": "restaurant",
        "cuisine": "indonesian;regional;noodles;local",
        "name": "Bakmi Shi Bhi Su",
        "opening_hours": "Mo-Su 18:00-01:00"
      },
      "geometry": {
        "type": "Point",
        "coordinates": [
          110.3553365,
          -7.8216732
        ]
      },
      "id": "node/7014275485"
    },
    {
      "type": "Feature",
      "properties": {
        "@id": "node/7038441385",
        "amenity": "restaurant",
        "changing_table": "no",
        "cuisine": "indonesian",
        "internet_access": "wlan",
        "name": "Moerni 78",
        "opening_hours": "Mo-Su 09:00-21:00; PH closed",
        "wheelchair": "no"
      },
      "geometry": {
        "type": "Point",
        "coordinates": [
          110.3724615,
          -7.791139
        ]
      },
      "id": "node/7038441385"
    },
    {
      "type": "Feature",
      "properties": {
        "@id": "node/7057954288",
        "amenity": "restaurant",
        "name": "Sate Ayam Podomoro"
      },
      "geometry": {
        "type": "Point",
        "coordinates": [
          110.3689638,
          -7.7958779
        ]
      },
      "id": "node/7057954288"
    },
    {
      "type": "Feature",
      "properties": {
        "@id": "node/7071652385",
        "addr:city": "Yogyakarta",
        "addr:housenumber": "1A",
        "addr:postcode": "55225",
        "addr:street": "Jalan Tunjung",
        "amenity": "restaurant",
        "cuisine": "indonesian;regional;local",
        "name": "Kota Kembang",
        "opening_hours": "Mo-Su 10:00-20:00"
      },
      "geometry": {
        "type": "Point",
        "coordinates": [
          110.3782239,
          -7.7937032
        ]
      },
      "id": "node/7071652385"
    },
    {
      "type": "Feature",
      "properties": {
        "@id": "node/7080090770",
        "addr:city": "Sleman",
        "addr:housenumber": "Km. 9,6",
        "addr:postcode": "55581",
        "addr:street": "Jalan Kaliurang",
        "amenity": "restaurant",
        "internet_access": "wlan",
        "internet_access:fee": "no",
        "name": "Penyetan Lalapan Akang Jakal (Spesial Lalap & Sambal Sepuasnya)",
        "outdoor_seating": "yes"
      },
      "geometry": {
        "type": "Point",
        "coordinates": [
          110.4007359,
          -7.7246782
        ]
      },
      "id": "node/7080090770"
    },
    {
      "type": "Feature",
      "properties": {
        "@id": "node/7095055985",
        "amenity": "restaurant",
        "name": "Rumah Makan Airport"
      },
      "geometry": {
        "type": "Point",
        "coordinates": [
          110.4359983,
          -7.7856037
        ]
      },
      "id": "node/7095055985"
    },
    {
      "type": "Feature",
      "properties": {
        "@id": "node/7097495250",
        "amenity": "restaurant",
        "name": "Hello Steaklovers"
      },
      "geometry": {
        "type": "Point",
        "coordinates": [
          110.3523262,
          -7.7978685
        ]
      },
      "id": "node/7097495250"
    },
    {
      "type": "Feature",
      "properties": {
        "@id": "node/7097513471",
        "amenity": "restaurant",
        "name": "Salad Moi"
      },
      "geometry": {
        "type": "Point",
        "coordinates": [
          110.3404805,
          -7.8113108
        ]
      },
      "id": "node/7097513471"
    },
    {
      "type": "Feature",
      "properties": {
        "@id": "node/7097545227",
        "amenity": "restaurant",
        "name": "Upload"
      },
      "geometry": {
        "type": "Point",
        "coordinates": [
          110.3553808,
          -7.8012414
        ]
      },
      "id": "node/7097545227"
    },
    {
      "type": "Feature",
      "properties": {
        "@id": "node/7097546068",
        "amenity": "restaurant",
        "name": "Gudeng Legeda"
      },
      "geometry": {
        "type": "Point",
        "coordinates": [
          110.3534955,
          -7.7917869
        ]
      },
      "id": "node/7097546068"
    },
    {
      "type": "Feature",
      "properties": {
        "@id": "node/7097546659",
        "amenity": "restaurant",
        "name": "Waroeng Steak & Shake",
        "opening_hours": "Sa-Th 11:00-21:00; Fr 13:00-21:00"
      },
      "geometry": {
        "type": "Point",
        "coordinates": [
          110.3463843,
          -7.8005668
        ]
      },
      "id": "node/7097546659"
    },
    {
      "type": "Feature",
      "properties": {
        "@id": "node/7117192782",
        "amenity": "restaurant",
        "name": "Warung Makan Mbak Rini"
      },
      "geometry": {
        "type": "Point",
        "coordinates": [
          110.358648,
          -7.8076484
        ]
      },
      "id": "node/7117192782"
    },
    {
      "type": "Feature",
      "properties": {
        "@id": "node/7117206087",
        "amenity": "restaurant",
        "name": "Gosambih"
      },
      "geometry": {
        "type": "Point",
        "coordinates": [
          110.3694864,
          -7.8047221
        ]
      },
      "id": "node/7117206087"
    },
    {
      "type": "Feature",
      "properties": {
        "@id": "node/7144468027",
        "amenity": "restaurant",
        "name": "Ayam Goreng Bugisan"
      },
      "geometry": {
        "type": "Point",
        "coordinates": [
          110.4320261,
          -7.7782723
        ]
      },
      "id": "node/7144468027"
    },
    {
      "type": "Feature",
      "properties": {
        "@id": "node/7162338833",
        "amenity": "restaurant",
        "cuisine": "fish",
        "name": "Goeboeg Resto"
      },
      "geometry": {
        "type": "Point",
        "coordinates": [
          110.4081476,
          -7.8107398
        ]
      },
      "id": "node/7162338833"
    },
    {
      "type": "Feature",
      "properties": {
        "@id": "node/7226657185",
        "amenity": "restaurant",
        "name": "Pak Uzzan - Baksol & Mie Ayam"
      },
      "geometry": {
        "type": "Point",
        "coordinates": [
          110.3572531,
          -7.8042805
        ]
      },
      "id": "node/7226657185"
    },
    {
      "type": "Feature",
      "properties": {
        "@id": "node/7253994286",
        "amenity": "restaurant"
      },
      "geometry": {
        "type": "Point",
        "coordinates": [
          110.3579526,
          -7.8176861
        ]
      },
      "id": "node/7253994286"
    },
    {
      "type": "Feature",
      "properties": {
        "@id": "node/7805410940",
        "amenity": "restaurant",
        "name": "Roemi - Rumah Mirota",
        "outdoor_seating": "yes",
        "smoking": "outside",
        "takeaway": "yes",
        "toilets": "yes",
        "toilets:access": "permissive"
      },
      "geometry": {
        "type": "Point",
        "coordinates": [
          110.3743158,
          -7.7856143
        ]
      },
      "id": "node/7805410940"
    },
    {
      "type": "Feature",
      "properties": {
        "@id": "node/7808417592",
        "amenity": "restaurant",
        "changing_table": "no",
        "internet_access": "no",
        "name": "Warung Makan Mak'e",
        "opening_hours": "Mo-Su 09:00-21:00; PH closed",
        "outdoor_seating": "yes",
        "takeaway": "yes",
        "wheelchair": "no"
      },
      "geometry": {
        "type": "Point",
        "coordinates": [
          110.3769106,
          -7.7887026
        ]
      },
      "id": "node/7808417592"
    },
    {
      "type": "Feature",
      "properties": {
        "@id": "node/7808417593",
        "amenity": "restaurant",
        "brand": "Mie Gacoan",
        "brand:wikidata": "Q111995141",
        "cuisine": "noodle",
        "name": "Mie Gacoan"
      },
      "geometry": {
        "type": "Point",
        "coordinates": [
          110.3751467,
          -7.7885116
        ]
      },
      "id": "node/7808417593"
    },
    {
      "type": "Feature",
      "properties": {
        "@id": "node/7808417598",
        "amenity": "restaurant",
        "changing_table": "no",
        "cuisine": "seafood",
        "internet_access": "no",
        "name": "Sio Manise Seafood",
        "opening_hours": "Mo-Sa 09:00-21:00; PH closed",
        "phone": "+62 895-0851-1528",
        "takeaway": "yes",
        "wheelchair": "no"
      },
      "geometry": {
        "type": "Point",
        "coordinates": [
          110.3773979,
          -7.7886023
        ]
      },
      "id": "node/7808417598"
    },
    {
      "type": "Feature",
      "properties": {
        "@id": "node/7808417599",
        "amenity": "restaurant",
        "internet_access": "no",
        "name": "Rumah Makan Padang Andalas Raya",
        "opening_hours": "Mo-Sa 09:00-21:00; PH closed",
        "phone": "+62 813-2769-8506",
        "takeaway": "yes",
        "wheelchair": "no"
      },
      "geometry": {
        "type": "Point",
        "coordinates": [
          110.377216,
          -7.7886632
        ]
      },
      "id": "node/7808417599"
    },
    {
      "type": "Feature",
      "properties": {
        "@id": "node/7809692827",
        "amenity": "restaurant",
        "changing_table": "no",
        "cuisine": "regional",
        "internet_access": "no",
        "name": "Sego Empal Bu Warno",
        "opening_hours": "Mo-Su 09:00-17:00; PH closed",
        "takeaway": "yes",
        "wheelchair": "no"
      },
      "geometry": {
        "type": "Point",
        "coordinates": [
          110.376526,
          -7.7887943
        ]
      },
      "id": "node/7809692827"
    },
    {
      "type": "Feature",
      "properties": {
        "@id": "node/7811256799",
        "amenity": "restaurant",
        "name": "Angkringan Semar Jogja"
      },
      "geometry": {
        "type": "Point",
        "coordinates": [
          110.3700634,
          -7.7894611
        ]
      },
      "id": "node/7811256799"
    },
    {
      "type": "Feature",
      "properties": {
        "@id": "node/7811468604",
        "amenity": "restaurant",
        "changing_table": "no",
        "internet_access": "no",
        "name": "Nasi Goreng Kambing",
        "opening_hours": "Mo-Su 18:00-23:00; PH unknown",
        "outdoor_seating": "sidewalk",
        "smoking": "outside",
        "takeaway": "yes",
        "toilets": "no",
        "wheelchair": "no"
      },
      "geometry": {
        "type": "Point",
        "coordinates": [
          110.3772623,
          -7.7883717
        ]
      },
      "id": "node/7811468604"
    },
    {
      "type": "Feature",
      "properties": {
        "@id": "node/7811468606",
        "amenity": "restaurant",
        "changing_table": "no",
        "internet_access": "no",
        "name": "Warung Makan",
        "opening_hours": "Mo-Sa 07:00-14:00; PH closed",
        "smoking": "outside",
        "takeaway": "yes",
        "wheelchair": "no"
      },
      "geometry": {
        "type": "Point",
        "coordinates": [
          110.3748118,
          -7.7889073
        ]
      },
      "id": "node/7811468606"
    },
    {
      "type": "Feature",
      "properties": {
        "@id": "node/7811468607",
        "amenity": "restaurant",
        "changing_table": "no",
        "internet_access": "no",
        "name": "Warung Makan Bu Seno",
        "outdoor_seating": "yes",
        "smoking": "outside",
        "takeaway": "yes",
        "wheelchair": "no"
      },
      "geometry": {
        "type": "Point",
        "coordinates": [
          110.3757242,
          -7.7888465
        ]
      },
      "id": "node/7811468607"
    },
    {
      "type": "Feature",
      "properties": {
        "@id": "node/7811468608",
        "amenity": "restaurant",
        "changing_table": "no",
        "internet_access": "no",
        "name": "Angkringan Yono",
        "opening_hours": "Mo-Su 14:30-24:00,00:00-02:00; PH unknown",
        "outdoor_seating": "sidewalk",
        "smoking": "outside",
        "takeaway": "yes",
        "toilets": "no",
        "wheelchair": "no"
      },
      "geometry": {
        "type": "Point",
        "coordinates": [
          110.3765667,
          -7.7884847
        ]
      },
      "id": "node/7811468608"
    },
    {
      "type": "Feature",
      "properties": {
        "@id": "node/7811468609",
        "amenity": "restaurant",
        "changing_table": "no",
        "cuisine": "indonesian",
        "internet_access": "no",
        "name": "Warung Makan dan Gorengan",
        "opening_hours": "Mo-Sa 09:00-17:00; PH closed",
        "outdoor_seating": "yes",
        "smoking": "yes",
        "takeaway": "yes",
        "toilets": "no",
        "wheelchair": "no"
      },
      "geometry": {
        "type": "Point",
        "coordinates": [
          110.3741104,
          -7.7889704
        ]
      },
      "id": "node/7811468609"
    },
    {
      "type": "Feature",
      "properties": {
        "@id": "node/7811468611",
        "amenity": "restaurant",
        "changing_table": "no",
        "internet_access": "no",
        "name": "Nasi Goreng Sapi",
        "opening_hours": "Mo-Su 18:00-23:00; PH unknown",
        "outdoor_seating": "sidewalk",
        "takeaway": "yes",
        "toilets": "no",
        "wheelchair": "no"
      },
      "geometry": {
        "type": "Point",
        "coordinates": [
          110.3773269,
          -7.7883347
        ]
      },
      "id": "node/7811468611"
    },
    {
      "type": "Feature",
      "properties": {
        "@id": "node/7848306227",
        "amenity": "restaurant",
        "changing_table": "no",
        "name": "Angkringan",
        "outdoor_seating": "sidewalk",
        "takeaway": "yes",
        "wheelchair": "no"
      },
      "geometry": {
        "type": "Point",
        "coordinates": [
          110.3773088,
          -7.7878667
        ]
      },
      "id": "node/7848306227"
    },
    {
      "type": "Feature",
      "properties": {
        "@id": "node/7850741002",
        "amenity": "restaurant",
        "changing_table": "no",
        "internet_access": "no",
        "name": "Angkringan Mbak Sri",
        "outdoor_seating": "yes",
        "smoking": "yes",
        "takeaway": "yes",
        "wheelchair": "no"
      },
      "geometry": {
        "type": "Point",
        "coordinates": [
          110.378067,
          -7.7878113
        ]
      },
      "id": "node/7850741002"
    },
    {
      "type": "Feature",
      "properties": {
        "@id": "node/7859890089",
        "amenity": "restaurant",
        "changing_table": "no",
        "internet_access": "no",
        "name": "Warung Bu Endang",
        "smoking": "yes",
        "takeaway": "yes",
        "wheelchair": "no"
      },
      "geometry": {
        "type": "Point",
        "coordinates": [
          110.3761059,
          -7.7836614
        ]
      },
      "id": "node/7859890089"
    },
    {
      "type": "Feature",
      "properties": {
        "@id": "node/7859890090",
        "amenity": "restaurant",
        "changing_table": "no",
        "internet_access": "no",
        "name": "Warung Bakso",
        "smoking": "yes",
        "takeaway": "yes",
        "wheelchair": "no"
      },
      "geometry": {
        "type": "Point",
        "coordinates": [
          110.3761227,
          -7.7836259
        ]
      },
      "id": "node/7859890090"
    },
    {
      "type": "Feature",
      "properties": {
        "@id": "node/7859923660",
        "amenity": "restaurant",
        "changing_table": "no",
        "internet_access": "no",
        "name": "Warmindo Podjok",
        "takeaway": "yes",
        "wheelchair": "no"
      },
      "geometry": {
        "type": "Point",
        "coordinates": [
          110.3762131,
          -7.7862429
        ]
      },
      "id": "node/7859923660"
    },
    {
      "type": "Feature",
      "properties": {
        "@id": "node/7862020491",
        "amenity": "restaurant",
        "changing_table": "no",
        "internet_access": "no",
        "name": "Warung Makan Pecel Lele",
        "opening_hours": "24/7",
        "outdoor_seating": "sidewalk",
        "smoking": "yes",
        "takeaway": "yes",
        "toilets": "no",
        "weather_protection": "canopy",
        "wheelchair": "no"
      },
      "geometry": {
        "type": "Point",
        "coordinates": [
          110.3716659,
          -7.7883803
        ]
      },
      "id": "node/7862020491"
    },
    {
      "type": "Feature",
      "properties": {
        "@id": "node/7862020492",
        "amenity": "restaurant",
        "changing_table": "no",
        "internet_access": "no",
        "name": "Nasi Goreng Kambing",
        "outdoor_seating": "sidewalk",
        "smoking": "yes",
        "takeaway": "yes",
        "wheelchair": "no"
      },
      "geometry": {
        "type": "Point",
        "coordinates": [
          110.371843,
          -7.7882789
        ]
      },
      "id": "node/7862020492"
    },
    {
      "type": "Feature",
      "properties": {
        "@id": "node/7862132538",
        "amenity": "restaurant",
        "changing_table": "no",
        "internet_access": "no",
        "name": "Warung Makan Berkah",
        "opening_hours": "Mo-Su 09:00-23:00; PH unknown",
        "smoking": "yes",
        "takeaway": "yes",
        "wheelchair": "no"
      },
      "geometry": {
        "type": "Point",
        "coordinates": [
          110.3778824,
          -7.7888966
        ]
      },
      "id": "node/7862132538"
    },
    {
      "type": "Feature",
      "properties": {
        "@id": "node/7862132540",
        "amenity": "restaurant",
        "changing_table": "no",
        "internet_access": "no",
        "name": "Angkringan Pak Tri",
        "outdoor_seating": "street",
        "smoking": "yes",
        "takeaway": "yes",
        "weather_protection": "canopy",
        "wheelchair": "no"
      },
      "geometry": {
        "type": "Point",
        "coordinates": [
          110.3785669,
          -7.788707
        ]
      },
      "id": "node/7862132540"
    },
    {
      "type": "Feature",
      "properties": {
        "@id": "node/7864044437",
        "amenity": "restaurant",
        "changing_table": "no",
        "internet_access": "no",
        "name": "Angkringan Denpal",
        "opening_hours": "Mo-Su 15:00-24:00,00:00-02:00; PH unknown",
        "outdoor_seating": "yes",
        "smoking": "yes",
        "takeaway": "yes",
        "wheelchair": "no"
      },
      "geometry": {
        "type": "Point",
        "coordinates": [
          110.3777711,
          -7.7915402
        ]
      },
      "id": "node/7864044437"
    },
    {
      "type": "Feature",
      "properties": {
        "@id": "node/7864044440",
        "amenity": "restaurant",
        "changing_table": "no",
        "internet_access": "no",
        "name": "Angkringan",
        "opening_hours": "Mo-Su 18:00-24:00,00:00-02:00; PH unknown",
        "outdoor_seating": "yes",
        "smoking": "yes",
        "takeaway": "yes",
        "wheelchair": "no"
      },
      "geometry": {
        "type": "Point",
        "coordinates": [
          110.3780005,
          -7.7900984
        ]
      },
      "id": "node/7864044440"
    },
    {
      "type": "Feature",
      "properties": {
        "@id": "node/7867387741",
        "amenity": "restaurant",
        "changing_table": "no",
        "cuisine": "thai",
        "internet_access": "no",
        "name": "Phuket Noodle",
        "takeaway": "yes",
        "wheelchair": "no"
      },
      "geometry": {
        "type": "Point",
        "coordinates": [
          110.3785982,
          -7.7877758
        ]
      },
      "id": "node/7867387741"
    },
    {
      "type": "Feature",
      "properties": {
        "@id": "node/7867387744",
        "amenity": "restaurant",
        "changing_table": "no",
        "internet_access": "no",
        "name": "Warung Makan Simple Food",
        "takeaway": "yes",
        "wheelchair": "no"
      },
      "geometry": {
        "type": "Point",
        "coordinates": [
          110.3785644,
          -7.788046
        ]
      },
      "id": "node/7867387744"
    },
    {
      "type": "Feature",
      "properties": {
        "@id": "node/7867529287",
        "amenity": "restaurant",
        "changing_table": "no",
        "cuisine": "indonesian",
        "internet_access": "no",
        "name": "Warung Makan Bakmi dan Nasi Goreng",
        "opening_hours": "Mo-Su 18:00-23:00; PH unknown",
        "outdoor_seating": "yes",
        "smoking": "yes",
        "takeaway": "yes",
        "wheelchair": "no"
      },
      "geometry": {
        "type": "Point",
        "coordinates": [
          110.3738316,
          -7.7889227
        ]
      },
      "id": "node/7867529287"
    },
    {
      "type": "Feature",
      "properties": {
        "@id": "node/7868743424",
        "amenity": "restaurant",
        "changing_table": "no",
        "cuisine": "indonesian",
        "internet_access": "no",
        "name": "Warung Makan 97",
        "opening_hours": "Mo-Sa 09:00-16:00; PH closed",
        "smoking": "yes",
        "takeaway": "yes",
        "wheelchair": "no"
      },
      "geometry": {
        "type": "Point",
        "coordinates": [
          110.3791293,
          -7.7871531
        ]
      },
      "id": "node/7868743424"
    },
    {
      "type": "Feature",
      "properties": {
        "@id": "node/7868743427",
        "amenity": "restaurant",
        "changing_table": "no",
        "cuisine": "regional",
        "internet_access": "no",
        "name": "Warung Nasi dan Mie Ayam Obar-abir",
        "opening_hours": "Mo-Sa 09:00-17:00; PH closed",
        "smoking": "yes",
        "takeaway": "yes",
        "wheelchair": "no"
      },
      "geometry": {
        "type": "Point",
        "coordinates": [
          110.3786392,
          -7.787488
        ]
      },
      "id": "node/7868743427"
    },
    {
      "type": "Feature",
      "properties": {
        "@id": "node/7868803541",
        "amenity": "restaurant",
        "changing_table": "no",
        "cuisine": "indonesian",
        "internet_access": "no",
        "name": "Warung Makan Polsek",
        "opening_hours": "Mo-Su 06:00-22:00,05:00-06:00; PH unknown",
        "outdoor_seating": "yes",
        "takeaway": "yes",
        "wheelchair": "no"
      },
      "geometry": {
        "type": "Point",
        "coordinates": [
          110.3782723,
          -7.7883556
        ]
      },
      "id": "node/7868803541"
    },
    {
      "type": "Feature",
      "properties": {
        "@id": "node/7868803542",
        "amenity": "restaurant",
        "changing_table": "no",
        "cuisine": "indonesian",
        "internet_access": "no",
        "name": "Warung Makan Fresco",
        "opening_hours": "Mo-Su 09:00-21:00; PH closed",
        "outdoor_seating": "yes",
        "smoking": "yes",
        "takeaway": "yes",
        "wheelchair": "no"
      },
      "geometry": {
        "type": "Point",
        "coordinates": [
          110.3778703,
          -7.788415
        ]
      },
      "id": "node/7868803542"
    },
    {
      "type": "Feature",
      "properties": {
        "@id": "node/7877729979",
        "amenity": "restaurant",
        "changing_table": "no",
        "cuisine": "indonesian",
        "internet_access": "no",
        "name": "Depot Instan",
        "opening_hours": "Mo-Su 09:00-16:00; PH unknown",
        "outdoor_seating": "yes",
        "smoking": "yes",
        "takeaway": "yes",
        "wheelchair": "no"
      },
      "geometry": {
        "type": "Point",
        "coordinates": [
          110.3758047,
          -7.7891503
        ]
      },
      "id": "node/7877729979"
    },
    {
      "type": "Feature",
      "properties": {
        "@id": "node/7880489258",
        "amenity": "restaurant",
        "changing_table": "no",
        "name": "Nii-Ku",
        "wheelchair": "no"
      },
      "geometry": {
        "type": "Point",
        "coordinates": [
          110.372214,
          -7.7852273
        ]
      },
      "id": "node/7880489258"
    },
    {
      "type": "Feature",
      "properties": {
        "@id": "node/7880489262",
        "amenity": "restaurant",
        "changing_table": "no",
        "name": "Raminten Kitchen",
        "smoking": "yes",
        "takeaway": "yes",
        "wheelchair": "no"
      },
      "geometry": {
        "type": "Point",
        "coordinates": [
          110.3721924,
          -7.7843927
        ]
      },
      "id": "node/7880489262"
    },
    {
      "type": "Feature",
      "properties": {
        "@id": "node/7880489263",
        "amenity": "restaurant",
        "changing_table": "no",
        "cuisine": "chinese",
        "name": "Twister",
        "takeaway": "yes",
        "wheelchair": "no"
      },
      "geometry": {
        "type": "Point",
        "coordinates": [
          110.3722121,
          -7.7850614
        ]
      },
      "id": "node/7880489263"
    },
    {
      "type": "Feature",
      "properties": {
        "@id": "node/7894042046",
        "amenity": "restaurant",
        "name": "Warung Soto"
      },
      "geometry": {
        "type": "Point",
        "coordinates": [
          110.3783945,
          -7.7878635
        ]
      },
      "id": "node/7894042046"
    },
    {
      "type": "Feature",
      "properties": {
        "@id": "node/7904741192",
        "addr:city": "Sleman, Yogyakarta",
        "addr:housenumber": "1A",
        "addr:postcode": "55281",
        "addr:street": "Jalan Seturan Raya",
        "amenity": "restaurant",
        "cuisine": "indonesian",
        "diet:halal": "yes",
        "name": "Mak Semarangan Express",
        "phone": "+622744932004"
      },
      "geometry": {
        "type": "Point",
        "coordinates": [
          110.409514,
          -7.7719965
        ]
      },
      "id": "node/7904741192"
    },
    {
      "type": "Feature",
      "properties": {
        "@id": "node/8070548536",
        "amenity": "restaurant"
      },
      "geometry": {
        "type": "Point",
        "coordinates": [
          110.430569,
          -7.9300695
        ]
      },
      "id": "node/8070548536"
    },
    {
      "type": "Feature",
      "properties": {
        "@id": "node/8242311049",
        "amenity": "restaurant",
        "cuisine": "regional",
        "name": "Gendhis Resto",
        "opening_hours": "Mo-Su 08:00-18:00"
      },
      "geometry": {
        "type": "Point",
        "coordinates": [
          110.1209326,
          -7.8193809
        ]
      },
      "id": "node/8242311049"
    },
    {
      "type": "Feature",
      "properties": {
        "@id": "node/8355129657",
        "amenity": "restaurant",
        "contact:facebook": "tengkleng.gajah",
        "contact:instagram": "tengklenggajah",
        "contact:twitter": "tengklenggajah",
        "cuisine": "regional",
        "name": "Tengkleng Gajah",
        "website": "https://tengklenggajah.com/"
      },
      "geometry": {
        "type": "Point",
        "coordinates": [
          110.4056561,
          -7.7300089
        ]
      },
      "id": "node/8355129657"
    },
    {
      "type": "Feature",
      "properties": {
        "@id": "node/8385940759",
        "amenity": "restaurant",
        "name": "Soto"
      },
      "geometry": {
        "type": "Point",
        "coordinates": [
          110.5551469,
          -7.9126913
        ]
      },
      "id": "node/8385940759"
    },
    {
      "type": "Feature",
      "properties": {
        "@id": "node/8419588985",
        "amenity": "restaurant",
        "contact:phone": "+6281326443324",
        "cuisine": "indonesian",
        "name": "SBC Spesial Cah Kangkung",
        "opening_hours": "08:00-22:00",
        "takeaway": "yes"
      },
      "geometry": {
        "type": "Point",
        "coordinates": [
          110.3728406,
          -7.7563698
        ]
      },
      "id": "node/8419588985"
    },
    {
      "type": "Feature",
      "properties": {
        "@id": "node/8430275491",
        "amenity": "restaurant",
        "name": "Mie Bonafide"
      },
      "geometry": {
        "type": "Point",
        "coordinates": [
          110.3737176,
          -7.7869927
        ]
      },
      "id": "node/8430275491"
    },
    {
      "type": "Feature",
      "properties": {
        "@id": "node/8601222007",
        "addr:city": "Seyegan",
        "addr:housenumber": "Griya Margoagung A3",
        "addr:postcode": "55561",
        "addr:street": "Peturen RT 04/RW 16 Somorai",
        "amenity": "restaurant",
        "cuisine": "regional",
        "name": "Griya Margoagung A3",
        "takeaway": "only"
      },
      "geometry": {
        "type": "Point",
        "coordinates": [
          110.313937,
          -7.70248
        ]
      },
      "id": "node/8601222007"
    },
    {
      "type": "Feature",
      "properties": {
        "@id": "node/8632584961",
        "amenity": "restaurant",
        "changing_table": "no",
        "name": "Sop Ayam Pak Min Klaten",
        "outdoor_seating": "yes",
        "smoking": "yes",
        "takeaway": "yes"
      },
      "geometry": {
        "type": "Point",
        "coordinates": [
          110.3735082,
          -7.788306
        ]
      },
      "id": "node/8632584961"
    },
    {
      "type": "Feature",
      "properties": {
        "@id": "node/8736011970",
        "amenity": "restaurant"
      },
      "geometry": {
        "type": "Point",
        "coordinates": [
          110.2361593,
          -7.8066074
        ]
      },
      "id": "node/8736011970"
    },
    {
      "type": "Feature",
      "properties": {
        "@id": "node/8853552056",
        "addr:city": "Yogyakarta",
        "addr:postcode": "55162",
        "addr:street": "Jalan Pakel Baru Selatan",
        "amenity": "restaurant",
        "cuisine": "Soto_Ayam",
        "name": "Soto Ayam Pak B Sidokabul",
        "opening_hours": "Mo-Su 06:00-13:00"
      },
      "geometry": {
        "type": "Point",
        "coordinates": [
          110.3794672,
          -7.8204099
        ]
      },
      "id": "node/8853552056"
    },
    {
      "type": "Feature",
      "properties": {
        "@id": "node/8962881122",
        "amenity": "restaurant",
        "cuisine": "drinks;coffee",
        "name": "Sugar Boba UMY",
        "opening_hours": "Mo-Su 10:00-21:00"
      },
      "geometry": {
        "type": "Point",
        "coordinates": [
          110.3279731,
          -7.8065801
        ]
      },
      "id": "node/8962881122"
    },
    {
      "type": "Feature",
      "properties": {
        "@id": "node/8962881123",
        "amenity": "restaurant",
        "cuisine": "indonesian",
        "name": "Griya Bakpia",
        "opening_hours": "Mo-Th 08:00-20:00, Fr-Su 08:00-21:00"
      },
      "geometry": {
        "type": "Point",
        "coordinates": [
          110.3279054,
          -7.8065969
        ]
      },
      "id": "node/8962881123"
    },
    {
      "type": "Feature",
      "properties": {
        "@id": "node/8962881124",
        "amenity": "restaurant",
        "cuisine": "indonesian",
        "name": "Warmindo Motekar 8",
        "opening_hours": "24/7"
      },
      "geometry": {
        "type": "Point",
        "coordinates": [
          110.3280062,
          -7.8072021
        ]
      },
      "id": "node/8962881124"
    },
    {
      "type": "Feature",
      "properties": {
        "@id": "node/8962881125",
        "amenity": "restaurant",
        "cuisine": "indonesian",
        "name": "Say Story Umy",
        "opening_hours": "Mo-Su 10:00-22:00"
      },
      "geometry": {
        "type": "Point",
        "coordinates": [
          110.3280024,
          -7.8074972
        ]
      },
      "id": "node/8962881125"
    },
    {
      "type": "Feature",
      "properties": {
        "@id": "node/8962881126",
        "amenity": "restaurant",
        "cuisine": "indonesian",
        "name": "Nasi Goreng Pak Yono",
        "opening_hours": "Mo-Su 19:30-04:00",
        "phone": "+6289603082662"
      },
      "geometry": {
        "type": "Point",
        "coordinates": [
          110.3280253,
          -7.8078743
        ]
      },
      "id": "node/8962881126"
    },
    {
      "type": "Feature",
      "properties": {
        "@id": "node/9143674942",
        "addr:city": "Sleman",
        "addr:street": "Jalan Kaliurang",
        "amenity": "restaurant",
        "diet:halal": "yes",
        "name": "Swasana by Temata Yogyakarta",
        "phone": "+62 812 2866 3338",
        "website": "swasana.id"
      },
      "geometry": {
        "type": "Point",
        "coordinates": [
          110.4002623,
          -7.7259288
        ]
      },
      "id": "node/9143674942"
    },
    {
      "type": "Feature",
      "properties": {
        "@id": "node/9155576725",
        "amenity": "restaurant",
        "changing_table": "no",
        "cuisine": "indonesian;regional",
        "internet_access": "no",
        "name": "Ayam Geprek dan Prasmanan",
        "takeaway": "yes",
        "toilets:access": "customers",
        "wheelchair": "no"
      },
      "geometry": {
        "type": "Point",
        "coordinates": [
          110.3711677,
          -7.7862291
        ]
      },
      "id": "node/9155576725"
    },
    {
      "type": "Feature",
      "properties": {
        "@id": "node/9158972449",
        "amenity": "restaurant",
        "name": "Warung Makan Ibu Sofi Darsim",
        "takeaway": "yes"
      },
      "geometry": {
        "type": "Point",
        "coordinates": [
          110.3759911,
          -7.784819
        ]
      },
      "id": "node/9158972449"
    },
    {
      "type": "Feature",
      "properties": {
        "@id": "node/9161072858",
        "amenity": "restaurant",
        "name": "Nasi Goreng Mas Tarman",
        "opening_hours": "Mo-Su 17:00-22:00",
        "outdoor_seating": "sidewalk",
        "smoking": "yes",
        "takeaway": "yes",
        "weather_protection": "canopy",
        "wheelchair": "no"
      },
      "geometry": {
        "type": "Point",
        "coordinates": [
          110.3723956,
          -7.7878417
        ]
      },
      "id": "node/9161072858"
    },
    {
      "type": "Feature",
      "properties": {
        "@id": "node/9165415465",
        "amenity": "restaurant",
        "changing_table": "no",
        "cuisine": "regional",
        "internet_access": "no",
        "name": "Kantin OK",
        "opening_hours": "Mo-Sa 09:00-17:00; PH closed",
        "smoking": "yes",
        "takeaway": "yes",
        "wheelchair": "no"
      },
      "geometry": {
        "type": "Point",
        "coordinates": [
          110.3778171,
          -7.787876
        ]
      },
      "id": "node/9165415465"
    },
    {
      "type": "Feature",
      "properties": {
        "@id": "node/9167786602",
        "amenity": "restaurant",
        "changing_table": "no",
        "internet_access": "no",
        "name": "Sate Ayam Pak Amat",
        "opening_hours": "Mo-Su 17:00-22:00; PH closed",
        "outdoor_seating": "sidewalk",
        "smoking": "yes",
        "takeaway": "yes",
        "toilets": "no",
        "weather_protection": "canopy",
        "wheelchair": "no"
      },
      "geometry": {
        "type": "Point",
        "coordinates": [
          110.3749056,
          -7.785113
        ]
      },
      "id": "node/9167786602"
    },
    {
      "type": "Feature",
      "properties": {
        "@id": "node/9174098803",
        "amenity": "restaurant",
        "changing_table": "no",
        "cuisine": "regional",
        "name": "Warung Bakmi Ngangeni",
        "opening_hours": "Mo-Su 17:00-23:00; PH closed",
        "outdoor_seating": "sidewalk",
        "smoking": "yes",
        "weather_protection": "canopy",
        "wheelchair": "no"
      },
      "geometry": {
        "type": "Point",
        "coordinates": [
          110.3785368,
          -7.7882086
        ]
      },
      "id": "node/9174098803"
    },
    {
      "type": "Feature",
      "properties": {
        "@id": "node/9175271265",
        "amenity": "restaurant",
        "cuisine": "regional",
        "name": "Oseng-oseng Mercon Bu Narti"
      },
      "geometry": {
        "type": "Point",
        "coordinates": [
          110.3734217,
          -7.7875926
        ]
      },
      "id": "node/9175271265"
    },
    {
      "type": "Feature",
      "properties": {
        "@id": "node/9181045365",
        "amenity": "restaurant",
        "changing_table": "no",
        "name": "Angkringan Barokah",
        "outdoor_seating": "sidewalk",
        "smoking": "yes",
        "takeaway": "yes",
        "weather_protection": "canopy",
        "wheelchair": "no"
      },
      "geometry": {
        "type": "Point",
        "coordinates": [
          110.37854,
          -7.7882815
        ]
      },
      "id": "node/9181045365"
    },
    {
      "type": "Feature",
      "properties": {
        "@id": "node/9184084957",
        "amenity": "restaurant",
        "changing_table": "no",
        "cuisine": "regional",
        "name": "Soto Ayam Code - Mak Sri",
        "outdoor_seating": "sidewalk",
        "wheelchair": "no"
      },
      "geometry": {
        "type": "Point",
        "coordinates": [
          110.3685273,
          -7.7867906
        ]
      },
      "id": "node/9184084957"
    },
    {
      "type": "Feature",
      "properties": {
        "@id": "node/9191142225",
        "amenity": "restaurant",
        "changing_table": "no",
        "name": "Warung Makan Sederhana",
        "takeaway": "yes",
        "wheelchair": "no"
      },
      "geometry": {
        "type": "Point",
        "coordinates": [
          110.3797644,
          -7.7874986
        ]
      },
      "id": "node/9191142225"
    },
    {
      "type": "Feature",
      "properties": {
        "@id": "node/9191142228",
        "amenity": "restaurant",
        "name": "Penyetan Moe"
      },
      "geometry": {
        "type": "Point",
        "coordinates": [
          110.379339,
          -7.7873407
        ]
      },
      "id": "node/9191142228"
    },
    {
      "type": "Feature",
      "properties": {
        "@id": "node/9191142230",
        "amenity": "restaurant",
        "name": "Warmindo"
      },
      "geometry": {
        "type": "Point",
        "coordinates": [
          110.3793843,
          -7.7873594
        ]
      },
      "id": "node/9191142230"
    },
    {
      "type": "Feature",
      "properties": {
        "@id": "node/9191142231",
        "amenity": "restaurant",
        "name": "Rumah Makan Baru"
      },
      "geometry": {
        "type": "Point",
        "coordinates": [
          110.3792327,
          -7.7873159
        ]
      },
      "id": "node/9191142231"
    },
    {
      "type": "Feature",
      "properties": {
        "@id": "node/9194565897",
        "amenity": "restaurant",
        "changing_table": "no",
        "cuisine": "noodle",
        "name": "Warmindo",
        "opening_hours": "24/7",
        "wheelchair": "no"
      },
      "geometry": {
        "type": "Point",
        "coordinates": [
          110.3787339,
          -7.7869694
        ]
      },
      "id": "node/9194565897"
    },
    {
      "type": "Feature",
      "properties": {
        "@id": "node/9194567503",
        "amenity": "restaurant",
        "changing_table": "no",
        "cuisine": "regional",
        "name": "Bubur Ayam Kotabaru",
        "wheelchair": "no"
      },
      "geometry": {
        "type": "Point",
        "coordinates": [
          110.3755722,
          -7.7842858
        ]
      },
      "id": "node/9194567503"
    },
    {
      "type": "Feature",
      "properties": {
        "@id": "node/9194593864",
        "amenity": "restaurant",
        "changing_table": "no",
        "cuisine": "japanese",
        "name": "Tuscan",
        "wheelchair": "no"
      },
      "geometry": {
        "type": "Point",
        "coordinates": [
          110.3792448,
          -7.783522
        ]
      },
      "id": "node/9194593864"
    },
    {
      "type": "Feature",
      "properties": {
        "@id": "node/9194593865",
        "amenity": "restaurant",
        "changing_table": "no",
        "cuisine": "regional",
        "name": "Gudeg Mirasa",
        "takeaway": "yes",
        "wheelchair": "no"
      },
      "geometry": {
        "type": "Point",
        "coordinates": [
          110.3792771,
          -7.783317
        ]
      },
      "id": "node/9194593865"
    },
    {
      "type": "Feature",
      "properties": {
        "@id": "node/9200943211",
        "amenity": "restaurant",
        "name": "Kebab Bosman"
      },
      "geometry": {
        "type": "Point",
        "coordinates": [
          110.379017,
          -7.7850401
        ]
      },
      "id": "node/9200943211"
    },
    {
      "type": "Feature",
      "properties": {
        "@id": "node/9200965804",
        "amenity": "restaurant",
        "changing_table": "no",
        "cuisine": "regional",
        "name": "Pondok Makan Bu Mardi",
        "wheelchair": "no"
      },
      "geometry": {
        "type": "Point",
        "coordinates": [
          110.3752658,
          -7.7818893
        ]
      },
      "id": "node/9200965804"
    },
    {
      "type": "Feature",
      "properties": {
        "@id": "node/9203186226",
        "amenity": "restaurant",
        "changing_table": "no",
        "name": "Angkringan",
        "outdoor_seating": "sidewalk",
        "smoking": "yes",
        "wheelchair": "no"
      },
      "geometry": {
        "type": "Point",
        "coordinates": [
          110.3755875,
          -7.7883922
        ]
      },
      "id": "node/9203186226"
    },
    {
      "type": "Feature",
      "properties": {
        "@id": "node/9205485633",
        "amenity": "restaurant",
        "changing_table": "no",
        "name": "Doniteni",
        "wheelchair": "no"
      },
      "geometry": {
        "type": "Point",
        "coordinates": [
          110.3796057,
          -7.7874405
        ]
      },
      "id": "node/9205485633"
    },
    {
      "type": "Feature",
      "properties": {
        "@id": "node/9205485638",
        "amenity": "restaurant",
        "changing_table": "no",
        "name": "Warung Makan Pak Lay",
        "wheelchair": "no"
      },
      "geometry": {
        "type": "Point",
        "coordinates": [
          110.3802238,
          -7.7875036
        ]
      },
      "id": "node/9205485638"
    },
    {
      "type": "Feature",
      "properties": {
        "@id": "node/9205583197",
        "amenity": "restaurant",
        "changing_table": "no",
        "name": "Rumah Makan Jagad Kriuk",
        "outdoor_seating": "sidewalk",
        "wheelchair": "no"
      },
      "geometry": {
        "type": "Point",
        "coordinates": [
          110.3823788,
          -7.7860918
        ]
      },
      "id": "node/9205583197"
    },
    {
      "type": "Feature",
      "properties": {
        "@id": "node/9205583198",
        "amenity": "restaurant",
        "changing_table": "no",
        "name": "Nasi Liwet Solo Wong Lemu",
        "outdoor_seating": "sidewalk",
        "wheelchair": "no"
      },
      "geometry": {
        "type": "Point",
        "coordinates": [
          110.3824909,
          -7.7860864
        ]
      },
      "id": "node/9205583198"
    },
    {
      "type": "Feature",
      "properties": {
        "@id": "node/9205583199",
        "amenity": "restaurant",
        "changing_table": "no",
        "name": "Lumpia Rebung Bu Tatik",
        "outdoor_seating": "sidewalk",
        "wheelchair": "no"
      },
      "geometry": {
        "type": "Point",
        "coordinates": [
          110.3823283,
          -7.7860982
        ]
      },
      "id": "node/9205583199"
    },
    {
      "type": "Feature",
      "properties": {
        "@id": "node/9205583200",
        "amenity": "restaurant",
        "changing_table": "no",
        "name": "Sego Pecel Blora Dhong Jati",
        "outdoor_seating": "sidewalk",
        "wheelchair": "no"
      },
      "geometry": {
        "type": "Point",
        "coordinates": [
          110.3828769,
          -7.7860863
        ]
      },
      "id": "node/9205583200"
    },
    {
      "type": "Feature",
      "properties": {
        "@id": "node/9205583201",
        "amenity": "restaurant",
        "changing_table": "no",
        "name": "Nasi Goreng Kambing",
        "outdoor_seating": "sidewalk",
        "wheelchair": "no"
      },
      "geometry": {
        "type": "Point",
        "coordinates": [
          110.3824294,
          -7.7860866
        ]
      },
      "id": "node/9205583201"
    },
    {
      "type": "Feature",
      "properties": {
        "@id": "node/9205583202",
        "addr:street": "Jalan Langensari",
        "amenity": "restaurant",
        "changing_table": "no",
        "contact:instagram": "Bakso_Arema_Soringin",
        "contact:whatsapp": "+62 812-2691-2222",
        "cuisine": "indonesian",
        "name": "Bakso Urat Soringin Arema",
        "outdoor_seating": "yes",
        "takeaway": "yes",
        "wheelchair": "limited"
      },
      "geometry": {
        "type": "Point",
        "coordinates": [
          110.3825765,
          -7.7860877
        ]
      },
      "id": "node/9205583202"
    },
    {
      "type": "Feature",
      "properties": {
        "@id": "node/9206900903",
        "amenity": "restaurant",
        "changing_table": "no",
        "name": "Nasi Brongkos Bu Rahman",
        "outdoor_seating": "sidewalk",
        "smoking": "yes",
        "weather_protection": "roof",
        "wheelchair": "no"
      },
      "geometry": {
        "type": "Point",
        "coordinates": [
          110.3772867,
          -7.7879963
        ]
      },
      "id": "node/9206900903"
    },
    {
      "type": "Feature",
      "properties": {
        "@id": "node/9208431564",
        "amenity": "restaurant",
        "changing_table": "no",
        "name": "Ayam Bakar & Penyetan",
        "outdoor_seating": "sidewalk",
        "wheelchair": "no"
      },
      "geometry": {
        "type": "Point",
        "coordinates": [
          110.3821928,
          -7.7862143
        ]
      },
      "id": "node/9208431564"
    },
    {
      "type": "Feature",
      "properties": {
        "@id": "node/9208431565",
        "amenity": "restaurant",
        "changing_table": "no",
        "name": "Soto Langensari",
        "outdoor_seating": "sidewalk",
        "wheelchair": "no"
      },
      "geometry": {
        "type": "Point",
        "coordinates": [
          110.3821481,
          -7.7862633
        ]
      },
      "id": "node/9208431565"
    },
    {
      "type": "Feature",
      "properties": {
        "@id": "node/9208431567",
        "amenity": "restaurant",
        "changing_table": "no",
        "name": "Siomay & Batagor",
        "outdoor_seating": "sidewalk",
        "wheelchair": "no"
      },
      "geometry": {
        "type": "Point",
        "coordinates": [
          110.3821602,
          -7.7862404
        ]
      },
      "id": "node/9208431567"
    },
    {
      "type": "Feature",
      "properties": {
        "@id": "node/9217234772",
        "amenity": "restaurant",
        "changing_table": "no",
        "name": "Warung Makan Amunasi",
        "wheelchair": "no"
      },
      "geometry": {
        "type": "Point",
        "coordinates": [
          110.3794195,
          -7.7816819
        ]
      },
      "id": "node/9217234772"
    },
    {
      "type": "Feature",
      "properties": {
        "@id": "node/9217234773",
        "amenity": "restaurant",
        "changing_table": "no",
        "name": "Waruga Warmindo - Burjo",
        "wheelchair": "no"
      },
      "geometry": {
        "type": "Point",
        "coordinates": [
          110.3793796,
          -7.782868
        ]
      },
      "id": "node/9217234773"
    },
    {
      "type": "Feature",
      "properties": {
        "@id": "node/9217234774",
        "amenity": "restaurant",
        "changing_table": "no",
        "name": "Ka Story",
        "wheelchair": "no"
      },
      "geometry": {
        "type": "Point",
        "coordinates": [
          110.3793919,
          -7.7825159
        ]
      },
      "id": "node/9217234774"
    },
    {
      "type": "Feature",
      "properties": {
        "@id": "node/9217234775",
        "amenity": "restaurant",
        "changing_table": "no",
        "name": "Sae Chicken - Warung 543",
        "wheelchair": "no"
      },
      "geometry": {
        "type": "Point",
        "coordinates": [
          110.3792365,
          -7.7836891
        ]
      },
      "id": "node/9217234775"
    },
    {
      "type": "Feature",
      "properties": {
        "@id": "node/9217234777",
        "amenity": "restaurant",
        "changing_table": "no",
        "name": "Mie Aceh - Duta Serambi",
        "wheelchair": "no"
      },
      "geometry": {
        "type": "Point",
        "coordinates": [
          110.3793417,
          -7.7827734
        ]
      },
      "id": "node/9217234777"
    },
    {
      "type": "Feature",
      "properties": {
        "@id": "node/9217234778",
        "amenity": "restaurant",
        "changing_table": "no",
        "name": "Sushiruma",
        "wheelchair": "no"
      },
      "geometry": {
        "type": "Point",
        "coordinates": [
          110.3794209,
          -7.7815735
        ]
      },
      "id": "node/9217234778"
    },
    {
      "type": "Feature",
      "properties": {
        "@id": "node/9217234779",
        "amenity": "restaurant",
        "changing_table": "no",
        "name": "Mikuya",
        "wheelchair": "no"
      },
      "geometry": {
        "type": "Point",
        "coordinates": [
          110.3793968,
          -7.782423
        ]
      },
      "id": "node/9217234779"
    },
    {
      "type": "Feature",
      "properties": {
        "@id": "node/9219846872",
        "amenity": "restaurant",
        "changing_table": "no",
        "cuisine": "noodle",
        "name": "Mie Ayam Kobar Jaya",
        "outdoor_seating": "sidewalk",
        "smoking": "yes",
        "wheelchair": "no"
      },
      "geometry": {
        "type": "Point",
        "coordinates": [
          110.3709391,
          -7.7872179
        ]
      },
      "id": "node/9219846872"
    },
    {
      "type": "Feature",
      "properties": {
        "@id": "node/9222486037",
        "amenity": "restaurant",
        "changing_table": "no",
        "name": "Warung 27",
        "smoking": "yes",
        "wheelchair": "no"
      },
      "geometry": {
        "type": "Point",
        "coordinates": [
          110.3759177,
          -7.7766031
        ]
      },
      "id": "node/9222486037"
    },
    {
      "type": "Feature",
      "properties": {
        "@id": "node/9222486039",
        "amenity": "restaurant",
        "changing_table": "no",
        "name": "Bubur Ayam Jakarta",
        "outdoor_seating": "sidewalk",
        "smoking": "yes",
        "wheelchair": "no"
      },
      "geometry": {
        "type": "Point",
        "coordinates": [
          110.3758632,
          -7.777929
        ]
      },
      "id": "node/9222486039"
    },
    {
      "type": "Feature",
      "properties": {
        "@id": "node/9222486041",
        "amenity": "restaurant",
        "name": "Warung Makan DPR",
        "outdoor_seating": "yes",
        "smoking": "yes",
        "wheelchair": "no"
      },
      "geometry": {
        "type": "Point",
        "coordinates": [
          110.3758917,
          -7.777716
        ]
      },
      "id": "node/9222486041"
    },
    {
      "type": "Feature",
      "properties": {
        "@id": "node/9222486042",
        "amenity": "restaurant",
        "changing_table": "no",
        "name": "Warmindo Sumber Vitamin",
        "opening_hours": "24/7",
        "smoking": "yes",
        "wheelchair": "no"
      },
      "geometry": {
        "type": "Point",
        "coordinates": [
          110.3759234,
          -7.776414
        ]
      },
      "id": "node/9222486042"
    },
    {
      "type": "Feature",
      "properties": {
        "@id": "node/9222486043",
        "amenity": "restaurant",
        "changing_table": "no",
        "cuisine": "noodle",
        "name": "Warmindo",
        "opening_hours": "24/7",
        "smoking": "yes",
        "wheelchair": "no"
      },
      "geometry": {
        "type": "Point",
        "coordinates": [
          110.3757179,
          -7.7778615
        ]
      },
      "id": "node/9222486043"
    },
    {
      "type": "Feature",
      "properties": {
        "@id": "node/9222486044",
        "amenity": "restaurant",
        "changing_table": "no",
        "name": "Nasi Uduk Uni Al",
        "outdoor_seating": "sidewalk",
        "smoking": "yes",
        "takeaway": "yes",
        "wheelchair": "no"
      },
      "geometry": {
        "type": "Point",
        "coordinates": [
          110.3759239,
          -7.7764892
        ]
      },
      "id": "node/9222486044"
    },
    {
      "type": "Feature",
      "properties": {
        "@id": "node/9222486046",
        "amenity": "restaurant",
        "changing_table": "no",
        "name": "Warung Pak Jon",
        "outdoor_seating": "yes",
        "smoking": "yes",
        "wheelchair": "no"
      },
      "geometry": {
        "type": "Point",
        "coordinates": [
          110.3758774,
          -7.777821
        ]
      },
      "id": "node/9222486046"
    },
    {
      "type": "Feature",
      "properties": {
        "@id": "node/9222644141",
        "amenity": "restaurant",
        "changing_table": "no",
        "name": "Bubur Ayam Salbiyah",
        "outdoor_seating": "sidewalk",
        "smoking": "yes",
        "wheelchair": "no"
      },
      "geometry": {
        "type": "Point",
        "coordinates": [
          110.3778421,
          -7.7760687
        ]
      },
      "id": "node/9222644141"
    },
    {
      "type": "Feature",
      "properties": {
        "@id": "node/9222644148",
        "amenity": "restaurant",
        "changing_table": "no",
        "name": "Angkringan DPR",
        "outdoor_seating": "sidewalk",
        "smoking": "yes",
        "wheelchair": "no"
      },
      "geometry": {
        "type": "Point",
        "coordinates": [
          110.3780427,
          -7.7760763
        ]
      },
      "id": "node/9222644148"
    },
    {
      "type": "Feature",
      "properties": {
        "@id": "node/9229319595",
        "amenity": "restaurant",
        "changing_table": "no",
        "name": "Bakso dan Mie Ayam Yatmin",
        "opening_hours": "Mo-Sa 09:00-17:00; PH closed",
        "smoking": "yes",
        "wheelchair": "no"
      },
      "geometry": {
        "type": "Point",
        "coordinates": [
          110.3773379,
          -7.7882117
        ]
      },
      "id": "node/9229319595"
    },
    {
      "type": "Feature",
      "properties": {
        "@id": "node/9238427317",
        "amenity": "restaurant",
        "cuisine": "chinese",
        "name": "KONG KONG"
      },
      "geometry": {
        "type": "Point",
        "coordinates": [
          110.3417868,
          -7.7764844
        ]
      },
      "id": "node/9238427317"
    },
    {
      "type": "Feature",
      "properties": {
        "@id": "node/9242835812",
        "amenity": "restaurant",
        "changing_table": "no",
        "name": "Warung Makan Bu Uli",
        "opening_hours": "Mo-Su 09:00-21:00",
        "smoking": "yes",
        "wheelchair": "no"
      },
      "geometry": {
        "type": "Point",
        "coordinates": [
          110.3765167,
          -7.7890903
        ]
      },
      "id": "node/9242835812"
    },
    {
      "type": "Feature",
      "properties": {
        "@id": "node/9252270615",
        "amenity": "restaurant",
        "changing_table": "no",
        "name": "Mie Ayam Asalam",
        "opening_hours": "Mo-Sa 09:00-15:00; PH closed",
        "outdoor_seating": "sidewalk",
        "smoking": "yes",
        "wheelchair": "no"
      },
      "geometry": {
        "type": "Point",
        "coordinates": [
          110.3758595,
          -7.7861972
        ]
      },
      "id": "node/9252270615"
    },
    {
      "type": "Feature",
      "properties": {
        "@id": "node/9252270617",
        "amenity": "restaurant",
        "changing_table": "no",
        "name": "Soto Ayam",
        "opening_hours": "Mo-Sa 09:00-15:00; PH closed",
        "outdoor_seating": "sidewalk",
        "smoking": "yes",
        "wheelchair": "no"
      },
      "geometry": {
        "type": "Point",
        "coordinates": [
          110.3761118,
          -7.7863022
        ]
      },
      "id": "node/9252270617"
    },
    {
      "type": "Feature",
      "properties": {
        "@id": "node/9252270618",
        "amenity": "restaurant",
        "changing_table": "no",
        "name": "Siomay Kotabaru",
        "opening_hours": "Mo-Sa 09:00-15:00; PH closed",
        "outdoor_seating": "sidewalk",
        "smoking": "yes",
        "wheelchair": "no"
      },
      "geometry": {
        "type": "Point",
        "coordinates": [
          110.3747143,
          -7.7859728
        ]
      },
      "id": "node/9252270618"
    },
    {
      "type": "Feature",
      "properties": {
        "@id": "node/9252270619",
        "amenity": "restaurant",
        "changing_table": "no",
        "name": "Angkringan",
        "opening_hours": "Mo-Su 09:00-24:00,00:00-02:00; PH closed",
        "outdoor_seating": "sidewalk",
        "smoking": "yes",
        "wheelchair": "no"
      },
      "geometry": {
        "type": "Point",
        "coordinates": [
          110.3754528,
          -7.7861119
        ]
      },
      "id": "node/9252270619"
    },
    {
      "type": "Feature",
      "properties": {
        "@id": "node/9270669213",
        "amenity": "restaurant",
        "changing_table": "no",
        "name": "Warung Goyang Lidah",
        "opening_hours": "Mo-Sa 07:00-22:00; PH closed",
        "wheelchair": "no"
      },
      "geometry": {
        "type": "Point",
        "coordinates": [
          110.3761391,
          -7.7862229
        ]
      },
      "id": "node/9270669213"
    },
    {
      "type": "Feature",
      "properties": {
        "@id": "node/9331332723",
        "addr:postcode": "55664",
        "amenity": "restaurant",
        "cuisine": "daerahregional;coffee_shop",
        "name": "Terasloka"
      },
      "geometry": {
        "type": "Point",
        "coordinates": [
          110.2157772,
          -7.8472975
        ]
      },
      "id": "node/9331332723"
    },
    {
      "type": "Feature",
      "properties": {
        "@id": "node/9392036388",
        "amenity": "restaurant"
      },
      "geometry": {
        "type": "Point",
        "coordinates": [
          110.1210249,
          -7.7698252
        ]
      },
      "id": "node/9392036388"
    },
    {
      "type": "Feature",
      "properties": {
        "@id": "node/9442101297",
        "amenity": "restaurant",
        "cuisine": "indonesian",
        "name": "Kopi Nuri"
      },
      "geometry": {
        "type": "Point",
        "coordinates": [
          110.3550446,
          -7.8550364
        ]
      },
      "id": "node/9442101297"
    },
    {
      "type": "Feature",
      "properties": {
        "@id": "node/9460336582",
        "amenity": "restaurant"
      },
      "geometry": {
        "type": "Point",
        "coordinates": [
          110.520343,
          -7.8954849
        ]
      },
      "id": "node/9460336582"
    },
    {
      "type": "Feature",
      "properties": {
        "@id": "node/9505300231",
        "amenity": "restaurant",
        "internet_access": "yes",
        "internet_access:fee": "no",
        "name": "De Celine Restaurant & Patisserie",
        "outdoor_seating": "yes",
        "takeaway": "yes",
        "toilets": "yes",
        "toilets:access": "customers",
        "toilets:wheelchair": "no",
        "wheelchair": "no"
      },
      "geometry": {
        "type": "Point",
        "coordinates": [
          110.3718056,
          -7.7859347
        ]
      },
      "id": "node/9505300231"
    },
    {
      "type": "Feature",
      "properties": {
        "@id": "node/9515922832",
        "amenity": "restaurant",
        "cuisine": "asian",
        "name": "Kedai Nyah Tan Li",
        "opening_hours": "Mo-Su,PH 10:00-21:00"
      },
      "geometry": {
        "type": "Point",
        "coordinates": [
          110.3380415,
          -7.8459777
        ]
      },
      "id": "node/9515922832"
    },
    {
      "type": "Feature",
      "properties": {
        "@id": "node/9663649829",
        "amenity": "restaurant",
        "contact:email": "dapurnewyorkarto@gmail.com",
        "contact:facebook": "https://www.facebook.com/DapurNewYorkarto",
        "contact:instagram": "dapurnewyorkarto",
        "contact:whatsapp": "+6282271604881",
        "name": "Dapur New Yorkarto",
        "opening_hours": "Mo-Th, Sa, Su 10:00-20:30",
        "phone": "+6287838180001"
      },
      "geometry": {
        "type": "Point",
        "coordinates": [
          110.4533927,
          -7.7302007
        ]
      },
      "id": "node/9663649829"
    },
    {
      "type": "Feature",
      "properties": {
        "@id": "node/9670086397",
        "amenity": "restaurant",
        "check_date:opening_hours": "2023-01-05",
        "name": "Bakso dan Mie Ayam Semulur",
        "opening_hours:signed": "no"
      },
      "geometry": {
        "type": "Point",
        "coordinates": [
          110.4823444,
          -7.7367644
        ]
      },
      "id": "node/9670086397"
    },
    {
      "type": "Feature",
      "properties": {
        "@id": "node/9670255692",
        "amenity": "restaurant",
        "name": "Warmindo Restu Bunda"
      },
      "geometry": {
        "type": "Point",
        "coordinates": [
          110.4493943,
          -7.7623853
        ]
      },
      "id": "node/9670255692"
    },
    {
      "type": "Feature",
      "properties": {
        "@id": "node/9670255883",
        "air_conditioning": "no",
        "amenity": "restaurant",
        "changing_table": "no",
        "cuisine": "indonesian",
        "highchair": "no",
        "internet_access": "wlan",
        "internet_access:fee": "no",
        "kids_area": "no",
        "name": "Family Wader",
        "phone": "+62 813-9868-1911",
        "takeaway": "yes",
        "toilets": "no",
        "wheelchair": "limited"
      },
      "geometry": {
        "type": "Point",
        "coordinates": [
          110.4440166,
          -7.7368398
        ]
      },
      "id": "node/9670255883"
    },
    {
      "type": "Feature",
      "properties": {
        "@id": "node/9670259499",
        "amenity": "restaurant",
        "name": "Cafe Warung Idhe Tentang Rasa",
        "opening_hours": "Mo-Sa 17:00-00:00"
      },
      "geometry": {
        "type": "Point",
        "coordinates": [
          110.446671,
          -7.7911189
        ]
      },
      "id": "node/9670259499"
    },
    {
      "type": "Feature",
      "properties": {
        "@id": "node/9671789128",
        "amenity": "restaurant",
        "name": "Soto Bathok kebon",
        "opening_hours": "Tu, We, Su 07:00-16:00; Mo 07:30-17:00; Fr 07:00-16:00; Sa 07:00-16:00"
      },
      "geometry": {
        "type": "Point",
        "coordinates": [
          110.4450155,
          -7.8028555
        ]
      },
      "id": "node/9671789128"
    },
    {
      "type": "Feature",
      "properties": {
        "@id": "node/9671808301",
        "amenity": "restaurant",
        "name": "Alif Coffee & Space",
        "old_name": "GUMYAK resto and coffee",
        "opening_hours": "Mo-Su 07:00-22:00",
        "phone": "+62 878 3810 4845"
      },
      "geometry": {
        "type": "Point",
        "coordinates": [
          110.4271851,
          -7.7361875
        ]
      },
      "id": "node/9671808301"
    },
    {
      "type": "Feature",
      "properties": {
        "@id": "node/9671845964",
        "amenity": "restaurant",
        "name": "Gudeg"
      },
      "geometry": {
        "type": "Point",
        "coordinates": [
          110.4351536,
          -7.7229755
        ]
      },
      "id": "node/9671845964"
    },
    {
      "type": "Feature",
      "properties": {
        "@id": "node/9676545305",
        "amenity": "restaurant",
        "contact:facebook": "https://www.facebook.com/DisawaPawon",
        "contact:instagram": "disawa_pawon",
        "contact:whatsapp": "+62821-3488-8035",
        "name": "Disawa Pawon",
        "opening_hours": "Sa, Su 08:00-22:00; Tu-Fr 10:00-22:00"
      },
      "geometry": {
        "type": "Point",
        "coordinates": [
          110.4400267,
          -7.7129249
        ]
      },
      "id": "node/9676545305"
    },
    {
      "type": "Feature",
      "properties": {
        "@id": "node/9678942457",
        "amenity": "restaurant",
        "name": "Soto Gedhek Kalasan"
      },
      "geometry": {
        "type": "Point",
        "coordinates": [
          110.4605312,
          -7.7413432
        ]
      },
      "id": "node/9678942457"
    },
    {
      "type": "Feature",
      "properties": {
        "@id": "node/9678948389",
        "amenity": "restaurant",
        "name": "Ayam Goreng Mbak Tia"
      },
      "geometry": {
        "type": "Point",
        "coordinates": [
          110.4817379,
          -7.7399351
        ]
      },
      "id": "node/9678948389"
    },
    {
      "type": "Feature",
      "properties": {
        "@id": "node/9678949966",
        "amenity": "restaurant",
        "name": "Burjo Gavindo"
      },
      "geometry": {
        "type": "Point",
        "coordinates": [
          110.46134,
          -7.7415458
        ]
      },
      "id": "node/9678949966"
    },
    {
      "type": "Feature",
      "properties": {
        "@id": "node/9681842134",
        "amenity": "restaurant",
        "name": "Lingua eatery and coffee",
        "phone": "+6282137270845"
      },
      "geometry": {
        "type": "Point",
        "coordinates": [
          110.3607966,
          -7.7774733
        ]
      },
      "id": "node/9681842134"
    },
    {
      "type": "Feature",
      "properties": {
        "@id": "node/9682458699",
        "amenity": "restaurant",
        "name": "Muyegh Bakso Isi & Fried Chicken"
      },
      "geometry": {
        "type": "Point",
        "coordinates": [
          110.4711565,
          -7.744336
        ]
      },
      "id": "node/9682458699"
    },
    {
      "type": "Feature",
      "properties": {
        "@id": "node/9684875958",
        "amenity": "restaurant",
        "name": "Bakso Mie Ayam"
      },
      "geometry": {
        "type": "Point",
        "coordinates": [
          110.4345006,
          -7.7514681
        ]
      },
      "id": "node/9684875958"
    },
    {
      "type": "Feature",
      "properties": {
        "@id": "node/9690688578",
        "addr:city": "Bantul",
        "addr:street": "Jalan Garuda",
        "amenity": "restaurant",
        "name": "Warung Bu Baha"
      },
      "geometry": {
        "type": "Point",
        "coordinates": [
          110.4058756,
          -7.8275133
        ]
      },
      "id": "node/9690688578"
    },
    {
      "type": "Feature",
      "properties": {
        "@id": "node/9696642489",
        "amenity": "restaurant",
        "contact:facebook": "https://www.facebook.com/JogjaAirportResto",
        "contact:instagram": "jogjaairportresto",
        "contact:twitter": "@jogjaairportresto",
        "contact:whatsapp": "+6282137197178",
        "name": "Jogja Airport Resto",
        "opening_hours": "Mo-Fr 11:00-21:00; Sa, Su 10:00-21:00"
      },
      "geometry": {
        "type": "Point",
        "coordinates": [
          110.4493941,
          -7.7710476
        ]
      },
      "id": "node/9696642489"
    },
    {
      "type": "Feature",
      "properties": {
        "@id": "node/9696990644",
        "amenity": "restaurant",
        "name": "Shabu Suki"
      },
      "geometry": {
        "type": "Point",
        "coordinates": [
          110.4090399,
          -7.7719748
        ]
      },
      "id": "node/9696990644"
    },
    {
      "type": "Feature",
      "properties": {
        "@id": "node/9697406461",
        "amenity": "restaurant",
        "name": "Bakso Pa' Jero"
      },
      "geometry": {
        "type": "Point",
        "coordinates": [
          110.3848296,
          -7.776769
        ]
      },
      "id": "node/9697406461"
    },
    {
      "type": "Feature",
      "properties": {
        "@id": "node/9697446970",
        "amenity": "restaurant",
        "name": "Djawara Bakso & Mie Ayam"
      },
      "geometry": {
        "type": "Point",
        "coordinates": [
          110.4464554,
          -7.7911091
        ]
      },
      "id": "node/9697446970"
    },
    {
      "type": "Feature",
      "properties": {
        "@id": "node/9697468007",
        "amenity": "restaurant",
        "check_date": "2024-02-24",
        "name": "Ayam Goreng Suharti",
        "name:id": "Ayam Goreng Suharti"
      },
      "geometry": {
        "type": "Point",
        "coordinates": [
          110.4133512,
          -7.783068
        ]
      },
      "id": "node/9697468007"
    },
    {
      "type": "Feature",
      "properties": {
        "@id": "node/9697471983",
        "amenity": "restaurant",
        "name": "Preksu Ayam Geprek & Susu"
      },
      "geometry": {
        "type": "Point",
        "coordinates": [
          110.385054,
          -7.777742
        ]
      },
      "id": "node/9697471983"
    },
    {
      "type": "Feature",
      "properties": {
        "@id": "node/9697472587",
        "amenity": "restaurant",
        "name": "Yamie Lampion"
      },
      "geometry": {
        "type": "Point",
        "coordinates": [
          110.3853247,
          -7.7777231
        ]
      },
      "id": "node/9697472587"
    },
    {
      "type": "Feature",
      "properties": {
        "@id": "node/9704527428",
        "amenity": "restaurant",
        "name": "R.M. Janjang Ameh"
      },
      "geometry": {
        "type": "Point",
        "coordinates": [
          110.4518616,
          -7.7387564
        ]
      },
      "id": "node/9704527428"
    },
    {
      "type": "Feature",
      "properties": {
        "@id": "node/9704557259",
        "amenity": "restaurant",
        "name": "Soto Batok X-Kuning"
      },
      "geometry": {
        "type": "Point",
        "coordinates": [
          110.4445512,
          -7.7369037
        ]
      },
      "id": "node/9704557259"
    },
    {
      "type": "Feature",
      "properties": {
        "@id": "node/9704827156",
        "amenity": "restaurant",
        "name": "Kopi Plosok dan Sego Thiwul"
      },
      "geometry": {
        "type": "Point",
        "coordinates": [
          110.4169824,
          -7.7281029
        ]
      },
      "id": "node/9704827156"
    },
    {
      "type": "Feature",
      "properties": {
        "@id": "node/9704858760",
        "amenity": "restaurant",
        "name": "Mie Ayam & Bakso Mas Eko"
      },
      "geometry": {
        "type": "Point",
        "coordinates": [
          110.420854,
          -7.731497
        ]
      },
      "id": "node/9704858760"
    },
    {
      "type": "Feature",
      "properties": {
        "@id": "node/9705060074",
        "amenity": "restaurant",
        "name": "Rumah Makan Rata-Rata"
      },
      "geometry": {
        "type": "Point",
        "coordinates": [
          110.4498647,
          -7.7451336
        ]
      },
      "id": "node/9705060074"
    },
    {
      "type": "Feature",
      "properties": {
        "@id": "node/9705070295",
        "amenity": "restaurant",
        "name": "Bakso dan Mie Ayam Barokah"
      },
      "geometry": {
        "type": "Point",
        "coordinates": [
          110.4495962,
          -7.7592132
        ]
      },
      "id": "node/9705070295"
    },
    {
      "type": "Feature",
      "properties": {
        "@id": "node/9709398297",
        "amenity": "restaurant",
        "cuisine": "daerahregional",
        "name": "Kopi Perahu Prambanan",
        "outdoor_seating": "yes"
      },
      "geometry": {
        "type": "Point",
        "coordinates": [
          110.4852687,
          -7.7506145
        ]
      },
      "id": "node/9709398297"
    },
    {
      "type": "Feature",
      "properties": {
        "@id": "node/9709412795",
        "amenity": "restaurant",
        "name": "Bakmi Jawa Legendaris Mbah Gombloh"
      },
      "geometry": {
        "type": "Point",
        "coordinates": [
          110.479174,
          -7.7362142
        ]
      },
      "id": "node/9709412795"
    },
    {
      "type": "Feature",
      "properties": {
        "@id": "node/9710618985",
        "amenity": "restaurant",
        "name": "Mie Goceng Plus"
      },
      "geometry": {
        "type": "Point",
        "coordinates": [
          110.4707287,
          -7.7597744
        ]
      },
      "id": "node/9710618985"
    },
    {
      "type": "Feature",
      "properties": {
        "@id": "node/9719582098",
        "amenity": "restaurant",
        "name": "Angkringan Soringan Daris"
      },
      "geometry": {
        "type": "Point",
        "coordinates": [
          110.4520085,
          -7.7391894
        ]
      },
      "id": "node/9719582098"
    },
    {
      "type": "Feature",
      "properties": {
        "@id": "node/9719583744",
        "amenity": "restaurant",
        "name": "Penyetan Mas Kobis"
      },
      "geometry": {
        "type": "Point",
        "coordinates": [
          110.4519657,
          -7.7392828
        ]
      },
      "id": "node/9719583744"
    },
    {
      "type": "Feature",
      "properties": {
        "@id": "node/9719970485",
        "amenity": "restaurant",
        "contact:instagram": "@gendhis.resto",
        "name": "Gendhis"
      },
      "geometry": {
        "type": "Point",
        "coordinates": [
          110.4209346,
          -7.7383062
        ]
      },
      "id": "node/9719970485"
    },
    {
      "type": "Feature",
      "properties": {
        "@id": "node/9720000343",
        "amenity": "restaurant",
        "name": "Warung Makan Keluarga"
      },
      "geometry": {
        "type": "Point",
        "coordinates": [
          110.485842,
          -7.7525683
        ]
      },
      "id": "node/9720000343"
    },
    {
      "type": "Feature",
      "properties": {
        "@id": "node/9720020690",
        "alt_name": "Warung Damandiri",
        "amenity": "restaurant",
        "cuisine": "indonesian",
        "internet_access": "wlan",
        "internet_access:ssid": "WARUNG DAMANDIRI",
        "name": "Waroeng Damandiri",
        "opening_hours": "Mo-Su 09:00-20:00",
        "phone": "+628121579658",
        "smoking": "yes"
      },
      "geometry": {
        "type": "Point",
        "coordinates": [
          110.4847861,
          -7.7515497
        ]
      },
      "id": "node/9720020690"
    },
    {
      "type": "Feature",
      "properties": {
        "@id": "node/9722416776",
        "amenity": "restaurant",
        "name": "Bakso & Mie Suketz"
      },
      "geometry": {
        "type": "Point",
        "coordinates": [
          110.4500699,
          -7.7445671
        ]
      },
      "id": "node/9722416776"
    },
    {
      "type": "Feature",
      "properties": {
        "@id": "node/9722417380",
        "amenity": "restaurant",
        "name": "Warmindo Manise"
      },
      "geometry": {
        "type": "Point",
        "coordinates": [
          110.4491718,
          -7.7748111
        ]
      },
      "id": "node/9722417380"
    },
    {
      "type": "Feature",
      "properties": {
        "@id": "node/9722467006",
        "amenity": "restaurant",
        "name": "Olive Fried Chicken"
      },
      "geometry": {
        "type": "Point",
        "coordinates": [
          110.450424,
          -7.7820246
        ]
      },
      "id": "node/9722467006"
    },
    {
      "type": "Feature",
      "properties": {
        "@id": "node/9722477537",
        "amenity": "restaurant",
        "name": "Bakso Raksasa"
      },
      "geometry": {
        "type": "Point",
        "coordinates": [
          110.4710617,
          -7.7513483
        ]
      },
      "id": "node/9722477537"
    },
    {
      "type": "Feature",
      "properties": {
        "@id": "node/9722479026",
        "amenity": "restaurant",
        "name": "Soto & Bakso Tarunojoyo 2"
      },
      "geometry": {
        "type": "Point",
        "coordinates": [
          110.4633954,
          -7.7744648
        ]
      },
      "id": "node/9722479026"
    },
    {
      "type": "Feature",
      "properties": {
        "@id": "node/9722493990",
        "amenity": "restaurant",
        "name": "Mie Ayam Bakso Tok-Tok"
      },
      "geometry": {
        "type": "Point",
        "coordinates": [
          110.4481768,
          -7.7557494
        ]
      },
      "id": "node/9722493990"
    },
    {
      "type": "Feature",
      "properties": {
        "@id": "node/9722497012",
        "amenity": "restaurant",
        "name": "Gurame Bakar"
      },
      "geometry": {
        "type": "Point",
        "coordinates": [
          110.4482291,
          -7.7527797
        ]
      },
      "id": "node/9722497012"
    },
    {
      "type": "Feature",
      "properties": {
        "@id": "node/9722506450",
        "amenity": "restaurant",
        "name": "Ayam Penyet Kalasan"
      },
      "geometry": {
        "type": "Point",
        "coordinates": [
          110.4626334,
          -7.7753647
        ]
      },
      "id": "node/9722506450"
    },
    {
      "type": "Feature",
      "properties": {
        "@id": "node/9722506452",
        "amenity": "restaurant",
        "name": "Soto Merapi"
      },
      "geometry": {
        "type": "Point",
        "coordinates": [
          110.4705387,
          -7.7607457
        ]
      },
      "id": "node/9722506452"
    },
    {
      "type": "Feature",
      "properties": {
        "@id": "node/9722509402",
        "amenity": "restaurant",
        "name": "RM. Sate Kambing Muda Balibul"
      },
      "geometry": {
        "type": "Point",
        "coordinates": [
          110.4511279,
          -7.7810296
        ]
      },
      "id": "node/9722509402"
    },
    {
      "type": "Feature",
      "properties": {
        "@id": "node/9722509794",
        "amenity": "restaurant",
        "name": "Warmindo Booyah"
      },
      "geometry": {
        "type": "Point",
        "coordinates": [
          110.4489263,
          -7.7726644
        ]
      },
      "id": "node/9722509794"
    },
    {
      "type": "Feature",
      "properties": {
        "@id": "node/9722509795",
        "amenity": "restaurant",
        "name": "Bistik Sapi & Sayur"
      },
      "geometry": {
        "type": "Point",
        "coordinates": [
          110.4494491,
          -7.7770125
        ]
      },
      "id": "node/9722509795"
    },
    {
      "type": "Feature",
      "properties": {
        "@id": "node/9722510479",
        "amenity": "restaurant",
        "name": "Mie Ayam Putera"
      },
      "geometry": {
        "type": "Point",
        "coordinates": [
          110.4472624,
          -7.7593386
        ]
      },
      "id": "node/9722510479"
    },
    {
      "type": "Feature",
      "properties": {
        "@id": "node/9722510480",
        "amenity": "restaurant",
        "cuisine": "indonesian",
        "internet_access": "wlan",
        "name": "Kedai Kita",
        "outdoor_seating": "no",
        "wheelchair": "limited"
      },
      "geometry": {
        "type": "Point",
        "coordinates": [
          110.4493561,
          -7.7765691
        ]
      },
      "id": "node/9722510480"
    },
    {
      "type": "Feature",
      "properties": {
        "@id": "node/9722511218",
        "amenity": "restaurant",
        "name": "Sate Barokah"
      },
      "geometry": {
        "type": "Point",
        "coordinates": [
          110.4472302,
          -7.75754
        ]
      },
      "id": "node/9722511218"
    },
    {
      "type": "Feature",
      "properties": {
        "@id": "node/9722511219",
        "addr:street": "Jl. Kadirojo II, Kadorojo II RT 07 / RW 02, Purwomartani, Kalasan, Sleman",
        "amenity": "restaurant",
        "contact:instagram": "baksomie_nio",
        "name": "Bakso & Mie Ayam Nio",
        "phone": "+628816404812"
      },
      "geometry": {
        "type": "Point",
        "coordinates": [
          110.4489306,
          -7.7698133
        ]
      },
      "id": "node/9722511219"
    },
    {
      "type": "Feature",
      "properties": {
        "@id": "node/9722511220",
        "amenity": "restaurant",
        "name": "Bakso Sido Khasil"
      },
      "geometry": {
        "type": "Point",
        "coordinates": [
          110.4498668,
          -7.778369
        ]
      },
      "id": "node/9722511220"
    },
    {
      "type": "Feature",
      "properties": {
        "@id": "node/9722512072",
        "amenity": "restaurant",
        "name": "Jogja Chicken"
      },
      "geometry": {
        "type": "Point",
        "coordinates": [
          110.4640397,
          -7.7739914
        ]
      },
      "id": "node/9722512072"
    },
    {
      "type": "Feature",
      "properties": {
        "@id": "node/9722512775",
        "amenity": "restaurant",
        "name": "Bakso Krezzz"
      },
      "geometry": {
        "type": "Point",
        "coordinates": [
          110.4693188,
          -7.7693308
        ]
      },
      "id": "node/9722512775"
    },
    {
      "type": "Feature",
      "properties": {
        "@id": "node/9722519998",
        "amenity": "restaurant",
        "name": "Warung Ayam Goreng Kremes"
      },
      "geometry": {
        "type": "Point",
        "coordinates": [
          110.4487306,
          -7.7500262
        ]
      },
      "id": "node/9722519998"
    },
    {
      "type": "Feature",
      "properties": {
        "@id": "node/9722519999",
        "amenity": "restaurant",
        "name": "Mie Ayam Bakso Anugerah 2"
      },
      "geometry": {
        "type": "Point",
        "coordinates": [
          110.4705394,
          -7.7607002
        ]
      },
      "id": "node/9722519999"
    },
    {
      "type": "Feature",
      "properties": {
        "@id": "node/9725537291",
        "amenity": "restaurant",
        "name": "Warung Siomay Kang Yuda"
      },
      "geometry": {
        "type": "Point",
        "coordinates": [
          110.4711375,
          -7.7495999
        ]
      },
      "id": "node/9725537291"
    },
    {
      "type": "Feature",
      "properties": {
        "@id": "node/9725611254",
        "amenity": "restaurant",
        "name": "Warmindo Speedneet"
      },
      "geometry": {
        "type": "Point",
        "coordinates": [
          110.4716925,
          -7.7445004
        ]
      },
      "id": "node/9725611254"
    },
    {
      "type": "Feature",
      "properties": {
        "@id": "node/9725615651",
        "amenity": "restaurant",
        "name": "Ayam Goreng Nyambleng Jogja"
      },
      "geometry": {
        "type": "Point",
        "coordinates": [
          110.4711565,
          -7.7484409
        ]
      },
      "id": "node/9725615651"
    },
    {
      "type": "Feature",
      "properties": {
        "@id": "node/9725624818",
        "amenity": "restaurant",
        "name": "Warung Makan Dek Kirana"
      },
      "geometry": {
        "type": "Point",
        "coordinates": [
          110.47753,
          -7.743426
        ]
      },
      "id": "node/9725624818"
    },
    {
      "type": "Feature",
      "properties": {
        "@id": "node/9725628653",
        "amenity": "restaurant",
        "name": "Soto dan Gudeg"
      },
      "geometry": {
        "type": "Point",
        "coordinates": [
          110.4709392,
          -7.7521194
        ]
      },
      "id": "node/9725628653"
    },
    {
      "type": "Feature",
      "properties": {
        "@id": "node/9725630572",
        "amenity": "restaurant",
        "name": "Warung Kopi & Warung Makan nDeso"
      },
      "geometry": {
        "type": "Point",
        "coordinates": [
          110.480616,
          -7.7439321
        ]
      },
      "id": "node/9725630572"
    },
    {
      "type": "Feature",
      "properties": {
        "@id": "node/9725632643",
        "amenity": "restaurant",
        "name": "Kedulan Resto & Cafe"
      },
      "geometry": {
        "type": "Point",
        "coordinates": [
          110.4798788,
          -7.7425073
        ]
      },
      "id": "node/9725632643"
    },
    {
      "type": "Feature",
      "properties": {
        "@id": "node/9725892871",
        "amenity": "restaurant",
        "name": "Chunda"
      },
      "geometry": {
        "type": "Point",
        "coordinates": [
          110.4184724,
          -7.7838165
        ]
      },
      "id": "node/9725892871"
    },
    {
      "type": "Feature",
      "properties": {
        "@id": "node/9725912656",
        "amenity": "restaurant",
        "name": "Thyme"
      },
      "geometry": {
        "type": "Point",
        "coordinates": [
          110.4059256,
          -7.7829614
        ]
      },
      "id": "node/9725912656"
    },
    {
      "type": "Feature",
      "properties": {
        "@id": "node/9728438844",
        "amenity": "restaurant",
        "check_date:opening_hours": "2022-11-18",
        "cuisine": "indonesian",
        "name": "Soto & Angkringan Dhuwur Kalen",
        "opening_hours:signed": "no",
        "takeaway": "yes"
      },
      "geometry": {
        "type": "Point",
        "coordinates": [
          110.4547662,
          -7.7742549
        ]
      },
      "id": "node/9728438844"
    },
    {
      "type": "Feature",
      "properties": {
        "@id": "node/9728575655",
        "air_conditioning": "no",
        "amenity": "restaurant",
        "contact:instagram": "@mbokreneo_resto",
        "contact:whatsapp": "+6289616223131",
        "cuisine": "daerahregional",
        "internet_access": "wlan",
        "name": "Mbok Reneo Warung",
        "outdoor_seating": "yes",
        "payment:cash": "yes",
        "payment:credit_cards": "yes",
        "payment:debit_cards": "yes",
        "reservation": "yes",
        "smoking": "outside",
        "takeaway": "yes",
        "wheelchair": "limited"
      },
      "geometry": {
        "type": "Point",
        "coordinates": [
          110.4852554,
          -7.7555963
        ]
      },
      "id": "node/9728575655"
    },
    {
      "type": "Feature",
      "properties": {
        "@id": "node/9729524951",
        "amenity": "restaurant",
        "name": "Kopi Mego"
      },
      "geometry": {
        "type": "Point",
        "coordinates": [
          110.1180914,
          -7.761378
        ]
      },
      "id": "node/9729524951"
    },
    {
      "type": "Feature",
      "properties": {
        "@id": "node/9740774913",
        "amenity": "restaurant",
        "name": "Warung Lumintu"
      },
      "geometry": {
        "type": "Point",
        "coordinates": [
          110.4453833,
          -7.7372129
        ]
      },
      "id": "node/9740774913"
    },
    {
      "type": "Feature",
      "properties": {
        "@id": "node/9740795128",
        "amenity": "restaurant",
        "name": "Bakso & Mie Ayam CeKa"
      },
      "geometry": {
        "type": "Point",
        "coordinates": [
          110.4367855,
          -7.7354468
        ]
      },
      "id": "node/9740795128"
    },
    {
      "type": "Feature",
      "properties": {
        "@id": "node/9740796650",
        "amenity": "restaurant",
        "name": "Sate Kambing mbak arum"
      },
      "geometry": {
        "type": "Point",
        "coordinates": [
          110.4814268,
          -7.7410823
        ]
      },
      "id": "node/9740796650"
    },
    {
      "type": "Feature",
      "properties": {
        "@id": "node/9740819145",
        "amenity": "restaurant",
        "internet_access": "wlan",
        "name": "OmahSawah Food Corner"
      },
      "geometry": {
        "type": "Point",
        "coordinates": [
          110.4283212,
          -7.7388976
        ]
      },
      "id": "node/9740819145"
    },
    {
      "type": "Feature",
      "properties": {
        "@id": "node/9740819532",
        "amenity": "restaurant",
        "name": "Warung Srawung"
      },
      "geometry": {
        "type": "Point",
        "coordinates": [
          110.4519461,
          -7.7369452
        ]
      },
      "id": "node/9740819532"
    },
    {
      "type": "Feature",
      "properties": {
        "@id": "node/9740826618",
        "amenity": "restaurant",
        "name": "Mie Ayam Tiara 2"
      },
      "geometry": {
        "type": "Point",
        "coordinates": [
          110.445249,
          -7.7371526
        ]
      },
      "id": "node/9740826618"
    },
    {
      "type": "Feature",
      "properties": {
        "@id": "node/9743451374",
        "amenity": "restaurant",
        "name": "Ayam Geprek Bu Kris Bogem"
      },
      "geometry": {
        "type": "Point",
        "coordinates": [
          110.4860505,
          -7.7558935
        ]
      },
      "id": "node/9743451374"
    },
    {
      "type": "Feature",
      "properties": {
        "@id": "node/9743455927",
        "amenity": "restaurant",
        "name": "Bakmi Jawa Bu Kris Bogem"
      },
      "geometry": {
        "type": "Point",
        "coordinates": [
          110.485956,
          -7.7558856
        ]
      },
      "id": "node/9743455927"
    },
    {
      "type": "Feature",
      "properties": {
        "@id": "node/9748478550",
        "amenity": "restaurant",
        "name": "Warunk Spesial Pagi Sore"
      },
      "geometry": {
        "type": "Point",
        "coordinates": [
          110.4492145,
          -7.759268
        ]
      },
      "id": "node/9748478550"
    },
    {
      "type": "Feature",
      "properties": {
        "@id": "node/9748480801",
        "addr:street": "Jalan Seturan",
        "amenity": "restaurant",
        "branch": "Seturan;Cabang 1",
        "internet_access": "wlan",
        "internet_access:fee": "no",
        "internet_access:ssid": "Burjo Borneo",
        "name": "Burjo Borneo",
        "opening_hours": "24/7",
        "outdoor_seating": "yes",
        "toilets": "yes",
        "website": "https://burjoborneo.com"
      },
      "geometry": {
        "type": "Point",
        "coordinates": [
          110.4117738,
          -7.763493
        ]
      },
      "id": "node/9748480801"
    },
    {
      "type": "Feature",
      "properties": {
        "@id": "node/9748820160",
        "amenity": "restaurant",
        "name": "Mie Ayam Bakso"
      },
      "geometry": {
        "type": "Point",
        "coordinates": [
          110.4828419,
          -7.7902673
        ]
      },
      "id": "node/9748820160"
    },
    {
      "type": "Feature",
      "properties": {
        "@id": "node/9748828109",
        "amenity": "restaurant",
        "name": "Mie Ayam Wonogiri"
      },
      "geometry": {
        "type": "Point",
        "coordinates": [
          110.4823601,
          -7.7786337
        ]
      },
      "id": "node/9748828109"
    },
    {
      "type": "Feature",
      "properties": {
        "@id": "node/9748830453",
        "amenity": "restaurant",
        "name": "Yogya Chicken"
      },
      "geometry": {
        "type": "Point",
        "coordinates": [
          110.4828597,
          -7.7932553
        ]
      },
      "id": "node/9748830453"
    },
    {
      "type": "Feature",
      "properties": {
        "@id": "node/9748830454",
        "amenity": "restaurant",
        "name": "Warung PBS"
      },
      "geometry": {
        "type": "Point",
        "coordinates": [
          110.4845777,
          -7.7881533
        ]
      },
      "id": "node/9748830454"
    },
    {
      "type": "Feature",
      "properties": {
        "@id": "node/9748830539",
        "amenity": "restaurant",
        "name": "Sop Ayam"
      },
      "geometry": {
        "type": "Point",
        "coordinates": [
          110.4828499,
          -7.7927826
        ]
      },
      "id": "node/9748830539"
    },
    {
      "type": "Feature",
      "properties": {
        "@id": "node/9748832682",
        "amenity": "restaurant"
      },
      "geometry": {
        "type": "Point",
        "coordinates": [
          110.4829176,
          -7.7821434
        ]
      },
      "id": "node/9748832682"
    },
    {
      "type": "Feature",
      "properties": {
        "@id": "node/9748834883",
        "amenity": "restaurant",
        "name": "Rocket Chicken"
      },
      "geometry": {
        "type": "Point",
        "coordinates": [
          110.4828285,
          -7.7811447
        ]
      },
      "id": "node/9748834883"
    },
    {
      "type": "Feature",
      "properties": {
        "@id": "node/9748834957",
        "amenity": "restaurant",
        "name": "Angkringan Siji"
      },
      "geometry": {
        "type": "Point",
        "coordinates": [
          110.4848923,
          -7.7885333
        ]
      },
      "id": "node/9748834957"
    },
    {
      "type": "Feature",
      "properties": {
        "@id": "node/9748836173",
        "amenity": "restaurant",
        "name": "Burjo Gapuro"
      },
      "geometry": {
        "type": "Point",
        "coordinates": [
          110.4792335,
          -7.792398
        ]
      },
      "id": "node/9748836173"
    },
    {
      "type": "Feature",
      "properties": {
        "@id": "node/9748839229",
        "amenity": "restaurant"
      },
      "geometry": {
        "type": "Point",
        "coordinates": [
          110.4828681,
          -7.7894302
        ]
      },
      "id": "node/9748839229"
    },
    {
      "type": "Feature",
      "properties": {
        "@id": "node/9748840494",
        "amenity": "restaurant"
      },
      "geometry": {
        "type": "Point",
        "coordinates": [
          110.4827264,
          -7.7861868
        ]
      },
      "id": "node/9748840494"
    },
    {
      "type": "Feature",
      "properties": {
        "@id": "node/9748842259",
        "amenity": "restaurant",
        "internet_access": "wlan",
        "internet_access:fee": "no",
        "internet_access:ssid": "Kopi Talang Resto",
        "name": "Kopi Talang"
      },
      "geometry": {
        "type": "Point",
        "coordinates": [
          110.4879601,
          -7.7674461
        ]
      },
      "id": "node/9748842259"
    },
    {
      "type": "Feature",
      "properties": {
        "@id": "node/9748842923",
        "amenity": "restaurant",
        "name": "Lesehan Mantap Jiwa"
      },
      "geometry": {
        "type": "Point",
        "coordinates": [
          110.4824252,
          -7.7871897
        ]
      },
      "id": "node/9748842923"
    },
    {
      "type": "Feature",
      "properties": {
        "@id": "node/9748846841",
        "amenity": "restaurant",
        "name": "Resto Maduroso"
      },
      "geometry": {
        "type": "Point",
        "coordinates": [
          110.4825985,
          -7.7919264
        ]
      },
      "id": "node/9748846841"
    },
    {
      "type": "Feature",
      "properties": {
        "@id": "node/9748847219",
        "amenity": "restaurant",
        "name": "Mie Ayam Bakso Farhan 2"
      },
      "geometry": {
        "type": "Point",
        "coordinates": [
          110.4827666,
          -7.7860346
        ]
      },
      "id": "node/9748847219"
    },
    {
      "type": "Feature",
      "properties": {
        "@id": "node/9751812814",
        "amenity": "restaurant",
        "name": "Rocket Chicken"
      },
      "geometry": {
        "type": "Point",
        "coordinates": [
          110.555385,
          -7.9139297
        ]
      },
      "id": "node/9751812814"
    },
    {
      "type": "Feature",
      "properties": {
        "@id": "node/9751812815",
        "amenity": "restaurant",
        "name": "Warung Simbok"
      },
      "geometry": {
        "type": "Point",
        "coordinates": [
          110.56755,
          -7.9297951
        ]
      },
      "id": "node/9751812815"
    },
    {
      "type": "Feature",
      "properties": {
        "@id": "node/9751888093",
        "amenity": "restaurant",
        "name": "Griya Dhahar"
      },
      "geometry": {
        "type": "Point",
        "coordinates": [
          110.5421598,
          -7.8777311
        ]
      },
      "id": "node/9751888093"
    },
    {
      "type": "Feature",
      "properties": {
        "@id": "node/9751888095",
        "amenity": "restaurant",
        "name": "SalSari Resto & Cafe"
      },
      "geometry": {
        "type": "Point",
        "coordinates": [
          110.576351,
          -7.9391113
        ]
      },
      "id": "node/9751888095"
    },
    {
      "type": "Feature",
      "properties": {
        "@id": "node/9751892058",
        "amenity": "restaurant",
        "name": "Bale Ngaso"
      },
      "geometry": {
        "type": "Point",
        "coordinates": [
          110.4986609,
          -7.8560028
        ]
      },
      "id": "node/9751892058"
    },
    {
      "type": "Feature",
      "properties": {
        "@id": "node/9751892059",
        "amenity": "restaurant",
        "name": "Angkringan Pak Siwo"
      },
      "geometry": {
        "type": "Point",
        "coordinates": [
          110.508926,
          -7.8598273
        ]
      },
      "id": "node/9751892059"
    },
    {
      "type": "Feature",
      "properties": {
        "@id": "node/9751893609",
        "amenity": "restaurant"
      },
      "geometry": {
        "type": "Point",
        "coordinates": [
          110.5315882,
          -7.876001
        ]
      },
      "id": "node/9751893609"
    },
    {
      "type": "Feature",
      "properties": {
        "@id": "node/9751893610",
        "amenity": "restaurant",
        "name": "Bakso Mie Ayam Cak Irin"
      },
      "geometry": {
        "type": "Point",
        "coordinates": [
          110.5783551,
          -7.9418279
        ]
      },
      "id": "node/9751893610"
    },
    {
      "type": "Feature",
      "properties": {
        "@id": "node/9751900390",
        "amenity": "restaurant",
        "name": "Lesehan Twin Bridge"
      },
      "geometry": {
        "type": "Point",
        "coordinates": [
          110.4860725,
          -7.8384309
        ]
      },
      "id": "node/9751900390"
    },
    {
      "type": "Feature",
      "properties": {
        "@id": "node/9751904504",
        "amenity": "restaurant",
        "name": "Lesehan Dua Kembar"
      },
      "geometry": {
        "type": "Point",
        "coordinates": [
          110.6240579,
          -7.9854043
        ]
      },
      "id": "node/9751904504"
    },
    {
      "type": "Feature",
      "properties": {
        "@id": "node/9751905442",
        "amenity": "restaurant",
        "name": "Warung Makan"
      },
      "geometry": {
        "type": "Point",
        "coordinates": [
          110.5087312,
          -7.8596222
        ]
      },
      "id": "node/9751905442"
    },
    {
      "type": "Feature",
      "properties": {
        "@id": "node/9751905444",
        "amenity": "restaurant",
        "name": "Yu Djum Pusat"
      },
      "geometry": {
        "type": "Point",
        "coordinates": [
          110.5544219,
          -7.9104509
        ]
      },
      "id": "node/9751905444"
    },
    {
      "type": "Feature",
      "properties": {
        "@id": "node/9751905446",
        "amenity": "restaurant",
        "name": "Baskom"
      },
      "geometry": {
        "type": "Point",
        "coordinates": [
          110.5755819,
          -7.9390973
        ]
      },
      "id": "node/9751905446"
    },
    {
      "type": "Feature",
      "properties": {
        "@id": "node/9751906942",
        "amenity": "restaurant",
        "name": "Bakmi Jawa"
      },
      "geometry": {
        "type": "Point",
        "coordinates": [
          110.4854952,
          -7.8360015
        ]
      },
      "id": "node/9751906942"
    },
    {
      "type": "Feature",
      "properties": {
        "@id": "node/9751906944",
        "amenity": "restaurant",
        "name": "Sani Rasa"
      },
      "geometry": {
        "type": "Point",
        "coordinates": [
          110.5792689,
          -7.9429227
        ]
      },
      "id": "node/9751906944"
    },
    {
      "type": "Feature",
      "properties": {
        "@id": "node/9751910469",
        "amenity": "restaurant",
        "name": "Lesehan Dinda Dewi"
      },
      "geometry": {
        "type": "Point",
        "coordinates": [
          110.5329669,
          -7.8768215
        ]
      },
      "id": "node/9751910469"
    },
    {
      "type": "Feature",
      "properties": {
        "@id": "node/9751912840",
        "amenity": "restaurant",
        "name": "Sido Kumpul"
      },
      "geometry": {
        "type": "Point",
        "coordinates": [
          110.4811177,
          -7.8439756
        ]
      },
      "id": "node/9751912840"
    },
    {
      "type": "Feature",
      "properties": {
        "@id": "node/9751912841",
        "amenity": "restaurant",
        "name": "Rest Area Tombo Ngelih"
      },
      "geometry": {
        "type": "Point",
        "coordinates": [
          110.5036927,
          -7.8571211
        ]
      },
      "id": "node/9751912841"
    },
    {
      "type": "Feature",
      "properties": {
        "@id": "node/9751912844",
        "amenity": "restaurant",
        "name": "Griya Dahar Mbah Bagong"
      },
      "geometry": {
        "type": "Point",
        "coordinates": [
          110.6174184,
          -7.9818026
        ]
      },
      "id": "node/9751912844"
    },
    {
      "type": "Feature",
      "properties": {
        "@id": "node/9751913647",
        "amenity": "restaurant",
        "name": "Omah Tabon"
      },
      "geometry": {
        "type": "Point",
        "coordinates": [
          110.5385538,
          -7.8767899
        ]
      },
      "id": "node/9751913647"
    },
    {
      "type": "Feature",
      "properties": {
        "@id": "node/9751913653",
        "amenity": "restaurant",
        "name": "Sego Berkat"
      },
      "geometry": {
        "type": "Point",
        "coordinates": [
          110.6285829,
          -7.9875874
        ]
      },
      "id": "node/9751913653"
    },
    {
      "type": "Feature",
      "properties": {
        "@id": "node/9751914985",
        "amenity": "restaurant",
        "name": "Bakso Mie Ayam"
      },
      "geometry": {
        "type": "Point",
        "coordinates": [
          110.5114463,
          -7.8634258
        ]
      },
      "id": "node/9751914985"
    },
    {
      "type": "Feature",
      "properties": {
        "@id": "node/9751915128",
        "amenity": "restaurant",
        "name": "Bakso Mie Ayam"
      },
      "geometry": {
        "type": "Point",
        "coordinates": [
          110.4768632,
          -7.8363218
        ]
      },
      "id": "node/9751915128"
    },
    {
      "type": "Feature",
      "properties": {
        "@id": "node/9751919050",
        "amenity": "restaurant",
        "name": "Pawon Bogem"
      },
      "geometry": {
        "type": "Point",
        "coordinates": [
          110.4813258,
          -7.7547799
        ]
      },
      "id": "node/9751919050"
    },
    {
      "type": "Feature",
      "properties": {
        "@id": "node/9751919054",
        "amenity": "restaurant",
        "name": "Rm. Tuah Sayo"
      },
      "geometry": {
        "type": "Point",
        "coordinates": [
          110.6146206,
          -7.9795842
        ]
      },
      "id": "node/9751919054"
    },
    {
      "type": "Feature",
      "properties": {
        "@id": "node/9751920534",
        "amenity": "restaurant"
      },
      "geometry": {
        "type": "Point",
        "coordinates": [
          110.4852375,
          -7.8371961
        ]
      },
      "id": "node/9751920534"
    },
    {
      "type": "Feature",
      "properties": {
        "@id": "node/9751921069",
        "amenity": "restaurant",
        "name": "Bu Shinta"
      },
      "geometry": {
        "type": "Point",
        "coordinates": [
          110.5641041,
          -7.9264464
        ]
      },
      "id": "node/9751921069"
    },
    {
      "type": "Feature",
      "properties": {
        "@id": "node/9751922160",
        "amenity": "restaurant",
        "name": "Warung 7engger"
      },
      "geometry": {
        "type": "Point",
        "coordinates": [
          110.480247,
          -7.8451341
        ]
      },
      "id": "node/9751922160"
    },
    {
      "type": "Feature",
      "properties": {
        "@id": "node/9751922162",
        "amenity": "restaurant",
        "name": "Rocket Chicken"
      },
      "geometry": {
        "type": "Point",
        "coordinates": [
          110.6533722,
          -7.9986072
        ]
      },
      "id": "node/9751922162"
    },
    {
      "type": "Feature",
      "properties": {
        "@id": "node/9751922163",
        "amenity": "restaurant",
        "name": "Rumah Makan Berlian"
      },
      "geometry": {
        "type": "Point",
        "coordinates": [
          110.7084039,
          -7.9998052
        ]
      },
      "id": "node/9751922163"
    },
    {
      "type": "Feature",
      "properties": {
        "@id": "node/9751923159",
        "amenity": "restaurant",
        "name": "Layana Culinary & Spice"
      },
      "geometry": {
        "type": "Point",
        "coordinates": [
          110.480974,
          -7.8376378
        ]
      },
      "id": "node/9751923159"
    },
    {
      "type": "Feature",
      "properties": {
        "@id": "node/9751923160",
        "amenity": "restaurant",
        "name": "Ayam Geprek Sa'i"
      },
      "geometry": {
        "type": "Point",
        "coordinates": [
          110.6064831,
          -7.9717501
        ]
      },
      "id": "node/9751923160"
    },
    {
      "type": "Feature",
      "properties": {
        "@id": "node/9751924128",
        "amenity": "restaurant",
        "name": "Bakso Lek No"
      },
      "geometry": {
        "type": "Point",
        "coordinates": [
          110.5194335,
          -7.869284
        ]
      },
      "id": "node/9751924128"
    },
    {
      "type": "Feature",
      "properties": {
        "@id": "node/9751925216",
        "amenity": "restaurant",
        "name": "Soto Mbah Prapto"
      },
      "geometry": {
        "type": "Point",
        "coordinates": [
          110.5278202,
          -7.8733199
        ]
      },
      "id": "node/9751925216"
    },
    {
      "type": "Feature",
      "properties": {
        "@id": "node/9751925442",
        "amenity": "restaurant",
        "name": "Warung Makan Mie Ayam Goreng"
      },
      "geometry": {
        "type": "Point",
        "coordinates": [
          110.5174509,
          -7.867455
        ]
      },
      "id": "node/9751925442"
    },
    {
      "type": "Feature",
      "properties": {
        "@id": "node/9751925443",
        "amenity": "restaurant",
        "name": "Warung Pecel Lele Mbak Novi"
      },
      "geometry": {
        "type": "Point",
        "coordinates": [
          110.5265009,
          -7.872596
        ]
      },
      "id": "node/9751925443"
    },
    {
      "type": "Feature",
      "properties": {
        "@id": "node/9751928748",
        "amenity": "restaurant",
        "name": "Lek Dar"
      },
      "geometry": {
        "type": "Point",
        "coordinates": [
          110.5669784,
          -7.9286441
        ]
      },
      "id": "node/9751928748"
    },
    {
      "type": "Feature",
      "properties": {
        "@id": "node/9751928886",
        "amenity": "restaurant",
        "name": "Warung Makan Penyetan"
      },
      "geometry": {
        "type": "Point",
        "coordinates": [
          110.523462,
          -7.8706616
        ]
      },
      "id": "node/9751928886"
    },
    {
      "type": "Feature",
      "properties": {
        "@id": "node/9751929145",
        "amenity": "restaurant",
        "name": "Pawon Alas"
      },
      "geometry": {
        "type": "Point",
        "coordinates": [
          110.5473697,
          -7.8927561
        ]
      },
      "id": "node/9751929145"
    },
    {
      "type": "Feature",
      "properties": {
        "@id": "node/9751934017",
        "amenity": "restaurant",
        "name": "Warung Makan Trimo Mie Ayam Bakso"
      },
      "geometry": {
        "type": "Point",
        "coordinates": [
          110.5457239,
          -7.8881845
        ]
      },
      "id": "node/9751934017"
    },
    {
      "type": "Feature",
      "properties": {
        "@id": "node/9763739114",
        "amenity": "restaurant",
        "name": "Tali Roso"
      },
      "geometry": {
        "type": "Point",
        "coordinates": [
          110.376335,
          -7.7383698
        ]
      },
      "id": "node/9763739114"
    },
    {
      "type": "Feature",
      "properties": {
        "@id": "node/9764193573",
        "amenity": "restaurant",
        "name": "Sate Kambing Pratama"
      },
      "geometry": {
        "type": "Point",
        "coordinates": [
          110.4381679,
          -7.7359536
        ]
      },
      "id": "node/9764193573"
    },
    {
      "type": "Feature",
      "properties": {
        "@id": "node/9769653616",
        "amenity": "restaurant",
        "name": "Angkringan Soka"
      },
      "geometry": {
        "type": "Point",
        "coordinates": [
          110.4441933,
          -7.7532737
        ]
      },
      "id": "node/9769653616"
    },
    {
      "type": "Feature",
      "properties": {
        "@id": "node/9769655865",
        "amenity": "restaurant",
        "name": "Ayam Geprek"
      },
      "geometry": {
        "type": "Point",
        "coordinates": [
          110.4446899,
          -7.7533
        ]
      },
      "id": "node/9769655865"
    },
    {
      "type": "Feature",
      "properties": {
        "@id": "node/9769686823",
        "amenity": "restaurant",
        "name": "Angkringan Kandang"
      },
      "geometry": {
        "type": "Point",
        "coordinates": [
          110.4443913,
          -7.7532889
        ]
      },
      "id": "node/9769686823"
    },
    {
      "type": "Feature",
      "properties": {
        "@id": "node/9769689788",
        "amenity": "restaurant",
        "name": "Nasi Goreng La Vida"
      },
      "geometry": {
        "type": "Point",
        "coordinates": [
          110.4445204,
          -7.7532717
        ]
      },
      "id": "node/9769689788"
    },
    {
      "type": "Feature",
      "properties": {
        "@id": "node/9778676476",
        "amenity": "restaurant",
        "name": "Bakso Dolo"
      },
      "geometry": {
        "type": "Point",
        "coordinates": [
          110.4364806,
          -7.7353767
        ]
      },
      "id": "node/9778676476"
    },
    {
      "type": "Feature",
      "properties": {
        "@id": "node/9778676477",
        "amenity": "restaurant",
        "name": "Pesona Pingka"
      },
      "geometry": {
        "type": "Point",
        "coordinates": [
          110.4149684,
          -7.7355843
        ]
      },
      "id": "node/9778676477"
    },
    {
      "type": "Feature",
      "properties": {
        "@id": "node/9778690111",
        "amenity": "restaurant",
        "name": "Warung Angkringan Mbah Kakung"
      },
      "geometry": {
        "type": "Point",
        "coordinates": [
          110.4299902,
          -7.7343818
        ]
      },
      "id": "node/9778690111"
    },
    {
      "type": "Feature",
      "properties": {
        "@id": "node/9778832542",
        "amenity": "restaurant",
        "name": "Angkringan Mbak Ayu"
      },
      "geometry": {
        "type": "Point",
        "coordinates": [
          110.4615157,
          -7.7427417
        ]
      },
      "id": "node/9778832542"
    },
    {
      "type": "Feature",
      "properties": {
        "@id": "node/9778837428",
        "amenity": "restaurant",
        "name": "Griya Dhahar & Catering Sumilir"
      },
      "geometry": {
        "type": "Point",
        "coordinates": [
          110.4317425,
          -7.7348322
        ]
      },
      "id": "node/9778837428"
    },
    {
      "type": "Feature",
      "properties": {
        "@id": "node/9778837633",
        "amenity": "restaurant"
      },
      "geometry": {
        "type": "Point",
        "coordinates": [
          110.4101666,
          -7.7366389
        ]
      },
      "id": "node/9778837633"
    },
    {
      "type": "Feature",
      "properties": {
        "@id": "node/9778838161",
        "amenity": "restaurant",
        "name": "Bakso & Mie Ayam Wonogiri"
      },
      "geometry": {
        "type": "Point",
        "coordinates": [
          110.4179125,
          -7.7362449
        ]
      },
      "id": "node/9778838161"
    },
    {
      "type": "Feature",
      "properties": {
        "@id": "node/9778838162",
        "amenity": "restaurant",
        "name": "Pemadam Kelaparan"
      },
      "geometry": {
        "type": "Point",
        "coordinates": [
          110.4140698,
          -7.7368408
        ]
      },
      "id": "node/9778838162"
    },
    {
      "type": "Feature",
      "properties": {
        "@id": "node/9778843288",
        "amenity": "restaurant",
        "name": "Angkringan Mayor"
      },
      "geometry": {
        "type": "Point",
        "coordinates": [
          110.460858,
          -7.7414338
        ]
      },
      "id": "node/9778843288"
    },
    {
      "type": "Feature",
      "properties": {
        "@id": "node/9778843289",
        "amenity": "restaurant",
        "name": "Bakmi Jawa Wijaya"
      },
      "geometry": {
        "type": "Point",
        "coordinates": [
          110.4206033,
          -7.7367076
        ]
      },
      "id": "node/9778843289"
    },
    {
      "type": "Feature",
      "properties": {
        "@id": "node/9778847402",
        "amenity": "restaurant",
        "name": "Asoka Coffee"
      },
      "geometry": {
        "type": "Point",
        "coordinates": [
          110.4011046,
          -7.739557
        ]
      },
      "id": "node/9778847402"
    },
    {
      "type": "Feature",
      "properties": {
        "@id": "node/9778852358",
        "amenity": "restaurant"
      },
      "geometry": {
        "type": "Point",
        "coordinates": [
          110.4067169,
          -7.7452641
        ]
      },
      "id": "node/9778852358"
    },
    {
      "type": "Feature",
      "properties": {
        "@id": "node/9778854723",
        "amenity": "restaurant",
        "name": "Rocket Chicken"
      },
      "geometry": {
        "type": "Point",
        "coordinates": [
          110.4425143,
          -7.7525904
        ]
      },
      "id": "node/9778854723"
    },
    {
      "type": "Feature",
      "properties": {
        "@id": "node/9780909028",
        "amenity": "restaurant",
        "name": "Wingking Cafe"
      },
      "geometry": {
        "type": "Point",
        "coordinates": [
          110.4635153,
          -7.7868911
        ]
      },
      "id": "node/9780909028"
    },
    {
      "type": "Feature",
      "properties": {
        "@id": "node/9780963291",
        "amenity": "restaurant",
        "name": "Rumah Makan Milik Kita"
      },
      "geometry": {
        "type": "Point",
        "coordinates": [
          110.4124084,
          -7.7587167
        ]
      },
      "id": "node/9780963291"
    },
    {
      "type": "Feature",
      "properties": {
        "@id": "node/9780979415",
        "amenity": "restaurant",
        "name": "Soto Surabaya Pak Di'to"
      },
      "geometry": {
        "type": "Point",
        "coordinates": [
          110.4089122,
          -7.7578434
        ]
      },
      "id": "node/9780979415"
    },
    {
      "type": "Feature",
      "properties": {
        "@id": "node/9784485587",
        "amenity": "restaurant",
        "name": "Pitoeng Resto"
      },
      "geometry": {
        "type": "Point",
        "coordinates": [
          110.4320712,
          -7.7405728
        ]
      },
      "id": "node/9784485587"
    },
    {
      "type": "Feature",
      "properties": {
        "@id": "node/9784600988",
        "amenity": "restaurant",
        "name": "Choky Spaghetti"
      },
      "geometry": {
        "type": "Point",
        "coordinates": [
          110.4339712,
          -7.745141
        ]
      },
      "id": "node/9784600988"
    },
    {
      "type": "Feature",
      "properties": {
        "@id": "node/9784603885",
        "amenity": "restaurant",
        "name": "Sate Tegal Pak Dhe"
      },
      "geometry": {
        "type": "Point",
        "coordinates": [
          110.4342407,
          -7.7489538
        ]
      },
      "id": "node/9784603885"
    },
    {
      "type": "Feature",
      "properties": {
        "@id": "node/9784609257",
        "amenity": "restaurant",
        "name": "Penyetan Mas Kobis"
      },
      "geometry": {
        "type": "Point",
        "coordinates": [
          110.432489,
          -7.7452092
        ]
      },
      "id": "node/9784609257"
    },
    {
      "type": "Feature",
      "properties": {
        "@id": "node/9794522911",
        "amenity": "restaurant",
        "name": "Bakso Iga & Mie Ayam Kadisoka"
      },
      "geometry": {
        "type": "Point",
        "coordinates": [
          110.4435547,
          -7.7530185
        ]
      },
      "id": "node/9794522911"
    },
    {
      "type": "Feature",
      "properties": {
        "@id": "node/9794620286",
        "amenity": "restaurant",
        "name": "Bakmi Jawa Bulog Restu Ibu"
      },
      "geometry": {
        "type": "Point",
        "coordinates": [
          110.4504579,
          -7.7809526
        ]
      },
      "id": "node/9794620286"
    },
    {
      "type": "Feature",
      "properties": {
        "@id": "node/9794758690",
        "amenity": "restaurant",
        "cuisine": "indonesian",
        "name": "Warung Mie Ayam Soto Bu Pon",
        "opening_hours": "Mo-Su 09:00-20:00"
      },
      "geometry": {
        "type": "Point",
        "coordinates": [
          110.4846781,
          -7.7515265
        ]
      },
      "id": "node/9794758690"
    },
    {
      "type": "Feature",
      "properties": {
        "@id": "node/9794759471",
        "amenity": "restaurant",
        "cuisine": "indonesian",
        "name": "Sego Wader",
        "opening_hours": "Mo-Su 09:00-21:00"
      },
      "geometry": {
        "type": "Point",
        "coordinates": [
          110.4847106,
          -7.7515275
        ]
      },
      "id": "node/9794759471"
    },
    {
      "type": "Feature",
      "properties": {
        "@id": "node/9794774253",
        "amenity": "restaurant",
        "name": "Soto Kadipiro III Kalasan"
      },
      "geometry": {
        "type": "Point",
        "coordinates": [
          110.4621304,
          -7.7755684
        ]
      },
      "id": "node/9794774253"
    },
    {
      "type": "Feature",
      "properties": {
        "@id": "node/9794777925",
        "amenity": "restaurant",
        "name": "Sate Kambing Ngebruk"
      },
      "geometry": {
        "type": "Point",
        "coordinates": [
          110.4579019,
          -7.7779067
        ]
      },
      "id": "node/9794777925"
    },
    {
      "type": "Feature",
      "properties": {
        "@id": "node/9794778114",
        "amenity": "restaurant",
        "cuisine": "steak",
        "name": "Stiku",
        "opening_hours": "Mo-Su 09:00-20:00"
      },
      "geometry": {
        "type": "Point",
        "coordinates": [
          110.4846493,
          -7.751526
        ]
      },
      "id": "node/9794778114"
    },
    {
      "type": "Feature",
      "properties": {
        "@id": "node/9794808369",
        "amenity": "restaurant",
        "contact:facebook": "https://www.facebook.com/KedaiTehKalasanJogja",
        "contact:instagram": "kedaitehkalasan",
        "cuisine": "international;indonesian;javanese",
        "description": "Tea house, cafe & resto",
        "highchair": "no",
        "internet_access": "wlan",
        "internet_access:fee": "no",
        "internet_access:ssid": "Kedai",
        "kids_area": "yes",
        "name": "Kedai Teh Kalasan",
        "opening_hours": "Mo, We-Su 07:00-20:00",
        "outdoor_seating": "yes",
        "reservation": "yes",
        "smoking": "yes",
        "takeaway": "yes",
        "toilets": "yes",
        "toilets:access": "yes",
        "toilets:wheelchair": "limited",
        "wheelchair": "limited"
      },
      "geometry": {
        "type": "Point",
        "coordinates": [
          110.478476,
          -7.7370645
        ]
      },
      "id": "node/9794808369"
    },
    {
      "type": "Feature",
      "properties": {
        "@id": "node/9794813914",
        "amenity": "restaurant",
        "changing_table": "no",
        "contact:email": "gamestory.yk@gmail.com",
        "contact:tiktok": "https://tiktok.com/@gamestory.yk",
        "contact:website": "https://linktr.ee/gamestory.yk",
        "contact:whatsapp": "+62 812-1575-4427",
        "cuisine": "international",
        "description": "Kafe permainan papan semi-outdoor pertama di Yogyakarta.",
        "highchair": "no",
        "internet_access": "wlan",
        "internet_access:fee": "no",
        "internet_access:ssid": "Gamestory Cafe",
        "kids_area": "yes",
        "kids_area:fee": "yes",
        "name": "Gamestory",
        "opening_hours": "Mo-Su 07:00-19:00",
        "operator": "gamestory.yk@gmail.com",
        "outdoor_seating": "yes",
        "reservation": "yes",
        "smoking": "outside",
        "toilets": "yes",
        "toilets:access": "yes",
        "toilets:wheelchair": "limited",
        "wheelchair": "limited"
      },
      "geometry": {
        "type": "Point",
        "coordinates": [
          110.4776819,
          -7.7371064
        ]
      },
      "id": "node/9794813914"
    },
    {
      "type": "Feature",
      "properties": {
        "@id": "node/9796369377",
        "amenity": "restaurant"
      },
      "geometry": {
        "type": "Point",
        "coordinates": [
          110.4668347,
          -7.7718006
        ]
      },
      "id": "node/9796369377"
    },
    {
      "type": "Feature",
      "properties": {
        "@id": "node/9800621229",
        "amenity": "restaurant",
        "cuisine": "asian",
        "name": "Warung Soto Cerak Ati"
      },
      "geometry": {
        "type": "Point",
        "coordinates": [
          110.3189145,
          -7.8173668
        ]
      },
      "id": "node/9800621229"
    },
    {
      "type": "Feature",
      "properties": {
        "@id": "node/9807852194",
        "amenity": "restaurant",
        "name": "Bakso Restu"
      },
      "geometry": {
        "type": "Point",
        "coordinates": [
          110.4370197,
          -7.7527299
        ]
      },
      "id": "node/9807852194"
    },
    {
      "type": "Feature",
      "properties": {
        "@id": "node/9807902658",
        "amenity": "restaurant",
        "name": "Rumah Makan Rata-Rata"
      },
      "geometry": {
        "type": "Point",
        "coordinates": [
          110.4320319,
          -7.7630486
        ]
      },
      "id": "node/9807902658"
    },
    {
      "type": "Feature",
      "properties": {
        "@id": "node/9807910028",
        "amenity": "restaurant",
        "name": "Heum"
      },
      "geometry": {
        "type": "Point",
        "coordinates": [
          110.4068903,
          -7.7603964
        ]
      },
      "id": "node/9807910028"
    },
    {
      "type": "Feature",
      "properties": {
        "@id": "node/9811758903",
        "amenity": "restaurant",
        "name": "Grafika"
      },
      "geometry": {
        "type": "Point",
        "coordinates": [
          110.4778945,
          -7.760737
        ]
      },
      "id": "node/9811758903"
    },
    {
      "type": "Feature",
      "properties": {
        "@id": "node/9811778378",
        "amenity": "restaurant",
        "name": "Soto Ayam Pak Min Klaten"
      },
      "geometry": {
        "type": "Point",
        "coordinates": [
          110.4208191,
          -7.8206634
        ]
      },
      "id": "node/9811778378"
    },
    {
      "type": "Feature",
      "properties": {
        "@id": "node/9811782172",
        "amenity": "restaurant",
        "name": "Podjok Kopi Kalitirto"
      },
      "geometry": {
        "type": "Point",
        "coordinates": [
          110.4554917,
          -7.7791014
        ]
      },
      "id": "node/9811782172"
    },
    {
      "type": "Feature",
      "properties": {
        "@id": "node/9811810354",
        "amenity": "restaurant",
        "name": "Ngangkruk Sop Daging"
      },
      "geometry": {
        "type": "Point",
        "coordinates": [
          110.4614151,
          -7.775892
        ]
      },
      "id": "node/9811810354"
    },
    {
      "type": "Feature",
      "properties": {
        "@id": "node/9811814583",
        "amenity": "restaurant",
        "name": "Mie Ayam Bakso Soto Campur Raden Kang"
      },
      "geometry": {
        "type": "Point",
        "coordinates": [
          110.4733234,
          -7.7652355
        ]
      },
      "id": "node/9811814583"
    },
    {
      "type": "Feature",
      "properties": {
        "@id": "node/9811815021",
        "amenity": "restaurant",
        "name": "Siomay Kang Wahyu"
      },
      "geometry": {
        "type": "Point",
        "coordinates": [
          110.4781999,
          -7.7598164
        ]
      },
      "id": "node/9811815021"
    },
    {
      "type": "Feature",
      "properties": {
        "@id": "node/9811815022",
        "amenity": "restaurant",
        "name": "Kopi & Resto Rindu Alam Bambu"
      },
      "geometry": {
        "type": "Point",
        "coordinates": [
          110.4760287,
          -7.7626013
        ]
      },
      "id": "node/9811815022"
    },
    {
      "type": "Feature",
      "properties": {
        "@id": "node/9811825264",
        "amenity": "restaurant",
        "name": "Bakso Gajah Mungkur"
      },
      "geometry": {
        "type": "Point",
        "coordinates": [
          110.4254869,
          -7.8230117
        ]
      },
      "id": "node/9811825264"
    },
    {
      "type": "Feature",
      "properties": {
        "@id": "node/9811833480",
        "amenity": "restaurant",
        "name": "Sate Kambing Mudo"
      },
      "geometry": {
        "type": "Point",
        "coordinates": [
          110.4277367,
          -7.8237345
        ]
      },
      "id": "node/9811833480"
    },
    {
      "type": "Feature",
      "properties": {
        "@id": "node/9811835171",
        "amenity": "restaurant",
        "name": "Ikan Bakar Sumilir"
      },
      "geometry": {
        "type": "Point",
        "coordinates": [
          110.4435657,
          -7.807886
        ]
      },
      "id": "node/9811835171"
    },
    {
      "type": "Feature",
      "properties": {
        "@id": "node/9811836029",
        "amenity": "restaurant",
        "name": "Ayam Goreng Bu Ranti"
      },
      "geometry": {
        "type": "Point",
        "coordinates": [
          110.4255801,
          -7.8231413
        ]
      },
      "id": "node/9811836029"
    },
    {
      "type": "Feature",
      "properties": {
        "@id": "node/9811837487",
        "amenity": "restaurant",
        "name": "Sate Kambing Muda Restu Ibu"
      },
      "geometry": {
        "type": "Point",
        "coordinates": [
          110.4460195,
          -7.7920977
        ]
      },
      "id": "node/9811837487"
    },
    {
      "type": "Feature",
      "properties": {
        "@id": "node/9811837488",
        "amenity": "restaurant",
        "name": "BeNaDa"
      },
      "geometry": {
        "type": "Point",
        "coordinates": [
          110.4426633,
          -7.8163902
        ]
      },
      "id": "node/9811837488"
    },
    {
      "type": "Feature",
      "properties": {
        "@id": "node/9811840484",
        "amenity": "restaurant",
        "name": "Joglo Khasanah"
      },
      "geometry": {
        "type": "Point",
        "coordinates": [
          110.4190276,
          -7.8197843
        ]
      },
      "id": "node/9811840484"
    },
    {
      "type": "Feature",
      "properties": {
        "@id": "node/9811843463",
        "amenity": "restaurant",
        "name": "Bakso Urat Sapi Ambarrukmo"
      },
      "geometry": {
        "type": "Point",
        "coordinates": [
          110.4443249,
          -7.8047481
        ]
      },
      "id": "node/9811843463"
    },
    {
      "type": "Feature",
      "properties": {
        "@id": "node/9811849021",
        "amenity": "restaurant",
        "name": "Chicken Crush"
      },
      "geometry": {
        "type": "Point",
        "coordinates": [
          110.3355382,
          -7.8760519
        ]
      },
      "id": "node/9811849021"
    },
    {
      "type": "Feature",
      "properties": {
        "@id": "node/9811850750",
        "amenity": "restaurant",
        "name": "Warung Mie Ayam & Bakso Pak Paijo"
      },
      "geometry": {
        "type": "Point",
        "coordinates": [
          110.4155094,
          -7.8200111
        ]
      },
      "id": "node/9811850750"
    },
    {
      "type": "Feature",
      "properties": {
        "@id": "node/9811851213",
        "amenity": "restaurant",
        "name": "Sate Kambing Pak Gandung"
      },
      "geometry": {
        "type": "Point",
        "coordinates": [
          110.4133173,
          -7.8275903
        ]
      },
      "id": "node/9811851213"
    },
    {
      "type": "Feature",
      "properties": {
        "@id": "node/9811858602",
        "amenity": "restaurant",
        "name": "Soto Pagi Palibapang",
        "opening_hours": "Mo-Su 06:00-09:00"
      },
      "geometry": {
        "type": "Point",
        "coordinates": [
          110.3207094,
          -7.9054148
        ]
      },
      "id": "node/9811858602"
    },
    {
      "type": "Feature",
      "properties": {
        "@id": "node/9811868477",
        "amenity": "restaurant",
        "name": "Rumah Makan Padang Murah"
      },
      "geometry": {
        "type": "Point",
        "coordinates": [
          110.3426746,
          -7.8512518
        ]
      },
      "id": "node/9811868477"
    },
    {
      "type": "Feature",
      "properties": {
        "@id": "node/9811868478",
        "amenity": "restaurant",
        "name": "Soto Daging Sapi Pak Man"
      },
      "geometry": {
        "type": "Point",
        "coordinates": [
          110.3384774,
          -7.8669325
        ]
      },
      "id": "node/9811868478"
    },
    {
      "type": "Feature",
      "properties": {
        "@id": "node/9811870015",
        "addr:district": "Yogyakarta",
        "addr:housename": "Waroeng Steak & shake",
        "addr:neighbourhood": "simpang dongkelan",
        "addr:street": "Jalan Bantul",
        "addr:subdistrict": "Bantul",
        "amenity": "restaurant",
        "cuisine": "steak_house;fine_dining;grill",
        "diet:halal": "yes",
        "diet:healthy": "yes",
        "diet:meat": "yes",
        "diet:raw": "yes",
        "name": "Waroeng Steak & Shake",
        "opening_hours": "Mo-Su 10:00-22:00",
        "phone": "+6289738623628328",
        "website": "https:/steakandshake"
      },
      "geometry": {
        "type": "Point",
        "coordinates": [
          110.3542059,
          -7.8283086
        ]
      },
      "id": "node/9811870015"
    },
    {
      "type": "Feature",
      "properties": {
        "@id": "node/9811875148",
        "amenity": "restaurant",
        "name": "Gudeg Bu Tiwik"
      },
      "geometry": {
        "type": "Point",
        "coordinates": [
          110.3878483,
          -7.8341372
        ]
      },
      "id": "node/9811875148"
    },
    {
      "type": "Feature",
      "properties": {
        "@id": "node/9819931070",
        "amenity": "restaurant"
      },
      "geometry": {
        "type": "Point",
        "coordinates": [
          110.4447592,
          -7.7825694
        ]
      },
      "id": "node/9819931070"
    },
    {
      "type": "Feature",
      "properties": {
        "@id": "node/9824838280",
        "amenity": "restaurant",
        "name": "Warung Nisza"
      },
      "geometry": {
        "type": "Point",
        "coordinates": [
          110.4804833,
          -7.755767
        ]
      },
      "id": "node/9824838280"
    },
    {
      "type": "Feature",
      "properties": {
        "@id": "node/9832326646",
        "amenity": "restaurant",
        "changing_table": "no",
        "contact:instagram": "selawasewedangan",
        "cuisine": "indonesian",
        "internet_access": "wlan",
        "internet_access:fee": "no",
        "name": "Selawase Resto & Wedangan",
        "opening_hours": "Mo, We-Su 10:00-23:00",
        "phone": "+62 812-2277-7788",
        "toilets": "yes",
        "toilets:access": "customers",
        "toilets:wheelchair": "limited",
        "wheelchair": "limited"
      },
      "geometry": {
        "type": "Point",
        "coordinates": [
          110.3628181,
          -7.7880633
        ]
      },
      "id": "node/9832326646"
    },
    {
      "type": "Feature",
      "properties": {
        "@id": "node/9832343685",
        "amenity": "restaurant",
        "name": "Sate Kambing Muda Bogem"
      },
      "geometry": {
        "type": "Point",
        "coordinates": [
          110.4818088,
          -7.757079
        ]
      },
      "id": "node/9832343685"
    },
    {
      "type": "Feature",
      "properties": {
        "@id": "node/9833787710",
        "amenity": "restaurant",
        "name": "Bakmi Kadin 2"
      },
      "geometry": {
        "type": "Point",
        "coordinates": [
          110.3727784,
          -7.8025
        ]
      },
      "id": "node/9833787710"
    },
    {
      "type": "Feature",
      "properties": {
        "@id": "node/9835685416",
        "amenity": "restaurant"
      },
      "geometry": {
        "type": "Point",
        "coordinates": [
          110.5061443,
          -7.7823155
        ]
      },
      "id": "node/9835685416"
    },
    {
      "type": "Feature",
      "properties": {
        "@id": "node/9841497486",
        "amenity": "restaurant",
        "cuisine": "indonesian",
        "image": "https://www.affandi.org/wp-content/gallery/g_cafe_loteng/cafe-loteng-1.jpg",
        "name": "Cafe Loteng",
        "name:id": "Kafe Loteng",
        "opening_hours": "Mo-Su 09:00-16:00",
        "outdoor_seating": "yes",
        "payment:cash": "yes",
        "phone": "+62 882-3226-7949",
        "website": "https://www.affandi.org/visit/cafe-loteng"
      },
      "geometry": {
        "type": "Point",
        "coordinates": [
          110.3964904,
          -7.7829404
        ]
      },
      "id": "node/9841497486"
    },
    {
      "type": "Feature",
      "properties": {
        "@id": "node/9843829171",
        "addr:street": "Jl. Cangkringan - Tulung, Tamanmartani, Kalasan",
        "amenity": "restaurant",
        "description": "Masakan padang",
        "name": "Salero Roso",
        "takeaway": "yes",
        "toilets": "yes"
      },
      "geometry": {
        "type": "Point",
        "coordinates": [
          110.4816906,
          -7.7361767
        ]
      },
      "id": "node/9843829171"
    },
    {
      "type": "Feature",
      "properties": {
        "@id": "node/9850098571",
        "amenity": "restaurant",
        "changing_table": "no",
        "cuisine": "indonesian",
        "internet_access": "no",
        "name": "Angkringan",
        "opening_hours": "09:00-24:00",
        "outdoor_seating": "yes",
        "smoking": "yes",
        "takeaway": "yes",
        "toilets:access": "customers",
        "toilets:wheelchair": "no",
        "wheelchair": "no"
      },
      "geometry": {
        "type": "Point",
        "coordinates": [
          110.3742931,
          -7.7889396
        ]
      },
      "id": "node/9850098571"
    },
    {
      "type": "Feature",
      "properties": {
        "@id": "node/9850098572",
        "amenity": "restaurant",
        "changing_table": "no",
        "cuisine": "indonesian",
        "internet_access": "no",
        "name": "Pecel Lele Mbak Nanda",
        "opening_hours": "Mo-Su 09:00-18:00; PH closed",
        "outdoor_seating": "yes",
        "smoking": "yes",
        "takeaway": "yes",
        "toilets": "yes",
        "toilets:access": "customers",
        "toilets:wheelchair": "no",
        "wheelchair": "no"
      },
      "geometry": {
        "type": "Point",
        "coordinates": [
          110.3742564,
          -7.7889422
        ]
      },
      "id": "node/9850098572"
    },
    {
      "type": "Feature",
      "properties": {
        "@id": "node/9854594672",
        "addr:housenumber": "33",
        "addr:street": "Jalan Wates",
        "amenity": "restaurant",
        "cuisine": "indonesian",
        "name": "Warung Soto Kadipiro"
      },
      "geometry": {
        "type": "Point",
        "coordinates": [
          110.3462144,
          -7.8006662
        ]
      },
      "id": "node/9854594672"
    },
    {
      "type": "Feature",
      "properties": {
        "@id": "node/9854648117",
        "addr:housenumber": "93",
        "addr:street": "Jalan Monjali",
        "amenity": "restaurant",
        "cuisine": "indonesian",
        "name": "Gudeg Yu Djum",
        "opening_hours": "Mo-Su 06:00-20:00",
        "phone": "+62 274 587748;+62 822-2674-1448"
      },
      "geometry": {
        "type": "Point",
        "coordinates": [
          110.3682465,
          -7.7708988
        ]
      },
      "id": "node/9854648117"
    },
    {
      "type": "Feature",
      "properties": {
        "@id": "node/9855208895",
        "amenity": "restaurant",
        "name": "Warmindo Gejoss 99"
      },
      "geometry": {
        "type": "Point",
        "coordinates": [
          110.4060165,
          -7.7797234
        ]
      },
      "id": "node/9855208895"
    },
    {
      "type": "Feature",
      "properties": {
        "@id": "node/9857829937",
        "addr:street": "Jl. Kesehatan, RT 02, RW 17, Kaliurang Barat",
        "amenity": "restaurant",
        "contact:instagram": "lavanajogja",
        "cuisine": "international",
        "diet:halal": "yes",
        "internet_access": "wlan",
        "internet_access:fee": "no",
        "internet_access:ssid": "LVKaliurang",
        "name": "Lavana",
        "opening_hours": "Mo-Th 09:00-22:00; Fr-Su 07:00-24:00",
        "payment:cash": "yes",
        "payment:contactless": "yes",
        "payment:credit_cards": "yes",
        "payment:gpn_debit": "yes",
        "phone": "+62 877-2444-28492",
        "smoking": "no",
        "takeaway": "yes",
        "toilets": "yes",
        "toilets:access": "yes",
        "toilets:wheelchair": "limited",
        "wheelchair": "limited"
      },
      "geometry": {
        "type": "Point",
        "coordinates": [
          110.4267906,
          -7.6006615
        ]
      },
      "id": "node/9857829937"
    },
    {
      "type": "Feature",
      "properties": {
        "@id": "node/9857832432",
        "amenity": "restaurant",
        "changing_table": "no",
        "cuisine": "indonesian",
        "highchair": "no",
        "kids_area": "no",
        "name": "Warung Rendang Nusantara",
        "opening_hours": "Mo-Su 10:00-20:00",
        "outdoor_seating": "yes",
        "phone": "+62 821-1295-1216",
        "smoking": "no",
        "toilets": "yes",
        "toilets:access": "customers",
        "toilets:wheelchair": "limited",
        "wheelchair": "limited"
      },
      "geometry": {
        "type": "Point",
        "coordinates": [
          110.4688912,
          -7.7097311
        ]
      },
      "id": "node/9857832432"
    },
    {
      "type": "Feature",
      "properties": {
        "@id": "node/9858467812",
        "addr:housenumber": "Blok P 13",
        "addr:street": "Perum Polda, Purwomartani Baru, Kalasan, Sleman",
        "amenity": "restaurant",
        "delivery": "yes",
        "name": "Bakmi Jowo Mbah Blangkon",
        "opening_hours": "Mo-Su 16:00-23:00",
        "phone": "+6281225756085"
      },
      "geometry": {
        "type": "Point",
        "coordinates": [
          110.4483294,
          -7.7527311
        ]
      },
      "id": "node/9858467812"
    },
    {
      "type": "Feature",
      "properties": {
        "@id": "node/9859588066",
        "amenity": "restaurant",
        "name": "Sate Klathak & Tengkleng Pak Jay"
      },
      "geometry": {
        "type": "Point",
        "coordinates": [
          110.3989888,
          -7.7494744
        ]
      },
      "id": "node/9859588066"
    },
    {
      "type": "Feature",
      "properties": {
        "@id": "node/9862141289",
        "addr:street": "Jalan Affandi",
        "amenity": "restaurant",
        "cuisine": "steak_house",
        "name": "The Obonk Steak & Ribs"
      },
      "geometry": {
        "type": "Point",
        "coordinates": [
          110.3939335,
          -7.7613767
        ]
      },
      "id": "node/9862141289"
    },
    {
      "type": "Feature",
      "properties": {
        "@id": "node/9867154018",
        "amenity": "restaurant",
        "name": "Warung Toscana"
      },
      "geometry": {
        "type": "Point",
        "coordinates": [
          110.371142,
          -7.8191365
        ]
      },
      "id": "node/9867154018"
    },
    {
      "type": "Feature",
      "properties": {
        "@id": "node/9872354945",
        "amenity": "restaurant",
        "changing_table": "no",
        "contact:whatsapp": "+62 857-4744-4924",
        "delivery": "yes",
        "highchair": "no",
        "internet_access": "wlan",
        "internet_access:fee": "no",
        "kids_area": "no",
        "name": "Seblak Azco 2",
        "opening_hours": "24/7",
        "opening_hours:kitchen": "24/7",
        "outdoor_seating": "yes",
        "phone": "+62 857-4744-4924",
        "reservation": "no",
        "smoking": "yes",
        "takeaway": "yes",
        "toilets": "no",
        "toilets:access": "private",
        "toilets:wheelchair": "limited",
        "wheelchair": "yes"
      },
      "geometry": {
        "type": "Point",
        "coordinates": [
          110.4812701,
          -7.7472281
        ]
      },
      "id": "node/9872354945"
    },
    {
      "type": "Feature",
      "properties": {
        "@id": "node/9894620690",
        "amenity": "restaurant",
        "name": "Warung Jadah Tempe Mbah Carik"
      },
      "geometry": {
        "type": "Point",
        "coordinates": [
          110.4188795,
          -7.6806947
        ]
      },
      "id": "node/9894620690"
    },
    {
      "type": "Feature",
      "properties": {
        "@id": "node/9899372074",
        "amenity": "restaurant",
        "name": "Soto Cokro Kembang"
      },
      "geometry": {
        "type": "Point",
        "coordinates": [
          110.4378502,
          -7.7117075
        ]
      },
      "id": "node/9899372074"
    },
    {
      "type": "Feature",
      "properties": {
        "@id": "node/9899384570",
        "addr:postcode": "55581",
        "addr:street": "Jalan Sawahan Lor",
        "air_conditioning": "yes",
        "amenity": "restaurant",
        "changing_table": "no",
        "contact:instagram": "sabin_bysekenliving",
        "cuisine": "indonesian;international",
        "diet:halal": "yes",
        "highchair": "no",
        "internet_access": "wlan",
        "internet_access:fee": "yes",
        "internet_access:ssid": "SABIN by Seken Living",
        "name": "SABIN",
        "opening_hours": "Tu-Su 12:00-20:00",
        "operator": "Seken Living",
        "outdoor_seating": "yes",
        "payment:cash": "yes",
        "payment:credit_cards": "yes",
        "phone": "+62 811-2640-425",
        "reservation": "yes",
        "smoking": "isolated",
        "takeaway": "yes",
        "toilets": "yes",
        "toilets:access": "yes",
        "toilets:wheelchair": "limited",
        "wheelchair": "no"
      },
      "geometry": {
        "type": "Point",
        "coordinates": [
          110.436018,
          -7.7061037
        ]
      },
      "id": "node/9899384570"
    },
    {
      "type": "Feature",
      "properties": {
        "@id": "node/9899385865",
        "amenity": "restaurant",
        "name": "Sate 3 Dimensi"
      },
      "geometry": {
        "type": "Point",
        "coordinates": [
          110.4380449,
          -7.7154924
        ]
      },
      "id": "node/9899385865"
    },
    {
      "type": "Feature",
      "properties": {
        "@id": "node/9899705498",
        "amenity": "restaurant",
        "changing_table": "no",
        "cuisine": "indonesian",
        "delivery": "yes",
        "mobile": "+62 822-2057-4343",
        "name": "Bakso Pak Yanto",
        "outdoor_seating": "yes",
        "takeaway": "yes",
        "toilets": "no",
        "wheelchair": "limited"
      },
      "geometry": {
        "type": "Point",
        "coordinates": [
          110.4379274,
          -7.7514087
        ]
      },
      "id": "node/9899705498"
    },
    {
      "type": "Feature",
      "properties": {
        "@id": "node/9899952697",
        "amenity": "restaurant",
        "cuisine": "indonesian",
        "diet:halal": "yes",
        "highchair": "yes",
        "opening_hours": "Mo-Su 09:00-17:00",
        "outdoor_seating": "yes",
        "smoking": "yes"
      },
      "geometry": {
        "type": "Point",
        "coordinates": [
          110.428484,
          -7.6473183
        ]
      },
      "id": "node/9899952697"
    },
    {
      "type": "Feature",
      "properties": {
        "@id": "node/9901240025",
        "amenity": "restaurant",
        "name": "Family Bakso"
      },
      "geometry": {
        "type": "Point",
        "coordinates": [
          110.4392685,
          -7.7051276
        ]
      },
      "id": "node/9901240025"
    },
    {
      "type": "Feature",
      "properties": {
        "@id": "node/9901459780",
        "amenity": "restaurant",
        "contact:facebook": "https://www.facebook.com/WarungAmerta",
        "contact:instagram": "amertawrng",
        "contact:whatsapp": "+62 895-3413-00853",
        "name": "Amerta Kitchen",
        "phone": "+62 895-3413-00853"
      },
      "geometry": {
        "type": "Point",
        "coordinates": [
          110.4380183,
          -7.7182549
        ]
      },
      "id": "node/9901459780"
    },
    {
      "type": "Feature",
      "properties": {
        "@id": "node/9905382362",
        "amenity": "restaurant",
        "name": "Dil Rani Restaurant"
      },
      "geometry": {
        "type": "Point",
        "coordinates": [
          110.3888807,
          -7.7780754
        ]
      },
      "id": "node/9905382362"
    },
    {
      "type": "Feature",
      "properties": {
        "@id": "node/9906082860",
        "amenity": "restaurant",
        "name": "Warmindo Empat Putri"
      },
      "geometry": {
        "type": "Point",
        "coordinates": [
          110.4810555,
          -7.7491798
        ]
      },
      "id": "node/9906082860"
    },
    {
      "type": "Feature",
      "properties": {
        "@id": "node/9907156504",
        "amenity": "restaurant",
        "name": "Soto Tebing Banyunibo"
      },
      "geometry": {
        "type": "Point",
        "coordinates": [
          110.4910598,
          -7.781599
        ]
      },
      "id": "node/9907156504"
    },
    {
      "type": "Feature",
      "properties": {
        "@id": "node/9907167227",
        "amenity": "restaurant",
        "name": "Omah Kopi Tebing Banyunibo"
      },
      "geometry": {
        "type": "Point",
        "coordinates": [
          110.4910752,
          -7.7817576
        ]
      },
      "id": "node/9907167227"
    },
    {
      "type": "Feature",
      "properties": {
        "@id": "node/9914318409",
        "amenity": "restaurant",
        "name": "Mie Ayam Bakso Bima"
      },
      "geometry": {
        "type": "Point",
        "coordinates": [
          110.4024199,
          -7.8046532
        ]
      },
      "id": "node/9914318409"
    },
    {
      "type": "Feature",
      "properties": {
        "@id": "node/9916936467",
        "amenity": "restaurant",
        "changing_table": "no",
        "cuisine": "indonesian",
        "internet_access": "wlan",
        "internet_access:fee": "no",
        "internet_access:ssid": "Dapur Rengkol",
        "name": "Dapur Rengkol",
        "opening_hours": "24/7",
        "outdoor_seating": "yes",
        "payment:cash": "yes",
        "phone": "+62 857-2572-7746",
        "smoking": "yes",
        "takeaway": "yes",
        "toilets": "yes",
        "toilets:access": "yes",
        "toilets:wheelchair": "limited",
        "wheelchair": "limited"
      },
      "geometry": {
        "type": "Point",
        "coordinates": [
          110.4589348,
          -7.7502656
        ]
      },
      "id": "node/9916936467"
    },
    {
      "type": "Feature",
      "properties": {
        "@id": "node/9920969395",
        "amenity": "restaurant",
        "name": "Bakso Mie Ayam Aneka Wonogiri"
      },
      "geometry": {
        "type": "Point",
        "coordinates": [
          110.4720872,
          -7.7333918
        ]
      },
      "id": "node/9920969395"
    },
    {
      "type": "Feature",
      "properties": {
        "@id": "node/9941760146",
        "amenity": "restaurant",
        "name": "Nasi Pecel Pincuk & Rawon Madiun Jeng Rina",
        "opening_hours": "Mo-Su 08:00-14:00",
        "takeaway": "yes",
        "toilets": "yes"
      },
      "geometry": {
        "type": "Point",
        "coordinates": [
          110.44846,
          -7.751577
        ]
      },
      "id": "node/9941760146"
    },
    {
      "type": "Feature",
      "properties": {
        "@id": "node/9950528593",
        "amenity": "restaurant",
        "name": "Omah Dhahar Watu Genthong",
        "toilets": "yes"
      },
      "geometry": {
        "type": "Point",
        "coordinates": [
          110.4585588,
          -7.7930087
        ]
      },
      "id": "node/9950528593"
    },
    {
      "type": "Feature",
      "properties": {
        "@id": "node/9952254174",
        "amenity": "restaurant",
        "name": "Liwet Asem Stroberi"
      },
      "geometry": {
        "type": "Point",
        "coordinates": [
          110.4182616,
          -7.6813078
        ]
      },
      "id": "node/9952254174"
    },
    {
      "type": "Feature",
      "properties": {
        "@id": "node/9952569914",
        "air_conditioning": "no",
        "amenity": "restaurant",
        "cuisine": "javanese",
        "diet:halal": "yes",
        "name": "Bakmi Kampoeng Jawa Tajem",
        "outdoor_seating": "yes",
        "payment:cash": "yes",
        "toilets": "yes",
        "wheelchair": "limited"
      },
      "geometry": {
        "type": "Point",
        "coordinates": [
          110.4342148,
          -7.7368024
        ]
      },
      "id": "node/9952569914"
    },
    {
      "type": "Feature",
      "properties": {
        "@id": "node/9965563026",
        "addr:housenumber": "B5-B",
        "addr:street": "Jalan Babarsari",
        "air_conditioning": "no",
        "amenity": "restaurant",
        "bar": "no",
        "branch": "Jogja Babarsari",
        "brand": "Mie Gacoan",
        "brand:wikidata": "Q111995141",
        "changing_table": "no",
        "contact:instagram": "mie.gacoan",
        "contact:mobile": "+62 896-3934-5020",
        "contact:whatsapp": "+62 896-3934-5020",
        "cuisine": "noodle",
        "highchair": "yes",
        "name": "Mie Gacoan",
        "operator": "PT Pesta Pora Abadi",
        "outdoor_seating": "yes",
        "smoking": "no",
        "takeaway": "yes",
        "toilets": "yes",
        "toilets:access": "customers",
        "toilets:wheelchair": "limited",
        "wheelchair": "limited"
      },
      "geometry": {
        "type": "Point",
        "coordinates": [
          110.4149618,
          -7.7794868
        ]
      },
      "id": "node/9965563026"
    },
    {
      "type": "Feature",
      "properties": {
        "@id": "node/9965576406",
        "amenity": "restaurant",
        "name": "The Gardens",
        "outdoor_seating": "yes",
        "reservation": "yes"
      },
      "geometry": {
        "type": "Point",
        "coordinates": [
          110.4086934,
          -7.7731952
        ]
      },
      "id": "node/9965576406"
    },
    {
      "type": "Feature",
      "properties": {
        "@id": "node/9965593099",
        "amenity": "restaurant",
        "name": "Shabu Suki"
      },
      "geometry": {
        "type": "Point",
        "coordinates": [
          110.4091907,
          -7.7717169
        ]
      },
      "id": "node/9965593099"
    },
    {
      "type": "Feature",
      "properties": {
        "@id": "node/9969080601",
        "addr:housenumber": "31",
        "addr:street": "Jalan Cendrawasih",
        "amenity": "restaurant",
        "name": "Waroeng Steak & Shake - Demangan"
      },
      "geometry": {
        "type": "Point",
        "coordinates": [
          110.3891165,
          -7.7795263
        ]
      },
      "id": "node/9969080601"
    },
    {
      "type": "Feature",
      "properties": {
        "@id": "node/9980287986",
        "amenity": "restaurant",
        "name": "Tongseng Dan Daging Gongso Bu Amirah"
      },
      "geometry": {
        "type": "Point",
        "coordinates": [
          110.3674751,
          -7.8279081
        ]
      },
      "id": "node/9980287986"
    },
    {
      "type": "Feature",
      "properties": {
        "@id": "node/9991661598",
        "amenity": "restaurant",
        "name": "Sushi Tei"
      },
      "geometry": {
        "type": "Point",
        "coordinates": [
          110.3886414,
          -7.7789094
        ]
      },
      "id": "node/9991661598"
    },
    {
      "type": "Feature",
      "properties": {
        "@id": "node/9991661600",
        "amenity": "restaurant",
        "name": "Nasi Kapau Uda Jack"
      },
      "geometry": {
        "type": "Point",
        "coordinates": [
          110.3885344,
          -7.7793483
        ]
      },
      "id": "node/9991661600"
    },
    {
      "type": "Feature",
      "properties": {
        "@id": "node/9992131707",
        "amenity": "restaurant",
        "name": "Omah Lawas"
      },
      "geometry": {
        "type": "Point",
        "coordinates": [
          110.4578339,
          -7.7718423
        ]
      },
      "id": "node/9992131707"
    },
    {
      "type": "Feature",
      "properties": {
        "@id": "node/9997212956",
        "amenity": "restaurant",
        "name": "Mie Ayam & Bakso Tunggal Roso",
        "outdoor_seating": "yes"
      },
      "geometry": {
        "type": "Point",
        "coordinates": [
          110.4618864,
          -7.746796
        ]
      },
      "id": "node/9997212956"
    },
    {
      "type": "Feature",
      "properties": {
        "@id": "node/9999574924",
        "addr:housenumber": "KM 5",
        "addr:street": "Jl. Wates - Purworejo, Toyan, Wates, Kulon Progo",
        "amenity": "restaurant",
        "changing_table": "no",
        "contact:whatsapp": "+62 811-264-4418",
        "cuisine": "javanese",
        "description": "Bebek goreng - aneka soup - soto - bakmi jawa",
        "highchair": "no",
        "internet_access": "no",
        "name": "Ayam Goreng Bu Hartin",
        "opening_hours": "Mo-Su 08:00-21:00",
        "outdoor_seating": "yes",
        "phone": "+62 811-2642-339",
        "reservation": "yes",
        "smoking": "yes",
        "toilets": "yes",
        "toilets:access": "customers",
        "wheelchair": "limited"
      },
      "geometry": {
        "type": "Point",
        "coordinates": [
          110.1241812,
          -7.8913023
        ]
      },
      "id": "node/9999574924"
    },
    {
      "type": "Feature",
      "properties": {
        "@id": "node/10033029128",
        "amenity": "restaurant",
        "name": "Mr. Blangkon Garden Resto",
        "outdoor_seating": "yes",
        "toilets": "yes"
      },
      "geometry": {
        "type": "Point",
        "coordinates": [
          110.4180985,
          -7.6802853
        ]
      },
      "id": "node/10033029128"
    },
    {
      "type": "Feature",
      "properties": {
        "@id": "node/10048454846",
        "amenity": "restaurant",
        "name": "Mie Ayam Pak Tni"
      },
      "geometry": {
        "type": "Point",
        "coordinates": [
          110.4325239,
          -7.7047549
        ]
      },
      "id": "node/10048454846"
    },
    {
      "type": "Feature",
      "properties": {
        "@id": "node/10065619415",
        "amenity": "restaurant",
        "delivery": "yes",
        "name": "Ceplok Telor",
        "outdoor_seating": "yes",
        "takeaway": "yes",
        "wheelchair": "limited"
      },
      "geometry": {
        "type": "Point",
        "coordinates": [
          110.414255,
          -7.7810564
        ]
      },
      "id": "node/10065619415"
    },
    {
      "type": "Feature",
      "properties": {
        "@id": "node/10066547578",
        "amenity": "restaurant",
        "changing_table": "no",
        "contact:facebook": "https://www.facebook.com/MieAyamBaksoNgejooo",
        "contact:instagram": "mieayambaksongejooo",
        "contact:whatsapp": "+62 831-4552-8346",
        "cuisine": "indonesian",
        "diet:halal": "yes",
        "name": "Mie Ayam & Bakso NGEJOOO",
        "operator": "Listina Mukti Dalem",
        "payment:cash": "yes",
        "phone": "+62 878-3446-8438",
        "takeaway": "yes",
        "toilets": "no",
        "wheelchair": "yes"
      },
      "geometry": {
        "type": "Point",
        "coordinates": [
          110.4848542,
          -7.7271835
        ]
      },
      "id": "node/10066547578"
    },
    {
      "type": "Feature",
      "properties": {
        "@id": "node/10068073293",
        "amenity": "restaurant",
        "name": "Floating Resto",
        "opening_hours": "Mo-Su 10:00-22:00"
      },
      "geometry": {
        "type": "Point",
        "coordinates": [
          110.3570984,
          -7.7197145
        ]
      },
      "id": "node/10068073293"
    },
    {
      "type": "Feature",
      "properties": {
        "@id": "node/10079779241",
        "amenity": "restaurant",
        "changing_table": "no",
        "contact:phone": "+62 821-3600-0185",
        "cuisine": "javanese",
        "highchair": "no",
        "kids_area": "yes",
        "kids_area:outdoor": "yes",
        "name": "Kopi Klothok Paris",
        "opening_hours": "Mo-Su 09:00-20:00",
        "outdoor_seating": "yes",
        "reservation": "yes",
        "smoking": "outside",
        "takeaway": "yes",
        "toilets": "yes",
        "toilets:access": "yes",
        "toilets:wheelchair": "limited",
        "wheelchair": "yes"
      },
      "geometry": {
        "type": "Point",
        "coordinates": [
          110.3597352,
          -7.9374369
        ]
      },
      "id": "node/10079779241"
    },
    {
      "type": "Feature",
      "properties": {
        "@id": "node/10086198842",
        "amenity": "restaurant",
        "brand": "Restoran",
        "name": "Nikkou Ramen",
        "takeaway": "yes"
      },
      "geometry": {
        "type": "Point",
        "coordinates": [
          110.3681855,
          -7.7725222
        ]
      },
      "id": "node/10086198842"
    },
    {
      "type": "Feature",
      "properties": {
        "@id": "node/10086971206",
        "addr:city": "Bantul",
        "addr:neighbourhood": "Bangunjiwo",
        "addr:postcode": "55184",
        "addr:state": "Yogyakarta",
        "addr:street": "Gang Mejing",
        "amenity": "restaurant",
        "bar": "yes",
        "cuisine": "indonesian, Italian;pizza;ice_cream",
        "diet:halal": "yes",
        "diet:meat": "yes",
        "diet:mediterranean": "yes",
        "diet:vegan": "yes",
        "diet:vegetarian": "yes",
        "email": "lotusmio10@gmail.com",
        "highchair": "yes",
        "image": "https://www.instagram.com/p/Ci7O_0BLSwP/?utm_source=ig_web_copy_link",
        "internet_access": "wlan",
        "internet_access:fee": "no",
        "name": "Lotus Mio Bangunjiwo",
        "opening_hours": "Mo-Su 10:00-22:00",
        "outdoor_seating": "yes",
        "payment:american_express": "yes",
        "payment:cards": "yes",
        "payment:cash": "yes",
        "payment:contactless": "yes",
        "payment:credit_cards": "yes",
        "payment:debit_cards": "yes",
        "payment:maestro": "yes",
        "payment:mastercard": "yes",
        "payment:visa": "yes",
        "payment:visa_debit": "yes",
        "phone": "+62 877-2660-4177",
        "reservation": "recommended",
        "smoking": "separated",
        "takeaway": "yes"
      },
      "geometry": {
        "type": "Point",
        "coordinates": [
          110.3050464,
          -7.8431978
        ]
      },
      "id": "node/10086971206"
    },
    {
      "type": "Feature",
      "properties": {
        "@id": "node/10094824229",
        "amenity": "restaurant",
        "brand": "Restoran",
        "name": "Bakso Urat Kampung Emas"
      },
      "geometry": {
        "type": "Point",
        "coordinates": [
          110.5436345,
          -7.8670389
        ]
      },
      "id": "node/10094824229"
    },
    {
      "type": "Feature",
      "properties": {
        "@id": "node/10116370507",
        "amenity": "restaurant",
        "name": "Bandung Fried Chicken 234"
      },
      "geometry": {
        "type": "Point",
        "coordinates": [
          110.3853432,
          -7.7854465
        ]
      },
      "id": "node/10116370507"
    },
    {
      "type": "Feature",
      "properties": {
        "@id": "node/10120297907",
        "amenity": "restaurant",
        "name": "Spesial Bakso Jumbo & Mie Ayam Idaman"
      },
      "geometry": {
        "type": "Point",
        "coordinates": [
          110.4849278,
          -7.7362117
        ]
      },
      "id": "node/10120297907"
    },
    {
      "type": "Feature",
      "properties": {
        "@id": "node/10134743415",
        "amenity": "restaurant",
        "check_date:opening_hours": "2022-11-18",
        "name:signed": "no",
        "opening_hours:signed": "no"
      },
      "geometry": {
        "type": "Point",
        "coordinates": [
          110.4547445,
          -7.7741893
        ]
      },
      "id": "node/10134743415"
    },
    {
      "type": "Feature",
      "properties": {
        "@id": "node/10134776723",
        "amenity": "restaurant",
        "changing_table": "no",
        "cuisine": "indonesian",
        "delivery": "yes",
        "kids_area": "no",
        "mobile": "+62 852-2887-0000;+62 822-2599-5100",
        "name": "Lotek & Gado-Gado Mbak Via",
        "opening_hours": "Mo-Su 06:00-19:00",
        "smoking": "yes",
        "toilets": "yes",
        "toilets:access": "private",
        "toilets:wheelchair": "no",
        "wheelchair": "no"
      },
      "geometry": {
        "type": "Point",
        "coordinates": [
          110.324818,
          -7.7978184
        ]
      },
      "id": "node/10134776723"
    },
    {
      "type": "Feature",
      "properties": {
        "@id": "node/10136686995",
        "amenity": "restaurant",
        "name": "Resto Jogjo Asri",
        "toilets": "yes"
      },
      "geometry": {
        "type": "Point",
        "coordinates": [
          110.393997,
          -7.7355448
        ]
      },
      "id": "node/10136686995"
    },
    {
      "type": "Feature",
      "properties": {
        "@id": "node/10136746199",
        "amenity": "restaurant"
      },
      "geometry": {
        "type": "Point",
        "coordinates": [
          110.3943256,
          -7.7357284
        ]
      },
      "id": "node/10136746199"
    },
    {
      "type": "Feature",
      "properties": {
        "@id": "node/10137552677",
        "amenity": "restaurant",
        "contact:whatsapp": "+62 852-2823-9736",
        "name": "Lesehan Sederhana Mas Yoyok",
        "phone": "+62 852-2823-9736"
      },
      "geometry": {
        "type": "Point",
        "coordinates": [
          110.4851251,
          -7.7358898
        ]
      },
      "id": "node/10137552677"
    },
    {
      "type": "Feature",
      "properties": {
        "@id": "node/10154499459",
        "amenity": "restaurant",
        "name": "Ayam Geprek Pak Wage 2"
      },
      "geometry": {
        "type": "Point",
        "coordinates": [
          110.3816317,
          -7.7663145
        ]
      },
      "id": "node/10154499459"
    },
    {
      "type": "Feature",
      "properties": {
        "@id": "node/10180034446",
        "amenity": "restaurant",
        "contact:whatsapp": "+62 813-9112-5658",
        "name": "Grosir dan Ecer Kelapa Muda Wely",
        "phone": "+62 813-9112-5658"
      },
      "geometry": {
        "type": "Point",
        "coordinates": [
          110.4814136,
          -7.7402635
        ]
      },
      "id": "node/10180034446"
    },
    {
      "type": "Feature",
      "properties": {
        "@id": "node/10180094116",
        "amenity": "restaurant",
        "cuisine": "indonesian",
        "name": "Kopi Randu"
      },
      "geometry": {
        "type": "Point",
        "coordinates": [
          110.3142778,
          -7.8536958
        ]
      },
      "id": "node/10180094116"
    },
    {
      "type": "Feature",
      "properties": {
        "@id": "node/10180149779",
        "addr:street": "Jalan Pakem–Cangkringan",
        "alt_name": "Gubug Dhahar Nayla",
        "amenity": "restaurant",
        "changing_table": "no",
        "check_date:opening_hours": "2023-03-03",
        "contact:whatsapp": "+62 812-2764-5765",
        "cuisine": "indonesian",
        "delivery": "yes",
        "internet_access": "wlan",
        "internet_access:fee": "no",
        "internet_access:ssid": "NABILLA",
        "kids_area": "no",
        "name": "Gubuk Dhahar Nayla",
        "opening_hours": "Mo-Su 09:00-20:00",
        "opening_hours:signed": "no",
        "phone": "+62 821-3373-5348;+62 812-2764-5465",
        "smoking": "yes",
        "toilets": "yes",
        "toilets:access": "customers",
        "toilets:wheelchair": "limited"
      },
      "geometry": {
        "type": "Point",
        "coordinates": [
          110.4345376,
          -7.653146
        ]
      },
      "id": "node/10180149779"
    },
    {
      "type": "Feature",
      "properties": {
        "@id": "node/10180631803",
        "amenity": "restaurant",
        "name": "Toko Kelontong"
      },
      "geometry": {
        "type": "Point",
        "coordinates": [
          110.3646017,
          -7.6409055
        ]
      },
      "id": "node/10180631803"
    },
    {
      "type": "Feature",
      "properties": {
        "@id": "node/10180825482",
        "amenity": "restaurant",
        "cuisine": "indonesian",
        "name": "Warung Soto"
      },
      "geometry": {
        "type": "Point",
        "coordinates": [
          110.355001,
          -7.7387642
        ]
      },
      "id": "node/10180825482"
    },
    {
      "type": "Feature",
      "properties": {
        "@id": "node/10193309171",
        "addr:street": "Jalan Sultan Agung",
        "amenity": "restaurant",
        "name": "Warung Bakmi Pak Kentung"
      },
      "geometry": {
        "type": "Point",
        "coordinates": [
          110.3328121,
          -7.9044614
        ]
      },
      "id": "node/10193309171"
    },
    {
      "type": "Feature",
      "properties": {
        "@id": "node/10195163856",
        "amenity": "restaurant",
        "name": "Warung Soto Bu \"Dhe\""
      },
      "geometry": {
        "type": "Point",
        "coordinates": [
          110.3314025,
          -7.9046998
        ]
      },
      "id": "node/10195163856"
    },
    {
      "type": "Feature",
      "properties": {
        "@id": "node/10196249969",
        "addr:street": "Tulung, Tamanmartani, Kalasan, Sleman, Yogyakarta 55571",
        "amenity": "restaurant",
        "name": "Joglo President",
        "start_date": "2022-12-2"
      },
      "geometry": {
        "type": "Point",
        "coordinates": [
          110.4811963,
          -7.7427333
        ]
      },
      "id": "node/10196249969"
    },
    {
      "type": "Feature",
      "properties": {
        "@id": "node/10201051456",
        "amenity": "restaurant",
        "name": "Balilegi"
      },
      "geometry": {
        "type": "Point",
        "coordinates": [
          110.4345029,
          -7.6458134
        ]
      },
      "id": "node/10201051456"
    },
    {
      "type": "Feature",
      "properties": {
        "@id": "node/10201054682",
        "amenity": "restaurant",
        "name": "Angkringan Sejahtera"
      },
      "geometry": {
        "type": "Point",
        "coordinates": [
          110.4333997,
          -7.6609294
        ]
      },
      "id": "node/10201054682"
    },
    {
      "type": "Feature",
      "properties": {
        "@id": "node/10201068906",
        "amenity": "restaurant",
        "name": "Gress"
      },
      "geometry": {
        "type": "Point",
        "coordinates": [
          110.4316268,
          -7.659278
        ]
      },
      "id": "node/10201068906"
    },
    {
      "type": "Feature",
      "properties": {
        "@id": "node/10201073430",
        "amenity": "restaurant",
        "cuisine": "javanese",
        "highchair": "no",
        "internet_access": "wlan",
        "internet_access:fee": "no",
        "internet_access:ssid": "WarungEyup@Outdoor_plus;WarungEyup@Indoor",
        "kids_area": "yes",
        "kids_area:outdoor": "yes",
        "name": "Warung Eyup",
        "opening_hours": "Mo-Su 07:30-19:30",
        "outdoor_seating": "yes",
        "smoking": "yes",
        "toilets": "yes",
        "toilets:access": "yes",
        "wheelchair": "no"
      },
      "geometry": {
        "type": "Point",
        "coordinates": [
          110.4340706,
          -7.6439358
        ]
      },
      "id": "node/10201073430"
    },
    {
      "type": "Feature",
      "properties": {
        "@id": "node/10209365517",
        "amenity": "restaurant",
        "name": "Brongkos Warung Ijo"
      },
      "geometry": {
        "type": "Point",
        "coordinates": [
          110.3252103,
          -7.6520903
        ]
      },
      "id": "node/10209365517"
    },
    {
      "type": "Feature",
      "properties": {
        "@id": "node/10219211356",
        "amenity": "restaurant",
        "name": "Wader Lombok Ijo",
        "toilets": "yes",
        "toilets:access": "customers",
        "wheelchair": "no"
      },
      "geometry": {
        "type": "Point",
        "coordinates": [
          110.433631,
          -7.6637829
        ]
      },
      "id": "node/10219211356"
    },
    {
      "type": "Feature",
      "properties": {
        "@id": "node/10224837335",
        "amenity": "restaurant",
        "name": "Bakso & Soto Sapi Sami Soko"
      },
      "geometry": {
        "type": "Point",
        "coordinates": [
          110.4669538,
          -7.7721469
        ]
      },
      "id": "node/10224837335"
    },
    {
      "type": "Feature",
      "properties": {
        "@id": "node/10230152112",
        "air_conditioning": "no",
        "amenity": "restaurant",
        "cuisine": "indonesian",
        "diet:halal": "yes",
        "diet:local": "yes",
        "diet:meat": "yes",
        "internet_access": "wlan",
        "internet_access:ssid": "RUMAH JAWA",
        "name": "Pecel Gendar",
        "outdoor_seating": "yes",
        "payment:cash": "yes",
        "smoking": "outside",
        "takeaway": "yes",
        "wheelchair": "no"
      },
      "geometry": {
        "type": "Point",
        "coordinates": [
          110.4557445,
          -7.7747659
        ]
      },
      "id": "node/10230152112"
    },
    {
      "type": "Feature",
      "properties": {
        "@id": "node/10232351541",
        "amenity": "restaurant",
        "branch": "3",
        "name": "Bakso Pos Wonogiri",
        "toilets": "yes",
        "wheelchair": "no"
      },
      "geometry": {
        "type": "Point",
        "coordinates": [
          110.4813291,
          -7.7423961
        ]
      },
      "id": "node/10232351541"
    },
    {
      "type": "Feature",
      "properties": {
        "@id": "node/10261890332",
        "amenity": "restaurant",
        "changing_table": "no",
        "cuisine": "indonesian",
        "name": "Bakso & Mie Ayam Pak Togok",
        "toilets": "no",
        "wheelchair": "no"
      },
      "geometry": {
        "type": "Point",
        "coordinates": [
          110.3839326,
          -7.779173
        ]
      },
      "id": "node/10261890332"
    },
    {
      "type": "Feature",
      "properties": {
        "@id": "node/10261952749",
        "amenity": "restaurant",
        "name": "Secluded",
        "operator": "Kharma",
        "phone": "+62 811-2637-378",
        "smoking": "no",
        "toilets": "yes",
        "website": "https://thekharmavillas.com"
      },
      "geometry": {
        "type": "Point",
        "coordinates": [
          110.3675813,
          -7.7400674
        ]
      },
      "id": "node/10261952749"
    },
    {
      "type": "Feature",
      "properties": {
        "@id": "node/10266812927",
        "amenity": "restaurant",
        "name": "RM Bale Wukir",
        "opening_hours": "Mo-Th, Sa, Su 10:00-21:00; Fr 13:00-21:00",
        "phone": "+62 811-2651-275",
        "reservation": "yes",
        "toilets": "yes",
        "website": "https://balewukir.business.site"
      },
      "geometry": {
        "type": "Point",
        "coordinates": [
          110.4426887,
          -7.6587822
        ]
      },
      "id": "node/10266812927"
    },
    {
      "type": "Feature",
      "properties": {
        "@id": "node/10266841097",
        "amenity": "restaurant",
        "name": "Angkringan Wek-ji"
      },
      "geometry": {
        "type": "Point",
        "coordinates": [
          110.4349897,
          -7.6258884
        ]
      },
      "id": "node/10266841097"
    },
    {
      "type": "Feature",
      "properties": {
        "@id": "node/10266878266",
        "amenity": "restaurant",
        "name": "Resto & Pos Jeep RBM"
      },
      "geometry": {
        "type": "Point",
        "coordinates": [
          110.4336758,
          -7.6286813
        ]
      },
      "id": "node/10266878266"
    },
    {
      "type": "Feature",
      "properties": {
        "@id": "node/10266930675",
        "alt_name": "Kopi Omah Lawas",
        "amenity": "restaurant",
        "changing_table": "no",
        "contact:whatsapp": "+62 878-1243-285",
        "cuisine": "javanese",
        "highchair": "no",
        "internet_access": "wlan",
        "internet_access:fee": "no",
        "internet_access:wlan:ssid": "Resto Omah Lawas",
        "kids_area:outdoor": "yes",
        "mobile": "+62 878-1243-285",
        "name": "Resto Omah Lawas",
        "opening_hours": "Mo-Su 10:00-18:00",
        "operator": "CV Tani Organik Merapi",
        "outdoor_seating": "no",
        "reservation": "yes",
        "smoking": "yes",
        "toilets": "yes",
        "toilets:access": "customers",
        "toilets:wheelchair": "no",
        "wheelchair": "no"
      },
      "geometry": {
        "type": "Point",
        "coordinates": [
          110.43448,
          -7.6642023
        ]
      },
      "id": "node/10266930675"
    },
    {
      "type": "Feature",
      "properties": {
        "@id": "node/10269026459",
        "amenity": "restaurant",
        "delivery": "yes",
        "name": "Mie Ayam Bakso Pak Eko Wonogiri",
        "toilets": "no",
        "wheelchair": "no"
      },
      "geometry": {
        "type": "Point",
        "coordinates": [
          110.4341118,
          -7.6608062
        ]
      },
      "id": "node/10269026459"
    },
    {
      "type": "Feature",
      "properties": {
        "@id": "node/10269105669",
        "amenity": "restaurant",
        "name": "WPR Fried Chicken"
      },
      "geometry": {
        "type": "Point",
        "coordinates": [
          110.4599614,
          -7.6643802
        ]
      },
      "id": "node/10269105669"
    },
    {
      "type": "Feature",
      "properties": {
        "@id": "node/10272443952",
        "amenity": "restaurant",
        "delivery": "yes",
        "name": "Warung Manten Anyar",
        "outdoor_seating": "no",
        "phone": "+62 812-2863-2090",
        "toilets": "yes",
        "wheelchair": "no"
      },
      "geometry": {
        "type": "Point",
        "coordinates": [
          110.4319972,
          -7.7705154
        ]
      },
      "id": "node/10272443952"
    },
    {
      "type": "Feature",
      "properties": {
        "@id": "node/10275519494",
        "amenity": "restaurant",
        "changing_table": "no",
        "cuisine": "steak_house",
        "highchair": "no",
        "internet_access": "wlan",
        "internet_access:fee": "no",
        "internet_access:ssid": "DianaZone",
        "kids_area": "no",
        "name": "Warung Steak Cemil",
        "opening_hours": "Mo-Su 10:30-20:00",
        "smoking": "no",
        "takeaway": "yes",
        "toilets": "yes",
        "toilets:access": "permissive",
        "toilets:wheelchair": "no",
        "wheelchair": "yes"
      },
      "geometry": {
        "type": "Point",
        "coordinates": [
          110.3837488,
          -7.7776906
        ]
      },
      "id": "node/10275519494"
    },
    {
      "type": "Feature",
      "properties": {
        "@id": "node/10296494762",
        "addr:housenumber": "KM 2",
        "addr:street": "Jalan Cangkringan",
        "amenity": "restaurant",
        "name": "Sate Kambing Pak Juki",
        "phone": "+62 852-9097-1533"
      },
      "geometry": {
        "type": "Point",
        "coordinates": [
          110.4324956,
          -7.6614649
        ]
      },
      "id": "node/10296494762"
    },
    {
      "type": "Feature",
      "properties": {
        "@id": "node/10296514164",
        "amenity": "restaurant",
        "name": "Angkringan & Bakmi Jawa Pujiroso",
        "opening_hours": "Mo-Su 16:00-22:00",
        "toilets": "yes"
      },
      "geometry": {
        "type": "Point",
        "coordinates": [
          110.4618869,
          -7.6891791
        ]
      },
      "id": "node/10296514164"
    },
    {
      "type": "Feature",
      "properties": {
        "@id": "node/10302309215",
        "amenity": "restaurant",
        "name": "Zona Seafood",
        "opening_hours": "Mo-Su 15:30-23:00"
      },
      "geometry": {
        "type": "Point",
        "coordinates": [
          110.3701822,
          -7.7895536
        ]
      },
      "id": "node/10302309215"
    },
    {
      "type": "Feature",
      "properties": {
        "@id": "node/10310581409",
        "amenity": "restaurant",
        "name": "Joeragan Bakso"
      },
      "geometry": {
        "type": "Point",
        "coordinates": [
          110.3268955,
          -7.9289172
        ]
      },
      "id": "node/10310581409"
    },
    {
      "type": "Feature",
      "properties": {
        "@id": "node/10310589581",
        "amenity": "restaurant",
        "changing_table": "no",
        "contact:instagram": "pawonmbahpoer",
        "contact:whatsapp": "+62 812-2823-6788",
        "cuisine": "javanese",
        "highchair": "no",
        "internet_access": "no",
        "kids_area": "yes",
        "kids_area:outdoor": "yes",
        "name": "Pawon Mbah Poer",
        "opening_hours": "Mo-Su 08:00-23:00",
        "outdoor_seating": "yes",
        "phone": "+62 812-2823-6788",
        "reservation": "yes",
        "smoking": "no",
        "takeaway": "yes",
        "toilets": "yes",
        "toilets:access": "customers",
        "toilets:wheelchair": "limited",
        "wheelchair": "limited"
      },
      "geometry": {
        "type": "Point",
        "coordinates": [
          110.3166562,
          -7.9309457
        ]
      },
      "id": "node/10310589581"
    },
    {
      "type": "Feature",
      "properties": {
        "@id": "node/10310689025",
        "amenity": "restaurant",
        "name": "Omah Tiwan"
      },
      "geometry": {
        "type": "Point",
        "coordinates": [
          110.3167395,
          -7.930859
        ]
      },
      "id": "node/10310689025"
    },
    {
      "type": "Feature",
      "properties": {
        "@id": "node/10316227334",
        "amenity": "restaurant",
        "brand": "Pizza Hut",
        "brand:wikidata": "Q191615",
        "cuisine": "pizza",
        "name": "Pizza Hut"
      },
      "geometry": {
        "type": "Point",
        "coordinates": [
          110.3796927,
          -7.8019188
        ]
      },
      "id": "node/10316227334"
    },
    {
      "type": "Feature",
      "properties": {
        "@id": "node/10559528346",
        "addr:city": "Sleman, Yogyakarta",
        "addr:housenumber": "168A",
        "addr:postcode": "55281",
        "addr:street": "Jalan Seturan Raya",
        "air_conditioning": "yes",
        "amenity": "restaurant",
        "name": "Dunia Kita Coffee & Eatery",
        "outdoor_seating": "yes"
      },
      "geometry": {
        "type": "Point",
        "coordinates": [
          110.4098286,
          -7.7707446
        ]
      },
      "id": "node/10559528346"
    },
    {
      "type": "Feature",
      "properties": {
        "@id": "node/10578415452",
        "amenity": "restaurant",
        "changing_table": "no",
        "cuisine": "javanese",
        "internet_access": "wlan",
        "internet_access:fee": "no",
        "internet_access:wlan:ssid": "KEDAI SURU PITOE;kedai suru pitoe",
        "kids_area:outdoor": "yes",
        "name": "Kedai Suru Pitoe",
        "opening_hours": "Mo-Su 10:00-22:00",
        "outdoor_seating": "yes",
        "phone": "+62 882-2651-0988",
        "smoking": "yes",
        "toilets": "yes",
        "toilets:access": "customers",
        "wheelchair": "no"
      },
      "geometry": {
        "type": "Point",
        "coordinates": [
          110.4650045,
          -7.8182688
        ]
      },
      "id": "node/10578415452"
    },
    {
      "type": "Feature",
      "properties": {
        "@id": "node/10578642508",
        "amenity": "restaurant",
        "cuisine": "javanese;international",
        "internet_access": "wlan",
        "internet_access:fee": "no",
        "internet_access:ssid": "KEDAI KARANG KEDEMPEL;kedai karangkadempel",
        "name": "Kedai Karang Kedempel"
      },
      "geometry": {
        "type": "Point",
        "coordinates": [
          110.4654679,
          -7.8117073
        ]
      },
      "id": "node/10578642508"
    },
    {
      "type": "Feature",
      "properties": {
        "@id": "node/10588131835",
        "addr:street": "Jalan Sidomukti Tiyasan",
        "amenity": "restaurant",
        "description": "Kopi • Mie Ayam Bakso",
        "name": "Warung Lokal",
        "phone": "+62 812-2644-2256"
      },
      "geometry": {
        "type": "Point",
        "coordinates": [
          110.399286,
          -7.7336237
        ]
      },
      "id": "node/10588131835"
    },
    {
      "type": "Feature",
      "properties": {
        "@id": "node/10607214698",
        "amenity": "restaurant",
        "name": "Pulen & Kopi Ponti"
      },
      "geometry": {
        "type": "Point",
        "coordinates": [
          110.4454896,
          -7.7716966
        ]
      },
      "id": "node/10607214698"
    },
    {
      "type": "Feature",
      "properties": {
        "@id": "node/10614935363",
        "amenity": "restaurant",
        "name": "Bakso & Mie Ayam Pak Bardi"
      },
      "geometry": {
        "type": "Point",
        "coordinates": [
          110.451963,
          -7.7393373
        ]
      },
      "id": "node/10614935363"
    },
    {
      "type": "Feature",
      "properties": {
        "@id": "node/10614935364",
        "amenity": "restaurant",
        "name": "Bakso & Mie Ayam Mas Punung"
      },
      "geometry": {
        "type": "Point",
        "coordinates": [
          110.4523924,
          -7.7393769
        ]
      },
      "id": "node/10614935364"
    },
    {
      "type": "Feature",
      "properties": {
        "@id": "node/10651660277",
        "amenity": "restaurant",
        "name": "Raminten 3"
      },
      "geometry": {
        "type": "Point",
        "coordinates": [
          110.3647975,
          -7.7991485
        ]
      },
      "id": "node/10651660277"
    },
    {
      "type": "Feature",
      "properties": {
        "@id": "node/10651735562",
        "amenity": "restaurant",
        "name": "H.Slamet"
      },
      "geometry": {
        "type": "Point",
        "coordinates": [
          110.3566625,
          -7.7963087
        ]
      },
      "id": "node/10651735562"
    },
    {
      "type": "Feature",
      "properties": {
        "@id": "node/10657060590",
        "addr:street": "Jalan Raya Tajem, Maguwoharjo",
        "amenity": "restaurant",
        "name": "Rumah Makan Cahaya Bundo",
        "phone": "+62 812-5003-1006"
      },
      "geometry": {
        "type": "Point",
        "coordinates": [
          110.4335315,
          -7.7563785
        ]
      },
      "id": "node/10657060590"
    },
    {
      "type": "Feature",
      "properties": {
        "@id": "node/10658057606",
        "addr:housenumber": "3",
        "addr:postcode": "55122",
        "addr:street": "Jalan Beskalan",
        "amenity": "restaurant",
        "cuisine": "indonesian;local",
        "name": "Pempek Ny. Kamto",
        "opening_hours": "Mo-Su 09:00-20:45"
      },
      "geometry": {
        "type": "Point",
        "coordinates": [
          110.3647166,
          -7.7974397
        ]
      },
      "id": "node/10658057606"
    },
    {
      "type": "Feature",
      "properties": {
        "@id": "node/10658075405",
        "addr:housenumber": "7",
        "addr:postcode": "55122",
        "addr:street": "Jalan Beskalan",
        "amenity": "restaurant",
        "cuisine": "indonesian;local",
        "name": "Pempek Ny. Kamto",
        "opening_hours": "Mo-Su 09:00-21:00"
      },
      "geometry": {
        "type": "Point",
        "coordinates": [
          110.3646307,
          -7.7973969
        ]
      },
      "id": "node/10658075405"
    },
    {
      "type": "Feature",
      "properties": {
        "@id": "node/10660958205",
        "addr:housenumber": "9",
        "addr:street": "Jalan Sosrowijayan",
        "amenity": "restaurant",
        "cuisine": "indonesian;local",
        "name": "Warung Nguri Uri"
      },
      "geometry": {
        "type": "Point",
        "coordinates": [
          110.3652336,
          -7.7917681
        ]
      },
      "id": "node/10660958205"
    },
    {
      "type": "Feature",
      "properties": {
        "@id": "node/10675646037",
        "amenity": "restaurant",
        "name": "Rumah Makan Padang Asli"
      },
      "geometry": {
        "type": "Point",
        "coordinates": [
          110.4739797,
          -7.7347832
        ]
      },
      "id": "node/10675646037"
    },
    {
      "type": "Feature",
      "properties": {
        "@id": "node/10680642541",
        "amenity": "restaurant",
        "name": "Bakmi Balangan"
      },
      "geometry": {
        "type": "Point",
        "coordinates": [
          110.4323102,
          -7.6610115
        ]
      },
      "id": "node/10680642541"
    },
    {
      "type": "Feature",
      "properties": {
        "@id": "node/10687593283",
        "amenity": "restaurant"
      },
      "geometry": {
        "type": "Point",
        "coordinates": [
          110.514716,
          -8.1212368
        ]
      },
      "id": "node/10687593283"
    },
    {
      "type": "Feature",
      "properties": {
        "@id": "node/10687593284",
        "amenity": "restaurant"
      },
      "geometry": {
        "type": "Point",
        "coordinates": [
          110.5146306,
          -8.1210984
        ]
      },
      "id": "node/10687593284"
    },
    {
      "type": "Feature",
      "properties": {
        "@id": "node/10687593286",
        "amenity": "restaurant"
      },
      "geometry": {
        "type": "Point",
        "coordinates": [
          110.5144505,
          -8.1203425
        ]
      },
      "id": "node/10687593286"
    },
    {
      "type": "Feature",
      "properties": {
        "@id": "node/10687593287",
        "amenity": "restaurant"
      },
      "geometry": {
        "type": "Point",
        "coordinates": [
          110.5142662,
          -8.1207474
        ]
      },
      "id": "node/10687593287"
    },
    {
      "type": "Feature",
      "properties": {
        "@id": "node/10687593294",
        "amenity": "restaurant"
      },
      "geometry": {
        "type": "Point",
        "coordinates": [
          110.5145175,
          -8.1206864
        ]
      },
      "id": "node/10687593294"
    },
    {
      "type": "Feature",
      "properties": {
        "@id": "node/10687593300",
        "amenity": "restaurant"
      },
      "geometry": {
        "type": "Point",
        "coordinates": [
          110.5145157,
          -8.1208128
        ]
      },
      "id": "node/10687593300"
    },
    {
      "type": "Feature",
      "properties": {
        "@id": "node/10697687786",
        "addr:street": "Jl. Tangkilan",
        "amenity": "restaurant",
        "name": "Gudeg Mbah Kayah",
        "opening_hours": "Mo-Sa 07:00-09:00"
      },
      "geometry": {
        "type": "Point",
        "coordinates": [
          110.3115994,
          -7.7850049
        ]
      },
      "id": "node/10697687786"
    },
    {
      "type": "Feature",
      "properties": {
        "@id": "node/10727215865",
        "amenity": "restaurant",
        "description": "Spesial mie ayam dan bakso",
        "name": "Sari Eco",
        "toilets": "yes"
      },
      "geometry": {
        "type": "Point",
        "coordinates": [
          110.4405619,
          -7.6493131
        ]
      },
      "id": "node/10727215865"
    },
    {
      "type": "Feature",
      "properties": {
        "@id": "node/10760854079",
        "amenity": "restaurant"
      },
      "geometry": {
        "type": "Point",
        "coordinates": [
          110.4323025,
          -7.7707437
        ]
      },
      "id": "node/10760854079"
    },
    {
      "type": "Feature",
      "properties": {
        "@id": "node/10760870473",
        "amenity": "restaurant",
        "changing_table": "no",
        "changing_table:fee": "no",
        "cuisine": "indonesian",
        "highchair": "no",
        "kids_area": "no",
        "name": "Kedai Lang-Lang",
        "opening_hours": "Mo-Su 09:00-20:00",
        "outdoor_seating": "yes",
        "smoking": "no",
        "toilets": "yes",
        "toilets:access": "customers",
        "toilets:wheelchair": "no",
        "wheelchair": "no"
      },
      "geometry": {
        "type": "Point",
        "coordinates": [
          110.4327964,
          -7.6614247
        ]
      },
      "id": "node/10760870473"
    },
    {
      "type": "Feature",
      "properties": {
        "@id": "node/10775632481",
        "amenity": "restaurant",
        "name": "Mutiara Minang",
        "toilets": "yes"
      },
      "geometry": {
        "type": "Point",
        "coordinates": [
          110.2651208,
          -7.9321441
        ]
      },
      "id": "node/10775632481"
    },
    {
      "type": "Feature",
      "properties": {
        "@id": "node/10777519258",
        "amenity": "restaurant",
        "delivery": "yes",
        "name": "Kawan Lamo",
        "phone": "+62 812-8426-1509",
        "toilets": "yes"
      },
      "geometry": {
        "type": "Point",
        "coordinates": [
          110.4328959,
          -7.7603068
        ]
      },
      "id": "node/10777519258"
    },
    {
      "type": "Feature",
      "properties": {
        "@id": "node/10824390798",
        "amenity": "restaurant",
        "name": "Tengkleng Bhenjoyo"
      },
      "geometry": {
        "type": "Point",
        "coordinates": [
          110.3656117,
          -7.8028052
        ]
      },
      "id": "node/10824390798"
    },
    {
      "type": "Feature",
      "properties": {
        "@id": "node/10839587269",
        "amenity": "restaurant",
        "changing_table": "no",
        "cuisine": "indonesian",
        "highchair": "yes",
        "internet_access": "wlan",
        "internet_access:fee": "no",
        "internet_access:ssid": "Namyra Cafe",
        "kids_area": "no",
        "mobile": "+62 896-7456-0769",
        "name": "Namyra Warmindo Cafe",
        "opening_hours": "Mo-Th 10:00-00:00; Fr 10:00-01:00; Sa, Su 12:00-01:00",
        "payment:cash": "yes",
        "payment:contactless": "yes",
        "phone": "+62 896-7456-0769",
        "smoking": "yes",
        "toilets": "yes",
        "toilets:access": "customers",
        "toilets:wheelchair": "limited",
        "wheelchair": "limited"
      },
      "geometry": {
        "type": "Point",
        "coordinates": [
          110.4345757,
          -7.7463308
        ]
      },
      "id": "node/10839587269"
    },
    {
      "type": "Feature",
      "properties": {
        "@id": "node/10855399169",
        "amenity": "restaurant",
        "name": "nDalem Maem Anneliese"
      },
      "geometry": {
        "type": "Point",
        "coordinates": [
          110.480973,
          -7.7496414
        ]
      },
      "id": "node/10855399169"
    },
    {
      "type": "Feature",
      "properties": {
        "@id": "node/10864671597",
        "amenity": "restaurant",
        "internet_access": "wlan",
        "internet_access:fee": "no",
        "internet_access:ssid": "WARMINDO NOPIK",
        "name": "Warmindo Nopik",
        "opening_hours": "Mo-Su 09:00-23:00",
        "outdoor_seating": "yes"
      },
      "geometry": {
        "type": "Point",
        "coordinates": [
          110.4397036,
          -7.7578596
        ]
      },
      "id": "node/10864671597"
    },
    {
      "type": "Feature",
      "properties": {
        "@id": "node/10866663826",
        "addr:housenumber": "43",
        "addr:street": "Jalan Tajem Raya",
        "amenity": "restaurant",
        "branch": "Sleman",
        "changing_table": "no",
        "contact:instagram": "gosteaksleman",
        "cuisine": "steak_house",
        "delivery": "yes",
        "internet_access": "wlan",
        "internet_access:fee": "yes",
        "internet_access:ssid": "GO STEAK",
        "kids_area": "no",
        "mobile": "+62 813-9950-2943",
        "name": "Go!Steak",
        "opening_hours": "Mo-Su 11:00-21:30",
        "outdoor_seating": "yes",
        "smoking": "no",
        "takeaway": "yes",
        "toilets": "yes",
        "toilets:access": "permissive",
        "toilets:wheelchair": "no",
        "website": "https://www.go-steak.com",
        "wheelchair": "limited"
      },
      "geometry": {
        "type": "Point",
        "coordinates": [
          110.4336513,
          -7.757214
        ]
      },
      "id": "node/10866663826"
    },
    {
      "type": "Feature",
      "properties": {
        "@id": "node/10899493084",
        "alt_name": "Seblak Azco",
        "amenity": "restaurant",
        "internet_access": "wlan",
        "internet_access:fee": "no",
        "internet_access:ssid": "SEBLAK AZCO",
        "name": "Kedai Bismillah",
        "opening_hours": "Mo-Su 09:00-21:00"
      },
      "geometry": {
        "type": "Point",
        "coordinates": [
          110.4851083,
          -7.712498
        ]
      },
      "id": "node/10899493084"
    },
    {
      "type": "Feature",
      "properties": {
        "@id": "node/10931051190",
        "amenity": "restaurant",
        "internet_access": "wlan",
        "internet_access:fee": "no",
        "internet_access:ssid": "WARMINDO_MATADOR",
        "name": "Warmindo Matador"
      },
      "geometry": {
        "type": "Point",
        "coordinates": [
          110.4577111,
          -7.776058
        ]
      },
      "id": "node/10931051190"
    },
    {
      "type": "Feature",
      "properties": {
        "@id": "node/10931515953",
        "addr:street": "Jalan Raya Pringgodani",
        "alt_name": "Dapur Eling",
        "amenity": "restaurant",
        "contact:instagram": "dapoer.eling",
        "internet_access": "wlan",
        "internet_access:ssid": "Dapoer Eling",
        "name": "Dapoer Eling",
        "phone": "+62 8122-6059-997",
        "toilets": "yes",
        "wheelchair": "yes"
      },
      "geometry": {
        "type": "Point",
        "coordinates": [
          110.4336118,
          -7.745152
        ]
      },
      "id": "node/10931515953"
    },
    {
      "type": "Feature",
      "properties": {
        "@id": "node/10936212042",
        "amenity": "restaurant",
        "name": "Sate Ayam Madura",
        "opening_hours": "Mo-Su 15:00-22:00",
        "outdoor_seating": "yes"
      },
      "geometry": {
        "type": "Point",
        "coordinates": [
          110.4376129,
          -7.6829197
        ]
      },
      "id": "node/10936212042"
    },
    {
      "type": "Feature",
      "properties": {
        "@id": "node/10945720921",
        "amenity": "restaurant",
        "internet_access": "wlan",
        "internet_access:ssid": "BAKSO BENHIL CANGKRINGAN",
        "name": "Bakso Benhil",
        "outdoor_seating": "yes",
        "toilets": "yes",
        "toilets:access": "yes"
      },
      "geometry": {
        "type": "Point",
        "coordinates": [
          110.4313844,
          -7.6674639
        ]
      },
      "id": "node/10945720921"
    },
    {
      "type": "Feature",
      "properties": {
        "@id": "node/10972431022",
        "air_conditioning": "no",
        "amenity": "restaurant",
        "cuisine": "indonesian",
        "diet:halal": "yes",
        "internet_access": "wlan",
        "internet_access:fee": "no",
        "internet_access:ssid": "Warmindo Sekawan",
        "name": "Warmindo Sekawan",
        "opening_hours": "Mo-Sa 06:00-18:00",
        "outdoor_seating": "yes",
        "payment:cash": "yes",
        "wheelchair": "limited"
      },
      "geometry": {
        "type": "Point",
        "coordinates": [
          110.4546654,
          -7.7746542
        ]
      },
      "id": "node/10972431022"
    },
    {
      "type": "Feature",
      "properties": {
        "@id": "node/10972450717",
        "amenity": "restaurant",
        "cuisine": "indonesian",
        "diet:beef": "yes",
        "diet:halal": "yes",
        "name": "Soto Sapi Pak Ngadiran"
      },
      "geometry": {
        "type": "Point",
        "coordinates": [
          110.3868662,
          -7.7632427
        ]
      },
      "id": "node/10972450717"
    },
    {
      "type": "Feature",
      "properties": {
        "@id": "node/10977124705",
        "amenity": "restaurant",
        "name": "ayam goreng bu tini"
      },
      "geometry": {
        "type": "Point",
        "coordinates": [
          110.3736936,
          -7.8013633
        ]
      },
      "id": "node/10977124705"
    },
    {
      "type": "Feature",
      "properties": {
        "@id": "node/10977148005",
        "amenity": "restaurant",
        "name": "sate padang naj sharil"
      },
      "geometry": {
        "type": "Point",
        "coordinates": [
          110.3748664,
          -7.8017191
        ]
      },
      "id": "node/10977148005"
    },
    {
      "type": "Feature",
      "properties": {
        "@id": "node/10988274486",
        "amenity": "restaurant",
        "name": "Soto Ijo Monjali",
        "phone": "+62 812-8595-9646"
      },
      "geometry": {
        "type": "Point",
        "coordinates": [
          110.3629017,
          -7.7864755
        ]
      },
      "id": "node/10988274486"
    },
    {
      "type": "Feature",
      "properties": {
        "@id": "node/10991304907",
        "addr:housenumber": "KM 10",
        "addr:street": "Jalan Magelang",
        "amenity": "restaurant",
        "name": "Soto17",
        "outdoor_seating": "yes"
      },
      "geometry": {
        "type": "Point",
        "coordinates": [
          110.3578657,
          -7.7122291
        ]
      },
      "id": "node/10991304907"
    },
    {
      "type": "Feature",
      "properties": {
        "@id": "node/10991475063",
        "amenity": "restaurant",
        "name": "Bobob Chicken Rice Box",
        "opening_hours": "Mo-Su 09:30-21:30"
      },
      "geometry": {
        "type": "Point",
        "coordinates": [
          110.4107364,
          -7.7598288
        ]
      },
      "id": "node/10991475063"
    },
    {
      "type": "Feature",
      "properties": {
        "@id": "node/10993753082",
        "amenity": "restaurant",
        "contact:whatsapp": "+62 896-5505-5855",
        "delivery": "yes",
        "indoor_seating": "yes",
        "name": "Soto Betawi Pak Bagus",
        "opening_hours": "Mo-Fr 06:00-18:00; Sa, Su 06:00-20:00",
        "toilets": "no"
      },
      "geometry": {
        "type": "Point",
        "coordinates": [
          110.4784308,
          -7.7362409
        ]
      },
      "id": "node/10993753082"
    },
    {
      "type": "Feature",
      "properties": {
        "@id": "node/10997234146",
        "amenity": "restaurant",
        "name": "Karta"
      },
      "geometry": {
        "type": "Point",
        "coordinates": [
          110.3659244,
          -7.7935918
        ]
      },
      "id": "node/10997234146"
    },
    {
      "type": "Feature",
      "properties": {
        "@id": "node/11010186927",
        "amenity": "restaurant",
        "contact:instagram": "menoreh_view",
        "contact:whatsapp": "+62 877-2234-5101",
        "name": "Geblek Menoreh View",
        "opening_hours": "Mo-Su 07:00-19:00",
        "outdoor_seating": "yes",
        "toilets": "yes"
      },
      "geometry": {
        "type": "Point",
        "coordinates": [
          110.2060595,
          -7.7495962
        ]
      },
      "id": "node/11010186927"
    },
    {
      "type": "Feature",
      "properties": {
        "@id": "node/11022897731",
        "alt_name": "Nasi Goreng Abi Mecca",
        "amenity": "restaurant",
        "cuisine": "indonesian;noodle",
        "name": "Nasi Goreng Sedap Malam",
        "opening_hours": "Mo-Su 15:30-23:00"
      },
      "geometry": {
        "type": "Point",
        "coordinates": [
          110.4491764,
          -7.7510632
        ]
      },
      "id": "node/11022897731"
    },
    {
      "type": "Feature",
      "properties": {
        "@id": "node/11047637958",
        "amenity": "restaurant",
        "name": "5758 Mie Ayam Ceker"
      },
      "geometry": {
        "type": "Point",
        "coordinates": [
          110.3786863,
          -7.7804403
        ]
      },
      "id": "node/11047637958"
    },
    {
      "type": "Feature",
      "properties": {
        "@id": "node/11048033106",
        "addr:housenumber": "93",
        "addr:street": "Jalan Jogja Ringroad Selatan",
        "alt_name": "Kampung Mataraman",
        "amenity": "restaurant",
        "changing_table": "no",
        "contact:instagram": "kampoengmataraman",
        "contact:tiktok": "kampoengmataraman",
        "contact:whatsapp": "+62 813-8644-0140",
        "cuisine": "indonesian",
        "name": "Kampoeng Mataraman",
        "opening_hours": "Tu-Su 22:00-10:00",
        "outdoor_seating": "yes",
        "phone": "+62 813-8644-0140",
        "reservation": "yes",
        "smoking": "no",
        "toilets": "yes",
        "toilets:access": "customers",
        "toilets:wheelchair": "yes",
        "wheelchair": "yes"
      },
      "geometry": {
        "type": "Point",
        "coordinates": [
          110.3620125,
          -7.8359289
        ]
      },
      "id": "node/11048033106"
    },
    {
      "type": "Feature",
      "properties": {
        "@id": "node/11061571005",
        "amenity": "restaurant",
        "cuisine": "breakfast;burger",
        "name": "Zabunch"
      },
      "geometry": {
        "type": "Point",
        "coordinates": [
          110.3728174,
          -7.8193413
        ]
      },
      "id": "node/11061571005"
    },
    {
      "type": "Feature",
      "properties": {
        "@id": "node/11074490762",
        "amenity": "restaurant",
        "name": "Soto & Angkringan Pawon Mbak Tutik"
      },
      "geometry": {
        "type": "Point",
        "coordinates": [
          110.433049,
          -7.6652815
        ]
      },
      "id": "node/11074490762"
    },
    {
      "type": "Feature",
      "properties": {
        "@id": "node/11093253687",
        "amenity": "restaurant",
        "branch": "Sleman",
        "contact:facebook": "https://www.facebook.com/cimoll.sleman",
        "contact:instagram": "cimollrestosleman",
        "contact:whatsapp": "+62 878-3900-5111",
        "internet_access": "wlan",
        "internet_access:fee": "no",
        "internet_access:ssid": "Cimoll Resto Sleman",
        "name": "Cimoll Resto",
        "opening_hours": "Mo-Su 10:00-21:00",
        "phone": "+62 878-3900-5111",
        "website": "https://linktr.ee/cimollrestosleman"
      },
      "geometry": {
        "type": "Point",
        "coordinates": [
          110.3992044,
          -7.7356692
        ]
      },
      "id": "node/11093253687"
    },
    {
      "type": "Feature",
      "properties": {
        "@id": "node/11097142921",
        "amenity": "restaurant",
        "contact:facebook": "https://www.facebook.com/LazortaDurian",
        "contact:instagram": "Lazorta_Durian",
        "contact:tiktok": "lazortadurian",
        "cuisine": "indonesian",
        "description": "Makanan, minuman & olahan durian",
        "internet_access": "wlan",
        "internet_access:fee": "no",
        "internet_access:ssid": "LAZORTA DURIAN",
        "name": "Lazorta Durian",
        "outdoor_seating": "yes"
      },
      "geometry": {
        "type": "Point",
        "coordinates": [
          110.362104,
          -7.7606996
        ]
      },
      "id": "node/11097142921"
    },
    {
      "type": "Feature",
      "properties": {
        "@id": "node/11150179717",
        "addr:street": "Jalan Laksada Adi Sucipto",
        "amenity": "restaurant",
        "name": "Pempek & Siomay Ulu Banjar",
        "phone": "+62 274-3015015"
      },
      "geometry": {
        "type": "Point",
        "coordinates": [
          110.4016217,
          -7.7833808
        ]
      },
      "id": "node/11150179717"
    },
    {
      "type": "Feature",
      "properties": {
        "@id": "node/11155369083",
        "alt_name": "Bakso Urat & Mie Ayam Wonogiri Pak AB",
        "amenity": "restaurant",
        "contact:whatsapp": "+62 818-0278-3100",
        "name": "Warmindo Kampus",
        "phone": "+62 818-0278-3100",
        "toilets": "yes"
      },
      "geometry": {
        "type": "Point",
        "coordinates": [
          110.4493991,
          -7.7755709
        ]
      },
      "id": "node/11155369083"
    },
    {
      "type": "Feature",
      "properties": {
        "@id": "node/11155453215",
        "amenity": "restaurant",
        "contact:facebook": "https://www.facebook.com/BuburHayamKotabaru",
        "contact:instagram": "buburhayam",
        "contact:twitter": "@buburhayam",
        "contact:whatsapp": "+62 896-7477-6888",
        "name": "Bubur Hayam Kotabaru",
        "phone": "+62 896-7477-6888"
      },
      "geometry": {
        "type": "Point",
        "coordinates": [
          110.4227284,
          -7.7597504
        ]
      },
      "id": "node/11155453215"
    },
    {
      "type": "Feature",
      "properties": {
        "@id": "node/11166883910",
        "amenity": "restaurant",
        "contact:instagram": "seafood99mbahdjo",
        "contact:whatsapp": "+62 856-0209-0023",
        "name": "Sea Food 99 Mbah Djo",
        "opening_hours": "Mo-Th, Sa, Su 10:00-21:00; Fr 13:00-21:00",
        "phone": "+62 856-0209-0023"
      },
      "geometry": {
        "type": "Point",
        "coordinates": [
          110.4740281,
          -7.7348254
        ]
      },
      "id": "node/11166883910"
    },
    {
      "type": "Feature",
      "properties": {
        "@id": "node/11195448202",
        "amenity": "restaurant",
        "description": "Special hot plate",
        "name": "Warung Makan Ika"
      },
      "geometry": {
        "type": "Point",
        "coordinates": [
          110.3983322,
          -7.7579156
        ]
      },
      "id": "node/11195448202"
    },
    {
      "type": "Feature",
      "properties": {
        "@id": "node/11195655967",
        "amenity": "restaurant",
        "name": "Kobessah"
      },
      "geometry": {
        "type": "Point",
        "coordinates": [
          110.3968226,
          -7.7577181
        ]
      },
      "id": "node/11195655967"
    },
    {
      "type": "Feature",
      "properties": {
        "@id": "node/11207963337",
        "addr:street": "Jalan Pangeran Puger V",
        "amenity": "restaurant",
        "name": "Soto Ayam Pak Wid Pugeran",
        "phone": "087705561591"
      },
      "geometry": {
        "type": "Point",
        "coordinates": [
          110.4214677,
          -7.7659019
        ]
      },
      "id": "node/11207963337"
    },
    {
      "type": "Feature",
      "properties": {
        "@id": "node/11209910437",
        "addr:street": "Jalan Pangeran Puger II",
        "amenity": "restaurant",
        "cuisine": "chicken;fish;friture;noodles",
        "name": "Warung Geprek \"Laisya\"",
        "phone": "085869627245"
      },
      "geometry": {
        "type": "Point",
        "coordinates": [
          110.4215395,
          -7.7653885
        ]
      },
      "id": "node/11209910437"
    },
    {
      "type": "Feature",
      "properties": {
        "@id": "node/11215128537",
        "amenity": "restaurant",
        "name": "Warung Soto & Penyetan Bu Dewi"
      },
      "geometry": {
        "type": "Point",
        "coordinates": [
          110.4206334,
          -7.7644443
        ]
      },
      "id": "node/11215128537"
    },
    {
      "type": "Feature",
      "properties": {
        "@id": "node/11215128637",
        "amenity": "restaurant",
        "name": "Warung Makan Mbah Sayini"
      },
      "geometry": {
        "type": "Point",
        "coordinates": [
          110.4204935,
          -7.7647964
        ]
      },
      "id": "node/11215128637"
    },
    {
      "type": "Feature",
      "properties": {
        "@id": "node/11215128737",
        "amenity": "restaurant",
        "name": "Warmindo Cafe Doa Ibu"
      },
      "geometry": {
        "type": "Point",
        "coordinates": [
          110.4196243,
          -7.7666942
        ]
      },
      "id": "node/11215128737"
    },
    {
      "type": "Feature",
      "properties": {
        "@id": "node/11225132822",
        "amenity": "restaurant",
        "contact:whatsapp": "+62 887-3052-6555",
        "name": "Warung Makan Lesehan Bu Bono",
        "phone": "+62 887-3052-6555"
      },
      "geometry": {
        "type": "Point",
        "coordinates": [
          110.2069735,
          -7.7528765
        ]
      },
      "id": "node/11225132822"
    },
    {
      "type": "Feature",
      "properties": {
        "@id": "node/11228498822",
        "amenity": "restaurant",
        "name": "Geblek Pari"
      },
      "geometry": {
        "type": "Point",
        "coordinates": [
          110.2058542,
          -7.7458118
        ]
      },
      "id": "node/11228498822"
    },
    {
      "type": "Feature",
      "properties": {
        "@id": "node/11228544484",
        "amenity": "restaurant",
        "contact:instagram": "mahaloka_paradise",
        "contact:whatsapp": "+62 812-2845-0800",
        "name": "Mahaloka Paradise",
        "phone": "+62 812-2845-0800"
      },
      "geometry": {
        "type": "Point",
        "coordinates": [
          110.2060139,
          -7.7473426
        ]
      },
      "id": "node/11228544484"
    },
    {
      "type": "Feature",
      "properties": {
        "@id": "node/11228814666",
        "addr:street": "Jalan Godean",
        "amenity": "restaurant",
        "changing_table": "no",
        "cuisine": "indon",
        "highchair": "no",
        "internet_access": "no",
        "kids_area": "no",
        "name": "Bakso & Mie Ayam Pak Bagong",
        "opening_hours": "Mo-Su 10:00-20:30",
        "outdoor_seating": "yes",
        "toilets": "yes",
        "toilets:access": "permissive",
        "toilets:wheelchair": "limited",
        "wheelchair": "limited"
      },
      "geometry": {
        "type": "Point",
        "coordinates": [
          110.2280582,
          -7.7525904
        ]
      },
      "id": "node/11228814666"
    },
    {
      "type": "Feature",
      "properties": {
        "@id": "node/11245420374",
        "amenity": "restaurant",
        "internet_access": "wlan",
        "internet_access:fee": "no",
        "internet_access:ssid": "KEMBANG LANGIT",
        "name": "Kedai Kuliner Kembang Langit",
        "outdoor_seating": "yes"
      },
      "geometry": {
        "type": "Point",
        "coordinates": [
          110.2045843,
          -7.7519855
        ]
      },
      "id": "node/11245420374"
    },
    {
      "type": "Feature",
      "properties": {
        "@id": "node/11302214993",
        "amenity": "restaurant",
        "internet_access": "wlan",
        "internet_access:fee": "no",
        "internet_access:ssid": "WARMINDO",
        "name": "Warmindo Barokah 37",
        "opening_hours": "24/7"
      },
      "geometry": {
        "type": "Point",
        "coordinates": [
          110.4531555,
          -7.7515229
        ]
      },
      "id": "node/11302214993"
    },
    {
      "type": "Feature",
      "properties": {
        "@id": "node/11323123168",
        "addr:city": "Yogyakarta",
        "addr:district": "Mergangsan",
        "addr:housenumber": "43",
        "addr:postcode": "55153",
        "addr:street": "Jl. Prawirotaman",
        "air_conditioning": "no",
        "amenity": "restaurant",
        "bar": "yes",
        "capacity": "75",
        "cuisine": "international;indonesian;mexican",
        "diet:vegan": "yes",
        "diet:vegetarian": "yes",
        "email": "info@easygroovy.com",
        "highchair": "yes",
        "internet_access": "wlan",
        "internet_access:fee": "no",
        "internet_access:ssid": "Easy Groovy",
        "name": "Easy Groovy",
        "opening_hours": "Mo-Su 11:00-01:00",
        "outdoor_seating": "yes",
        "payment:account_cards": "yes",
        "payment:cards": "yes",
        "payment:cash": "yes",
        "payment:maestro": "no",
        "payment:mastercard": "yes",
        "payment:visa": "yes",
        "payment:visa_debit": "yes",
        "phone": "+62 2744284123",
        "reservation": "yes",
        "takeaway": "yes",
        "toilets": "yes",
        "toilets:wheelchair": "no",
        "website": "https://easygroovy.com",
        "website:menu": "https://easygroovy.com/index.php/menu/",
        "wheelchair": "limited"
      },
      "geometry": {
        "type": "Point",
        "coordinates": [
          110.3724886,
          -7.8193036
        ]
      },
      "id": "node/11323123168"
    },
    {
      "type": "Feature",
      "properties": {
        "@id": "node/11340804603",
        "amenity": "restaurant",
        "cuisine": "indonesian",
        "name": "Kedai Zerosix",
        "outdoor_seating": "yes",
        "toilets": "no",
        "wheelchair": "yes"
      },
      "geometry": {
        "type": "Point",
        "coordinates": [
          110.4807103,
          -7.7535664
        ]
      },
      "id": "node/11340804603"
    },
    {
      "type": "Feature",
      "properties": {
        "@id": "node/11340816050",
        "amenity": "restaurant",
        "cuisine": "indonesian",
        "name": "Kedai Makan Bu Eka"
      },
      "geometry": {
        "type": "Point",
        "coordinates": [
          110.4802564,
          -7.753557
        ]
      },
      "id": "node/11340816050"
    },
    {
      "type": "Feature",
      "properties": {
        "@id": "node/11341299969",
        "amenity": "restaurant",
        "cuisine": "noodle",
        "name": "Mie Ayam Palembang Afui"
      },
      "geometry": {
        "type": "Point",
        "coordinates": [
          110.4164129,
          -7.7800091
        ]
      },
      "id": "node/11341299969"
    },
    {
      "type": "Feature",
      "properties": {
        "@id": "node/11342740669",
        "amenity": "restaurant",
        "cuisine": "noodle",
        "name": "Mie Ayam \"Pak Mu'in\""
      },
      "geometry": {
        "type": "Point",
        "coordinates": [
          110.4237763,
          -7.7707386
        ]
      },
      "id": "node/11342740669"
    },
    {
      "type": "Feature",
      "properties": {
        "@id": "node/11361895070",
        "amenity": "restaurant",
        "internet_access": "wlan",
        "name": "Rumah Makan Padang Murah"
      },
      "geometry": {
        "type": "Point",
        "coordinates": [
          110.4129782,
          -7.7741349
        ]
      },
      "id": "node/11361895070"
    },
    {
      "type": "Feature",
      "properties": {
        "@id": "node/11383565855",
        "amenity": "restaurant",
        "internet_access": "wlan",
        "internet_access:fee": "no",
        "name": "Rumah Makan Padang Pandega"
      },
      "geometry": {
        "type": "Point",
        "coordinates": [
          110.3490509,
          -7.7439621
        ]
      },
      "id": "node/11383565855"
    },
    {
      "type": "Feature",
      "properties": {
        "@id": "node/11385756369",
        "amenity": "restaurant",
        "name": "Pedas api"
      },
      "geometry": {
        "type": "Point",
        "coordinates": [
          110.3678489,
          -7.8145177
        ]
      },
      "id": "node/11385756369"
    },
    {
      "type": "Feature",
      "properties": {
        "@id": "node/11387828070",
        "amenity": "restaurant",
        "name": "SS special sambal. Pedas Aibis"
      },
      "geometry": {
        "type": "Point",
        "coordinates": [
          110.4087384,
          -7.77956
        ]
      },
      "id": "node/11387828070"
    },
    {
      "type": "Feature",
      "properties": {
        "@id": "node/11403143691",
        "addr:housenumber": "139",
        "addr:street": "Jalan Garuda",
        "amenity": "restaurant",
        "name": "Bakmi Pur",
        "outdoor_seating": "yes",
        "phone": "+62 878-3956-5949"
      },
      "geometry": {
        "type": "Point",
        "coordinates": [
          110.363881,
          -7.7484163
        ]
      },
      "id": "node/11403143691"
    },
    {
      "type": "Feature",
      "properties": {
        "@id": "node/11403202914",
        "amenity": "restaurant",
        "name": "Hooflah"
      },
      "geometry": {
        "type": "Point",
        "coordinates": [
          110.3639226,
          -7.7483117
        ]
      },
      "id": "node/11403202914"
    },
    {
      "type": "Feature",
      "properties": {
        "@id": "node/11413636371",
        "addr:housenumber": "24",
        "addr:street": "Jalan Candi Sambisari",
        "amenity": "restaurant",
        "name": "Soto Lamongan Cak Edy",
        "start_date": "2020"
      },
      "geometry": {
        "type": "Point",
        "coordinates": [
          110.4473182,
          -7.7647319
        ]
      },
      "id": "node/11413636371"
    },
    {
      "type": "Feature",
      "properties": {
        "@id": "node/11413914327",
        "amenity": "restaurant",
        "internet_access": "wlan",
        "internet_access:ssid": "Cafengan Timur;WarCaf Timur",
        "name": "Warmindo Cafengan"
      },
      "geometry": {
        "type": "Point",
        "coordinates": [
          110.4750836,
          -7.7345023
        ]
      },
      "id": "node/11413914327"
    },
    {
      "type": "Feature",
      "properties": {
        "@id": "node/11416411347",
        "addr:housenumber": "100",
        "addr:street": "Jalan Bugisan Selatan",
        "amenity": "restaurant",
        "email": "durianbaksogoda@gmail.com",
        "name": "Bakso & Durian Goda",
        "smoking": "no"
      },
      "geometry": {
        "type": "Point",
        "coordinates": [
          110.3473846,
          -7.8219374
        ]
      },
      "id": "node/11416411347"
    },
    {
      "type": "Feature",
      "properties": {
        "@id": "node/11424776115",
        "addr:city": "Yogyakarta",
        "addr:postcode": "55223",
        "addr:street": "Terban GK5/ 672B RT 24 RW 05",
        "amenity": "restaurant",
        "cuisine": "ayam_geprek",
        "name": "Geprek Bang Vijay",
        "opening_hours": "24/7",
        "phone": "+628170434177"
      },
      "geometry": {
        "type": "Point",
        "coordinates": [
          110.3702326,
          -7.7806951
        ]
      },
      "id": "node/11424776115"
    },
    {
      "type": "Feature",
      "properties": {
        "@id": "node/11451288965",
        "amenity": "restaurant",
        "name": "Stairs"
      },
      "geometry": {
        "type": "Point",
        "coordinates": [
          110.3697009,
          -7.8191368
        ]
      },
      "id": "node/11451288965"
    },
    {
      "type": "Feature",
      "properties": {
        "@id": "node/11461710786",
        "amenity": "restaurant",
        "name": "Warmindo Geulis"
      },
      "geometry": {
        "type": "Point",
        "coordinates": [
          110.4208228,
          -7.7371536
        ]
      },
      "id": "node/11461710786"
    },
    {
      "type": "Feature",
      "properties": {
        "@id": "node/11472558840",
        "amenity": "restaurant",
        "contact:instagram": "burjoborneo",
        "name": "Burjo Borneo"
      },
      "geometry": {
        "type": "Point",
        "coordinates": [
          110.4228382,
          -7.7599171
        ]
      },
      "id": "node/11472558840"
    },
    {
      "type": "Feature",
      "properties": {
        "@id": "node/11482624823",
        "amenity": "restaurant",
        "branch": "Babarsari;Cabang 3",
        "contact:instagram": "borneobabarsari",
        "description": "Warung burjo terbaik, terbesar, dan terlengkap di Jogja",
        "internet_access": "wlan",
        "internet_access:fee": "no",
        "internet_access:ssid": "Burjo Borneo",
        "name": "Burjo Borneo",
        "opening_hours": "24/7",
        "outdoor_seating": "yes",
        "payment:cash": "yes",
        "payment:gpn_qris": "yes",
        "phone": "+62 812-8253-2020",
        "smoking": "yes",
        "toilets": "yes",
        "toilets:access": "customers",
        "website": "https://burjoborneo.com"
      },
      "geometry": {
        "type": "Point",
        "coordinates": [
          110.417267,
          -7.7750801
        ]
      },
      "id": "node/11482624823"
    },
    {
      "type": "Feature",
      "properties": {
        "@id": "node/11494776908",
        "amenity": "restaurant",
        "name": "Nasi Goreng Sedap Malam Khas Tegal",
        "opening_hours": "Mo-Su 17:00-23:00",
        "takeaway": "yes"
      },
      "geometry": {
        "type": "Point",
        "coordinates": [
          110.3922977,
          -7.7810265
        ]
      },
      "id": "node/11494776908"
    },
    {
      "type": "Feature",
      "properties": {
        "@id": "node/11496010974",
        "amenity": "restaurant",
        "cuisine": "indonesian",
        "name": "Bedjo Mie Ayam Bakso Batas Kota",
        "opening_hours": "Mo,We-Sa 09:00-21:30; Su 09:30-21:30; Tu 09:00-19:30",
        "takeaway": "yes"
      },
      "geometry": {
        "type": "Point",
        "coordinates": [
          110.3906683,
          -7.782962
        ]
      },
      "id": "node/11496010974"
    },
    {
      "type": "Feature",
      "properties": {
        "@id": "node/11496010975",
        "amenity": "restaurant",
        "cuisine": "japanese",
        "name": "House of Moragi ( Moragi Mentai )",
        "opening_hours": "Mo-Su 13:00-21:00"
      },
      "geometry": {
        "type": "Point",
        "coordinates": [
          110.392297,
          -7.7810748
        ]
      },
      "id": "node/11496010975"
    },
    {
      "type": "Feature",
      "properties": {
        "@id": "node/11496076893",
        "amenity": "restaurant",
        "cuisine": "chicken",
        "name": "Rocket Chicken Niten Kasongan",
        "opening_hours": "Mo-Su 09:00-21:00"
      },
      "geometry": {
        "type": "Point",
        "coordinates": [
          110.343601,
          -7.8487276
        ]
      },
      "id": "node/11496076893"
    },
    {
      "type": "Feature",
      "properties": {
        "@id": "node/11499461189",
        "amenity": "restaurant",
        "contact:instagram": "burjoborneotimoho",
        "internet_access": "wlan",
        "internet_access:fee": "no",
        "internet_access:ssid": "Burjo Borneo Timoho",
        "name": "Burjo Borneo",
        "opening_hours": "24/7",
        "toilets": "yes",
        "toilets:access": "customers",
        "website": "https://burjoborneo.com"
      },
      "geometry": {
        "type": "Point",
        "coordinates": [
          110.3933976,
          -7.789082
        ]
      },
      "id": "node/11499461189"
    },
    {
      "type": "Feature",
      "properties": {
        "@id": "node/11513798801",
        "amenity": "restaurant",
        "branch": "Temanggung",
        "contact:instagram": "lukitojogja",
        "cuisine": "indonesian",
        "kids_area:indoor": "yes",
        "name": "Rumah Makan Lukito",
        "outdoor_seating": "yes",
        "short_name": "RM Lukito"
      },
      "geometry": {
        "type": "Point",
        "coordinates": [
          110.4281183,
          -7.7514272
        ]
      },
      "id": "node/11513798801"
    },
    {
      "type": "Feature",
      "properties": {
        "@id": "node/11527843710",
        "amenity": "restaurant",
        "branch": "UII",
        "changing_table": "no",
        "cuisine": "indonesian;noodle",
        "highchair": "no",
        "internet_access": "wlan",
        "internet_access:fee": "no",
        "internet_access:ssid": "Burjo Borneo UII",
        "kids_area": "no",
        "name": "Burjo Borneo",
        "smoking": "yes",
        "takeaway": "yes",
        "toilets": "yes",
        "toilets:access": "customers",
        "toilets:wheelchair": "limited",
        "wheelchair": "limited"
      },
      "geometry": {
        "type": "Point",
        "coordinates": [
          110.4092275,
          -7.6916913
        ]
      },
      "id": "node/11527843710"
    },
    {
      "type": "Feature",
      "properties": {
        "@id": "node/11527936002",
        "addr:street": "Gang Godel",
        "amenity": "restaurant",
        "contact:instagram": "reneacoffee",
        "contact:whatsapp": "+62 878-0876-0693",
        "name": "Renea Coffee & Eatery",
        "opening_hours": "Mo-Su 09:00-01:00",
        "phone": "+62 831-3190-8222",
        "short_name": "Renea"
      },
      "geometry": {
        "type": "Point",
        "coordinates": [
          110.4156479,
          -7.6900554
        ]
      },
      "id": "node/11527936002"
    },
    {
      "type": "Feature",
      "properties": {
        "@id": "node/11539921957",
        "alt_name": "Om Bob Food Theater",
        "amenity": "restaurant",
        "branch": "Maguwoharjo",
        "changing_table": "no",
        "cuisine": "indonesian;noodle;smoothie",
        "highchair": "yes",
        "kids_area:outdoor": "yes",
        "name": "Om Bob Susu & Roti Bakar",
        "operator": "Juwara Group",
        "smoking": "no",
        "toilets": "yes",
        "toilets:access": "customers",
        "toilets:wheelchair": "no",
        "wheelchair": "limited"
      },
      "geometry": {
        "type": "Point",
        "coordinates": [
          110.4342739,
          -7.7488547
        ]
      },
      "id": "node/11539921957"
    },
    {
      "type": "Feature",
      "properties": {
        "@id": "node/11539931914",
        "amenity": "restaurant",
        "contact:instagram": "pepperskul.id",
        "name": "Pepper Skul"
      },
      "geometry": {
        "type": "Point",
        "coordinates": [
          110.4342096,
          -7.7488588
        ]
      },
      "id": "node/11539931914"
    },
    {
      "type": "Feature",
      "properties": {
        "@id": "node/11546563533",
        "amenity": "restaurant",
        "name": "Kantin BBPPMPV Seni Budaya"
      },
      "geometry": {
        "type": "Point",
        "coordinates": [
          110.4273371,
          -7.6993016
        ]
      },
      "id": "node/11546563533"
    },
    {
      "type": "Feature",
      "properties": {
        "@id": "node/11549935423",
        "amenity": "restaurant",
        "name": "RM Kaki Gunung"
      },
      "geometry": {
        "type": "Point",
        "coordinates": [
          110.4236465,
          -7.6493562
        ]
      },
      "id": "node/11549935423"
    },
    {
      "type": "Feature",
      "properties": {
        "@id": "node/11554875567",
        "amenity": "restaurant",
        "name": "La Li Sa Farmer's Village"
      },
      "geometry": {
        "type": "Point",
        "coordinates": [
          110.2412568,
          -7.8202952
        ]
      },
      "id": "node/11554875567"
    },
    {
      "type": "Feature",
      "properties": {
        "@id": "node/11554886401",
        "amenity": "restaurant",
        "name": "Kopi Gamol"
      },
      "geometry": {
        "type": "Point",
        "coordinates": [
          110.2943065,
          -7.8067446
        ]
      },
      "id": "node/11554886401"
    },
    {
      "type": "Feature",
      "properties": {
        "@id": "node/11554890111",
        "amenity": "restaurant",
        "name": "Nasi Gandul Bu RT"
      },
      "geometry": {
        "type": "Point",
        "coordinates": [
          110.3727087,
          -7.7516991
        ]
      },
      "id": "node/11554890111"
    },
    {
      "type": "Feature",
      "properties": {
        "@id": "node/11571959954",
        "amenity": "restaurant",
        "name": "Rumah Makan \"Kondang Jaya\""
      },
      "geometry": {
        "type": "Point",
        "coordinates": [
          110.365046,
          -7.7962566
        ]
      },
      "id": "node/11571959954"
    },
    {
      "type": "Feature",
      "properties": {
        "@id": "node/11575977403",
        "addr:street": "Jalan Kyai Haji Wahid Hasyim",
        "amenity": "restaurant",
        "branch": "Wahid Hasyim",
        "contact:instagram": "burjoborneobolodewo",
        "contact:whatsapp": "+62 812-8253-2020",
        "internet_access": "wlan",
        "internet_access:fee": "no",
        "internet_access:ssid": "Burjo Borneo Wahid Hasyim",
        "name": "Burjo Borneo",
        "opening_hours": "24/7",
        "outdoor_seating": "yes",
        "toilets": "yes",
        "toilets:access": "customers",
        "website": "https://burjoborneo.com"
      },
      "geometry": {
        "type": "Point",
        "coordinates": [
          110.4024415,
          -7.7665143
        ]
      },
      "id": "node/11575977403"
    },
    {
      "type": "Feature",
      "properties": {
        "@id": "node/11581714612",
        "addr:street": "Jalan Selokan Mataram",
        "amenity": "restaurant",
        "contact:whatsapp": "+62 877-1591-2361",
        "delivery": "yes",
        "name": "Waroeng Sawah",
        "opening_hours": "Mo-Su 07:00-21:00",
        "outdoor_seating": "yes",
        "phone": "+62 877-1591-2361",
        "reservation": "yes",
        "start_date": "2010",
        "toilets": "yes",
        "toilets:access": "customers"
      },
      "geometry": {
        "type": "Point",
        "coordinates": [
          110.4596936,
          -7.7684791
        ]
      },
      "id": "node/11581714612"
    },
    {
      "type": "Feature",
      "properties": {
        "@id": "node/11586499597",
        "amenity": "restaurant",
        "branch": "Mrican",
        "internet_access": "wlan",
        "internet_access:fee": "no",
        "internet_access:ssid": "Burjo Borneo Mrican",
        "name": "Burjo Borneo",
        "toilets": "yes",
        "toilets:access": "customers",
        "website": "https://burjoborneo.com"
      },
      "geometry": {
        "type": "Point",
        "coordinates": [
          110.3921363,
          -7.7757556
        ]
      },
      "id": "node/11586499597"
    },
    {
      "type": "Feature",
      "properties": {
        "@id": "node/11655481089",
        "addr:city": "Kabupaten Bantul",
        "addr:postcode": "55188",
        "addr:street": "Jl. KH. Ali Maksum RT 06, Pandes, Panggungharjo, Kec. Sewon",
        "amenity": "restaurant",
        "cuisine": "chicken;indonesian",
        "name": "Doyan Ayam Sewon, Yogyakarta"
      },
      "geometry": {
        "type": "Point",
        "coordinates": [
          110.3567412,
          -7.8413886
        ]
      },
      "id": "node/11655481089"
    },
    {
      "type": "Feature",
      "properties": {
        "@id": "node/11684684569",
        "addr:housenumber": "71",
        "addr:street": "Jalan Prawirotaman 2",
        "amenity": "restaurant",
        "branch": "Prawirotaman",
        "changing_table": "no",
        "contact:instagram": "tjemara.noodlebar",
        "contact:whatsapp": "+62 812-8245-2677",
        "cuisine": "noodle",
        "delivery": "yes",
        "highchair": "no",
        "internet_access": "no",
        "kids_area": "no",
        "name": "Tjemara Noodle Bar",
        "opening_hours": "Mo-Su 10:00-21:45",
        "outdoor_seating": "yes",
        "phone": "+62 812-8245-2677",
        "reservation": "yes",
        "smoking": "no",
        "takeaway": "yes",
        "toilets": "yes",
        "toilets:access": "customers",
        "toilets:wheelchair": "limited",
        "website": "https://esborder.qs.esb.co.id/BNT/TNBPR/",
        "wheelchair": "limited"
      },
      "geometry": {
        "type": "Point",
        "coordinates": [
          110.3707153,
          -7.8199821
        ]
      },
      "id": "node/11684684569"
    },
    {
      "type": "Feature",
      "properties": {
        "@id": "node/11736739494",
        "addr:street": "Jalan Solo",
        "amenity": "restaurant",
        "internet_access": "wlan",
        "internet_access:fee": "no",
        "internet_access:ssid": "Burjo Loro",
        "name": "Burjo Loro",
        "opening_hours": "24/7",
        "operator": "Gochi Group",
        "outdoor_seating": "yes",
        "toilets": "yes",
        "toilets:access": "customers"
      },
      "geometry": {
        "type": "Point",
        "coordinates": [
          110.4640874,
          -7.7740418
        ]
      },
      "id": "node/11736739494"
    },
    {
      "type": "Feature",
      "properties": {
        "@id": "node/11807118822",
        "addr:street": "Jalan Kaliurang",
        "amenity": "restaurant",
        "changing_table": "no",
        "contact:instagram": "bakmikadin1947",
        "cuisine": "noodle",
        "internet_access": "wlan",
        "internet_access:fee": "no",
        "internet_access:ssid": "Bakmi Kadin Extended",
        "kids_area": "no",
        "name": "Bakmi & Bajigur Kadin",
        "phone": "+62 859-7488-2800",
        "toilets": "yes",
        "toilets:access": "customers",
        "wheelchair": "no"
      },
      "geometry": {
        "type": "Point",
        "coordinates": [
          110.4175525,
          -7.6768974
        ]
      },
      "id": "node/11807118822"
    },
    {
      "type": "Feature",
      "properties": {
        "@id": "node/11822339754",
        "amenity": "restaurant",
        "name": "Joffi Ramen"
      },
      "geometry": {
        "type": "Point",
        "coordinates": [
          110.3709022,
          -7.8200049
        ]
      },
      "id": "node/11822339754"
    },
    {
      "type": "Feature",
      "properties": {
        "@id": "node/11824674203",
        "addr:city": "Yogyakarta",
        "addr:housenumber": "75",
        "addr:postcode": "55143",
        "addr:street": "Jalan Parangtritis",
        "amenity": "restaurant",
        "cuisine": "asian;indonesian",
        "name": "Jawa Timur Resto",
        "opening_hours": "Mo-Su 08:00-23:00",
        "phone": "+62274386719",
        "takeaway": "yes"
      },
      "geometry": {
        "type": "Point",
        "coordinates": [
          110.3681857,
          -7.8189366
        ]
      },
      "id": "node/11824674203"
    },
    {
      "type": "Feature",
      "properties": {
        "@id": "node/11873201553",
        "amenity": "restaurant",
        "name": "Dapur Sambal"
      },
      "geometry": {
        "type": "Point",
        "coordinates": [
          110.3663213,
          -7.8031499
        ]
      },
      "id": "node/11873201553"
    },
    {
      "type": "Feature",
      "properties": {
        "@id": "node/11896716909",
        "addr:housenumber": "8",
        "addr:street": "Jalan Sidokabul",
        "amenity": "restaurant",
        "name": "Roka Ramen",
        "name:ja": "ろか",
        "opening_hours": "Mo-Su 11:00-22:00",
        "phone": "+62 851-7303-8044",
        "takeaway": "yes",
        "toilets": "yes",
        "toilets:access": "customers",
        "website": "https://quinos.id/menu#/order/rokaramen/"
      },
      "geometry": {
        "type": "Point",
        "coordinates": [
          110.3811809,
          -7.8173421
        ]
      },
      "id": "node/11896716909"
    },
    {
      "type": "Feature",
      "properties": {
        "@id": "node/11896724367",
        "amenity": "restaurant",
        "description": "Angkringan & bakmi jawa",
        "name": "Omah Lawas Bu Tri"
      },
      "geometry": {
        "type": "Point",
        "coordinates": [
          110.4821646,
          -7.7377556
        ]
      },
      "id": "node/11896724367"
    },
    {
      "type": "Feature",
      "properties": {
        "@id": "node/11926125171",
        "addr:city": "Yogyakarta",
        "addr:district": "Sleman",
        "addr:postcode": "55581",
        "addr:province": "Daerah Istimewa Yogyakarta",
        "addr:street": "Jalan Pasir Luhur",
        "addr:subdistrict": "Sukoharjo",
        "amenity": "restaurant",
        "cuisine": "indonesian;javanese",
        "name": "Pawon Mbah Gito",
        "opening_hours": "07:00-21:00",
        "website": "https://linktr.ee/pawonmbahgito"
      },
      "geometry": {
        "type": "Point",
        "coordinates": [
          110.4151541,
          -7.7089077
        ]
      },
      "id": "node/11926125171"
    },
    {
      "type": "Feature",
      "properties": {
        "@id": "node/11934528407",
        "addr:city": "Yogyakarta",
        "addr:district": "Gondokusuman",
        "addr:housenumber": "36a",
        "addr:neighbourhood": "Kampung Terban",
        "addr:postcode": "55223",
        "addr:province": "Daerah Istimewa Yogyakarta",
        "addr:street": "Jalan Cornelis Simanjuntak",
        "addr:subdistrict": "Terban",
        "air_conditioning": "yes",
        "amenity": "restaurant",
        "cuisine": "pizza;bakery;indonesian;asian",
        "diet:halal": "yes",
        "name": "FAVOR Patisserie Pizzeria & Eatery",
        "opening_hours": "Mo-Su 08:00-21:00",
        "phone": "+6281333832711",
        "smoking": "isolated",
        "takeaway": "yes",
        "toilets": "yes"
      },
      "geometry": {
        "type": "Point",
        "coordinates": [
          110.3734969,
          -7.7783039
        ]
      },
      "id": "node/11934528407"
    },
    {
      "type": "Feature",
      "properties": {
        "@id": "node/11950115831",
        "amenity": "restaurant",
        "branch": "Maguwo Harjo",
        "changing_table": "no",
        "contact:whatsapp": "https://wa.me/qr/JRRNWLDIJORUF1",
        "cuisine": "indonesian",
        "internet_access": "wlan",
        "internet_access:fee": "no",
        "name": "Bakmi Jowo Mas Joyo",
        "opening_hours": "Mo-Su 17:00-23:00",
        "phone": "+62 813-2567-4121",
        "reservation": "yes",
        "smoking": "yes",
        "toilets": "yes",
        "toilets:access": "customers",
        "toilets:wheelchair": "no",
        "wheelchair": "yes"
      },
      "geometry": {
        "type": "Point",
        "coordinates": [
          110.4226199,
          -7.7501294
        ]
      },
      "id": "node/11950115831"
    },
    {
      "type": "Feature",
      "properties": {
        "@id": "node/11951646404",
        "amenity": "restaurant",
        "contact:instagram": "kopi_galundengreborn",
        "contact:tiktok": "kopigalundengreborn",
        "name": "Kopi Galundeng",
        "short_name": "Kopgal"
      },
      "geometry": {
        "type": "Point",
        "coordinates": [
          110.4400504,
          -7.6397045
        ]
      },
      "id": "node/11951646404"
    },
    {
      "type": "Feature",
      "properties": {
        "@id": "node/11963129486",
        "amenity": "restaurant",
        "name": "Bakso Tetelan Ambasador",
        "opening_hours": "Mo-Su 09:00-02:00",
        "phone": "+62 813-7600-9300"
      },
      "geometry": {
        "type": "Point",
        "coordinates": [
          110.3835275,
          -7.7829935
        ]
      },
      "id": "node/11963129486"
    },
    {
      "type": "Feature",
      "properties": {
        "@id": "node/11963165196",
        "amenity": "restaurant",
        "name": "Indomie Bangladesh Bang Dwi",
        "opening_hours": "Mo-Su 09:30-02:00"
      },
      "geometry": {
        "type": "Point",
        "coordinates": [
          110.3833811,
          -7.7831358
        ]
      },
      "id": "node/11963165196"
    },
    {
      "type": "Feature",
      "properties": {
        "@id": "node/11977667526",
        "amenity": "restaurant",
        "internet_access": "wlan",
        "internet_access:fee": "no",
        "internet_access:ssid": "BAKSO (bantu ulas digoogle map)",
        "name": "Mie Ayam Mas Huda",
        "toilets": "yes",
        "toilets:access": "customers"
      },
      "geometry": {
        "type": "Point",
        "coordinates": [
          110.2236737,
          -7.981143
        ]
      },
      "id": "node/11977667526"
    },
    {
      "type": "Feature",
      "properties": {
        "@id": "node/12022137216",
        "amenity": "restaurant",
        "name": "Griya Dhahar Sambiroso"
      },
      "geometry": {
        "type": "Point",
        "coordinates": [
          110.4467506,
          -7.7616507
        ]
      },
      "id": "node/12022137216"
    },
    {
      "type": "Feature",
      "properties": {
        "@id": "node/12022823569",
        "addr:city": "Yogyakarta",
        "addr:housenumber": "87",
        "addr:street": "Jalan Parangtritis",
        "amenity": "restaurant",
        "cuisine": "indonesian",
        "diet:vegan": "only",
        "internet_access": "wlan",
        "name": "Black Forest Cafe"
      },
      "geometry": {
        "type": "Point",
        "coordinates": [
          110.3682402,
          -7.8194094
        ]
      },
      "id": "node/12022823569"
    },
    {
      "type": "Feature",
      "properties": {
        "@id": "node/12025194169",
        "amenity": "restaurant",
        "cuisine": "indonesian",
        "diet:vegetarian": "yes",
        "name": "Kedai Kebun Arts, Plants & Kitchen"
      },
      "geometry": {
        "type": "Point",
        "coordinates": [
          110.3628179,
          -7.8181593
        ]
      },
      "id": "node/12025194169"
    },
    {
      "type": "Feature",
      "properties": {
        "@id": "node/12036072473",
        "amenity": "restaurant",
        "name": "Warteg Kharisma Bahari",
        "opening_hours": "24/7",
        "toilets": "customers"
      },
      "geometry": {
        "type": "Point",
        "coordinates": [
          110.432958,
          -7.7611544
        ]
      },
      "id": "node/12036072473"
    },
    {
      "type": "Feature",
      "properties": {
        "@id": "node/12053010576",
        "addr:street": "Jalan Cangkringan",
        "amenity": "restaurant",
        "name": "Kedai Makan Slenget Merapi"
      },
      "geometry": {
        "type": "Point",
        "coordinates": [
          110.4442102,
          -7.6494891
        ]
      },
      "id": "node/12053010576"
    },
    {
      "type": "Feature",
      "properties": {
        "@id": "node/12053050758",
        "amenity": "restaurant",
        "name": "Angkringan Fans4 Barokah"
      },
      "geometry": {
        "type": "Point",
        "coordinates": [
          110.4440052,
          -7.6515149
        ]
      },
      "id": "node/12053050758"
    },
    {
      "type": "Feature",
      "properties": {
        "@id": "node/12062415968",
        "amenity": "restaurant",
        "name": "Warung Soto Mbah Darmi"
      },
      "geometry": {
        "type": "Point",
        "coordinates": [
          110.4578251,
          -7.790646
        ]
      },
      "id": "node/12062415968"
    },
    {
      "type": "Feature",
      "properties": {
        "@id": "node/12064805343",
        "amenity": "restaurant",
        "name": "Angkringan Mas Kodok"
      },
      "geometry": {
        "type": "Point",
        "coordinates": [
          110.3816455,
          -7.7781317
        ]
      },
      "id": "node/12064805343"
    },
    {
      "type": "Feature",
      "properties": {
        "@id": "node/12078149000",
        "amenity": "restaurant",
        "contact:instagram": "pempek_nykamto",
        "name": "Pempek Ny. Kamto",
        "toilets": "yes"
      },
      "geometry": {
        "type": "Point",
        "coordinates": [
          110.3945828,
          -7.7609418
        ]
      },
      "id": "node/12078149000"
    },
    {
      "type": "Feature",
      "properties": {
        "@id": "node/12078403962",
        "addr:street": "Jalan Bibis Raya",
        "amenity": "restaurant",
        "name": "Bakso & Mie Ayam Mo-Bal Wonogiri"
      },
      "geometry": {
        "type": "Point",
        "coordinates": [
          110.3144915,
          -7.8436115
        ]
      },
      "id": "node/12078403962"
    },
    {
      "type": "Feature",
      "properties": {
        "@id": "node/12078482210",
        "addr:street": "Jalan Bibis Raya",
        "amenity": "restaurant",
        "name": "Bakso & Mie Ayam Mo-Bal Wonogiri"
      },
      "geometry": {
        "type": "Point",
        "coordinates": [
          110.3144915,
          -7.8436115
        ]
      },
      "id": "node/12078482210"
    },
    {
      "type": "Feature",
      "properties": {
        "@id": "node/12090395675",
        "amenity": "restaurant",
        "contact:whatsapp": "+62 812-1624-8192",
        "name": "Kedai Sawah Ndoro Bei",
        "phone": "+62 812-1624-8192",
        "reservation": "yes"
      },
      "geometry": {
        "type": "Point",
        "coordinates": [
          110.4913795,
          -7.7790378
        ]
      },
      "id": "node/12090395675"
    },
    {
      "type": "Feature",
      "properties": {
        "@id": "node/12107786903",
        "addr:housenumber": "59",
        "addr:postcode": "55281",
        "addr:street": "Jalan Moses Gatot Kaca",
        "amenity": "restaurant",
        "cuisine": "asian;indonesian;local;noodles;oriental;ramen;seafood",
        "name": "Mie Ayam Bandung 59",
        "opening_hours": "Mo-Su 10:00-20:30"
      },
      "geometry": {
        "type": "Point",
        "coordinates": [
          110.3902359,
          -7.776339
        ]
      },
      "id": "node/12107786903"
    },
    {
      "type": "Feature",
      "properties": {
        "@id": "node/12107822901",
        "addr:housenumber": "77",
        "addr:postcode": "55281",
        "addr:street": "Jalan Mrican Baru",
        "amenity": "restaurant",
        "cuisine": "burger;diner;fish_and_chips;grill;indonesian;oriental;sandwich",
        "name": "Burger Hunter",
        "opening_hours": "Mo-Su 10:00-22:00"
      },
      "geometry": {
        "type": "Point",
        "coordinates": [
          110.3917853,
          -7.7760115
        ]
      },
      "id": "node/12107822901"
    },
    {
      "type": "Feature",
      "properties": {
        "@id": "node/12112037001",
        "addr:postcode": "55281",
        "addr:street": "Jalan Demangan Baru",
        "amenity": "restaurant",
        "cuisine": "chicken;noodles;oriental;ramen",
        "name": "Yammie"
      },
      "geometry": {
        "type": "Point",
        "coordinates": [
          110.3929622,
          -7.7768723
        ]
      },
      "id": "node/12112037001"
    },
    {
      "type": "Feature",
      "properties": {
        "@id": "node/12114570211",
        "amenity": "restaurant",
        "contact:instagram": "nasigorengtbk",
        "name": "Nasi Goreng TBK",
        "opening_hours": "Mo-Su 14:00-22:30",
        "phone": "+62 822-4228-9393",
        "toilets": "yes"
      },
      "geometry": {
        "type": "Point",
        "coordinates": [
          110.3794244,
          -7.7828322
        ]
      },
      "id": "node/12114570211"
    },
    {
      "type": "Feature",
      "properties": {
        "@id": "node/12159758929",
        "amenity": "restaurant",
        "branch": "Sagan",
        "contact:instagram": "burjoborneo_official",
        "internet_access": "wlan",
        "internet_access:ssid": "Burjo Borneo Sagan",
        "name": "Burjo Borneo",
        "owner": "Sagan Corner",
        "phone": "+62 812-8253-2020",
        "website": "https://www.burjoborneo.com"
      },
      "geometry": {
        "type": "Point",
        "coordinates": [
          110.3801862,
          -7.7788569
        ]
      },
      "id": "node/12159758929"
    },
    {
      "type": "Feature",
      "properties": {
        "@id": "node/12178345263",
        "amenity": "restaurant",
        "name": "Mie Doyok Gejayan",
        "opening_hours": "Mo-Su 10:00-22:30"
      },
      "geometry": {
        "type": "Point",
        "coordinates": [
          110.3939345,
          -7.7616394
        ]
      },
      "id": "node/12178345263"
    },
    {
      "type": "Feature",
      "properties": {
        "@id": "node/12189911900",
        "amenity": "restaurant",
        "name": "Warmindo Si Om",
        "phone": "+62 858-7703-6509"
      },
      "geometry": {
        "type": "Point",
        "coordinates": [
          110.3982604,
          -7.7421065
        ]
      },
      "id": "node/12189911900"
    },
    {
      "type": "Feature",
      "properties": {
        "@id": "node/12201934278",
        "amenity": "restaurant",
        "name": "Angkringan Anker",
        "start_date": "2024-09-16"
      },
      "geometry": {
        "type": "Point",
        "coordinates": [
          110.4813848,
          -7.7467082
        ]
      },
      "id": "node/12201934278"
    },
    {
      "type": "Feature",
      "properties": {
        "@id": "node/12206924926",
        "amenity": "restaurant",
        "name": "Ketoprak Sedap Malam",
        "opening_hours": "Mo-Su 10:00-23:00"
      },
      "geometry": {
        "type": "Point",
        "coordinates": [
          110.3948067,
          -7.7568015
        ]
      },
      "id": "node/12206924926"
    },
    {
      "type": "Feature",
      "properties": {
        "@id": "node/12221446337",
        "amenity": "restaurant",
        "branch": "Seturan",
        "name": "Waroeng Steak and Shake"
      },
      "geometry": {
        "type": "Point",
        "coordinates": [
          110.404554,
          -7.7735935
        ]
      },
      "id": "node/12221446337"
    },
    {
      "type": "Feature",
      "properties": {
        "@id": "node/12246260230",
        "amenity": "restaurant",
        "name": "Seafood 99"
      },
      "geometry": {
        "type": "Point",
        "coordinates": [
          110.3948268,
          -7.75682
        ]
      },
      "id": "node/12246260230"
    },
    {
      "type": "Feature",
      "properties": {
        "@id": "node/12259403851",
        "addr:city": "Yogyakarta",
        "addr:postcode": "55223",
        "addr:street": "Terban GK5/ 672B RT 24 RW 05",
        "amenity": "restaurant",
        "cuisine": "ayam_geprek",
        "name": "Geprek Bang Vijay",
        "opening_hours": "24/7",
        "phone": "+628170434177"
      },
      "geometry": {
        "type": "Point",
        "coordinates": [
          110.370303,
          -7.780674
        ]
      },
      "id": "node/12259403851"
    },
    {
      "type": "Feature",
      "properties": {
        "@id": "node/12267936565",
        "amenity": "restaurant",
        "name": "Warmindo Moro Rizky",
        "start_date": "2015"
      },
      "geometry": {
        "type": "Point",
        "coordinates": [
          110.4390338,
          -7.7680741
        ]
      },
      "id": "node/12267936565"
    },
    {
      "type": "Feature",
      "properties": {
        "@id": "node/12291486193",
        "amenity": "restaurant",
        "name": "Monalisa Burger"
      },
      "geometry": {
        "type": "Point",
        "coordinates": [
          110.3730567,
          -7.819783
        ]
      },
      "id": "node/12291486193"
    },
    {
      "type": "Feature",
      "properties": {
        "@id": "node/12292826799",
        "amenity": "restaurant",
        "name": "Kandang Ingkung Resto&Kopi"
      },
      "geometry": {
        "type": "Point",
        "coordinates": [
          110.2957094,
          -7.8175307
        ]
      },
      "id": "node/12292826799"
    },
    {
      "type": "Feature",
      "properties": {
        "@id": "node/12306917788",
        "addr:housenumber": "51",
        "addr:street": "Jalan Babarsari",
        "amenity": "restaurant",
        "branch": "Babarsari",
        "name": "Abby Chicken Nashville"
      },
      "geometry": {
        "type": "Point",
        "coordinates": [
          110.4144809,
          -7.7742934
        ]
      },
      "id": "node/12306917788"
    },
    {
      "type": "Feature",
      "properties": {
        "@id": "node/12337486186",
        "amenity": "restaurant"
      },
      "geometry": {
        "type": "Point",
        "coordinates": [
          110.3696968,
          -7.7595135
        ]
      },
      "id": "node/12337486186"
    },
    {
      "type": "Feature",
      "properties": {
        "@id": "node/12337486191",
        "amenity": "restaurant"
      },
      "geometry": {
        "type": "Point",
        "coordinates": [
          110.3697921,
          -7.7590607
        ]
      },
      "id": "node/12337486191"
    },
    {
      "type": "Feature",
      "properties": {
        "@id": "node/12337486192",
        "amenity": "restaurant"
      },
      "geometry": {
        "type": "Point",
        "coordinates": [
          110.3697851,
          -7.7590051
        ]
      },
      "id": "node/12337486192"
    },
    {
      "type": "Feature",
      "properties": {
        "@id": "node/12337502005",
        "amenity": "restaurant"
      },
      "geometry": {
        "type": "Point",
        "coordinates": [
          110.3699707,
          -7.7565291
        ]
      },
      "id": "node/12337502005"
    },
    {
      "type": "Feature",
      "properties": {
        "@id": "node/12337502009",
        "amenity": "restaurant"
      },
      "geometry": {
        "type": "Point",
        "coordinates": [
          110.3699312,
          -7.7568967
        ]
      },
      "id": "node/12337502009"
    },
    {
      "type": "Feature",
      "properties": {
        "@id": "node/12337502012",
        "amenity": "restaurant"
      },
      "geometry": {
        "type": "Point",
        "coordinates": [
          110.3708369,
          -7.756145
        ]
      },
      "id": "node/12337502012"
    },
    {
      "type": "Feature",
      "properties": {
        "@id": "node/12337502013",
        "amenity": "restaurant"
      },
      "geometry": {
        "type": "Point",
        "coordinates": [
          110.3710704,
          -7.7561786
        ]
      },
      "id": "node/12337502013"
    },
    {
      "type": "Feature",
      "properties": {
        "@id": "node/12337502015",
        "amenity": "restaurant"
      },
      "geometry": {
        "type": "Point",
        "coordinates": [
          110.3708828,
          -7.7561647
        ]
      },
      "id": "node/12337502015"
    },
    {
      "type": "Feature",
      "properties": {
        "@id": "node/12337502016",
        "amenity": "restaurant"
      },
      "geometry": {
        "type": "Point",
        "coordinates": [
          110.3709526,
          -7.7561588
        ]
      },
      "id": "node/12337502016"
    },
    {
      "type": "Feature",
      "properties": {
        "@id": "node/12337510568",
        "amenity": "restaurant"
      },
      "geometry": {
        "type": "Point",
        "coordinates": [
          110.3733232,
          -7.7517539
        ]
      },
      "id": "node/12337510568"
    },
    {
      "type": "Feature",
      "properties": {
        "@id": "node/12337510573",
        "amenity": "restaurant"
      },
      "geometry": {
        "type": "Point",
        "coordinates": [
          110.3710378,
          -7.7519295
        ]
      },
      "id": "node/12337510573"
    },
    {
      "type": "Feature",
      "properties": {
        "@id": "node/12337510579",
        "amenity": "restaurant"
      },
      "geometry": {
        "type": "Point",
        "coordinates": [
          110.3709376,
          -7.7523837
        ]
      },
      "id": "node/12337510579"
    },
    {
      "type": "Feature",
      "properties": {
        "@id": "node/12338231179",
        "amenity": "restaurant"
      },
      "geometry": {
        "type": "Point",
        "coordinates": [
          110.3702646,
          -7.7563275
        ]
      },
      "id": "node/12338231179"
    },
    {
      "type": "Feature",
      "properties": {
        "@id": "node/12338231180",
        "amenity": "restaurant"
      },
      "geometry": {
        "type": "Point",
        "coordinates": [
          110.3702039,
          -7.7564192
        ]
      },
      "id": "node/12338231180"
    },
    {
      "type": "Feature",
      "properties": {
        "@id": "node/12338231182",
        "amenity": "restaurant"
      },
      "geometry": {
        "type": "Point",
        "coordinates": [
          110.370735,
          -7.7563711
        ]
      },
      "id": "node/12338231182"
    },
    {
      "type": "Feature",
      "properties": {
        "@id": "node/12338231191",
        "amenity": "restaurant"
      },
      "geometry": {
        "type": "Point",
        "coordinates": [
          110.3714966,
          -7.7564418
        ]
      },
      "id": "node/12338231191"
    },
    {
      "type": "Feature",
      "properties": {
        "@id": "node/12338231192",
        "amenity": "restaurant"
      },
      "geometry": {
        "type": "Point",
        "coordinates": [
          110.3715695,
          -7.7564659
        ]
      },
      "id": "node/12338231192"
    },
    {
      "type": "Feature",
      "properties": {
        "@id": "node/12338305031",
        "amenity": "restaurant"
      },
      "geometry": {
        "type": "Point",
        "coordinates": [
          110.3708365,
          -7.7525754
        ]
      },
      "id": "node/12338305031"
    },
    {
      "type": "Feature",
      "properties": {
        "@id": "node/12338305032",
        "amenity": "restaurant"
      },
      "geometry": {
        "type": "Point",
        "coordinates": [
          110.3707861,
          -7.7526675
        ]
      },
      "id": "node/12338305032"
    },
    {
      "type": "Feature",
      "properties": {
        "@id": "node/12338305035",
        "amenity": "restaurant"
      },
      "geometry": {
        "type": "Point",
        "coordinates": [
          110.3707796,
          -7.7527636
        ]
      },
      "id": "node/12338305035"
    },
    {
      "type": "Feature",
      "properties": {
        "@id": "node/12338305043",
        "amenity": "restaurant"
      },
      "geometry": {
        "type": "Point",
        "coordinates": [
          110.3703017,
          -7.7540546
        ]
      },
      "id": "node/12338305043"
    },
    {
      "type": "Feature",
      "properties": {
        "@id": "node/12338305047",
        "amenity": "restaurant"
      },
      "geometry": {
        "type": "Point",
        "coordinates": [
          110.3726747,
          -7.7520572
        ]
      },
      "id": "node/12338305047"
    },
    {
      "type": "Feature",
      "properties": {
        "@id": "node/12338336987",
        "amenity": "restaurant"
      },
      "geometry": {
        "type": "Point",
        "coordinates": [
          110.3701853,
          -7.7544812
        ]
      },
      "id": "node/12338336987"
    },
    {
      "type": "Feature",
      "properties": {
        "@id": "node/12338747920",
        "amenity": "restaurant"
      },
      "geometry": {
        "type": "Point",
        "coordinates": [
          110.3813753,
          -7.7586697
        ]
      },
      "id": "node/12338747920"
    },
    {
      "type": "Feature",
      "properties": {
        "@id": "node/12338747921",
        "amenity": "restaurant"
      },
      "geometry": {
        "type": "Point",
        "coordinates": [
          110.3814799,
          -7.7585854
        ]
      },
      "id": "node/12338747921"
    },
    {
      "type": "Feature",
      "properties": {
        "@id": "node/12338747922",
        "amenity": "restaurant"
      },
      "geometry": {
        "type": "Point",
        "coordinates": [
          110.3814156,
          -7.758504
        ]
      },
      "id": "node/12338747922"
    },
    {
      "type": "Feature",
      "properties": {
        "@id": "node/12338747927",
        "amenity": "restaurant"
      },
      "geometry": {
        "type": "Point",
        "coordinates": [
          110.3819115,
          -7.7575584
        ]
      },
      "id": "node/12338747927"
    },
    {
      "type": "Feature",
      "properties": {
        "@id": "node/12338747930",
        "amenity": "restaurant"
      },
      "geometry": {
        "type": "Point",
        "coordinates": [
          110.3819354,
          -7.7572699
        ]
      },
      "id": "node/12338747930"
    },
    {
      "type": "Feature",
      "properties": {
        "@id": "node/12338747931",
        "amenity": "restaurant"
      },
      "geometry": {
        "type": "Point",
        "coordinates": [
          110.3819936,
          -7.7571323
        ]
      },
      "id": "node/12338747931"
    },
    {
      "type": "Feature",
      "properties": {
        "@id": "node/12338747934",
        "amenity": "restaurant"
      },
      "geometry": {
        "type": "Point",
        "coordinates": [
          110.3822475,
          -7.7567978
        ]
      },
      "id": "node/12338747934"
    },
    {
      "type": "Feature",
      "properties": {
        "@id": "node/12338747936",
        "amenity": "restaurant"
      },
      "geometry": {
        "type": "Point",
        "coordinates": [
          110.3822893,
          -7.7563302
        ]
      },
      "id": "node/12338747936"
    },
    {
      "type": "Feature",
      "properties": {
        "@id": "node/12338747940",
        "amenity": "restaurant"
      },
      "geometry": {
        "type": "Point",
        "coordinates": [
          110.3830121,
          -7.7548105
        ]
      },
      "id": "node/12338747940"
    },
    {
      "type": "Feature",
      "properties": {
        "@id": "node/12338747943",
        "amenity": "restaurant"
      },
      "geometry": {
        "type": "Point",
        "coordinates": [
          110.3819318,
          -7.7547362
        ]
      },
      "id": "node/12338747943"
    },
    {
      "type": "Feature",
      "properties": {
        "@id": "node/12338747944",
        "amenity": "restaurant"
      },
      "geometry": {
        "type": "Point",
        "coordinates": [
          110.3806105,
          -7.7550777
        ]
      },
      "id": "node/12338747944"
    },
    {
      "type": "Feature",
      "properties": {
        "@id": "node/12338747947",
        "amenity": "restaurant"
      },
      "geometry": {
        "type": "Point",
        "coordinates": [
          110.3780383,
          -7.7556288
        ]
      },
      "id": "node/12338747947"
    },
    {
      "type": "Feature",
      "properties": {
        "@id": "node/12338747951",
        "amenity": "restaurant"
      },
      "geometry": {
        "type": "Point",
        "coordinates": [
          110.377427,
          -7.756002
        ]
      },
      "id": "node/12338747951"
    },
    {
      "type": "Feature",
      "properties": {
        "@id": "node/12338747952",
        "amenity": "restaurant"
      },
      "geometry": {
        "type": "Point",
        "coordinates": [
          110.3773871,
          -7.7561328
        ]
      },
      "id": "node/12338747952"
    },
    {
      "type": "Feature",
      "properties": {
        "@id": "node/12338747953",
        "amenity": "restaurant"
      },
      "geometry": {
        "type": "Point",
        "coordinates": [
          110.3773418,
          -7.7563182
        ]
      },
      "id": "node/12338747953"
    },
    {
      "type": "Feature",
      "properties": {
        "@id": "node/12338747955",
        "amenity": "restaurant",
        "cuisine": "chicken",
        "diet:halal": "yes",
        "name": "Jatinangor House"
      },
      "geometry": {
        "type": "Point",
        "coordinates": [
          110.377358,
          -7.7574333
        ]
      },
      "id": "node/12338747955"
    },
    {
      "type": "Feature",
      "properties": {
        "@id": "node/12338747956",
        "amenity": "restaurant"
      },
      "geometry": {
        "type": "Point",
        "coordinates": [
          110.3772056,
          -7.7579573
        ]
      },
      "id": "node/12338747956"
    },
    {
      "type": "Feature",
      "properties": {
        "@id": "node/12338747960",
        "amenity": "restaurant"
      },
      "geometry": {
        "type": "Point",
        "coordinates": [
          110.3804728,
          -7.7579189
        ]
      },
      "id": "node/12338747960"
    },
    {
      "type": "Feature",
      "properties": {
        "@id": "node/12338747973",
        "amenity": "restaurant"
      },
      "geometry": {
        "type": "Point",
        "coordinates": [
          110.3795152,
          -7.7550562
        ]
      },
      "id": "node/12338747973"
    },
    {
      "type": "Feature",
      "properties": {
        "@id": "node/12338747976",
        "amenity": "restaurant"
      },
      "geometry": {
        "type": "Point",
        "coordinates": [
          110.3813149,
          -7.7545973
        ]
      },
      "id": "node/12338747976"
    },
    {
      "type": "Feature",
      "properties": {
        "@id": "node/12338747977",
        "amenity": "restaurant"
      },
      "geometry": {
        "type": "Point",
        "coordinates": [
          110.3814409,
          -7.7545247
        ]
      },
      "id": "node/12338747977"
    },
    {
      "type": "Feature",
      "properties": {
        "@id": "node/12338747978",
        "amenity": "restaurant"
      },
      "geometry": {
        "type": "Point",
        "coordinates": [
          110.3815171,
          -7.7544869
        ]
      },
      "id": "node/12338747978"
    },
    {
      "type": "Feature",
      "properties": {
        "@id": "node/12338747979",
        "amenity": "restaurant"
      },
      "geometry": {
        "type": "Point",
        "coordinates": [
          110.3816314,
          -7.7544927
        ]
      },
      "id": "node/12338747979"
    },
    {
      "type": "Feature",
      "properties": {
        "@id": "node/12338747989",
        "amenity": "restaurant"
      },
      "geometry": {
        "type": "Point",
        "coordinates": [
          110.3813214,
          -7.7564077
        ]
      },
      "id": "node/12338747989"
    },
    {
      "type": "Feature",
      "properties": {
        "@id": "node/12338747990",
        "amenity": "restaurant"
      },
      "geometry": {
        "type": "Point",
        "coordinates": [
          110.3808227,
          -7.7564577
        ]
      },
      "id": "node/12338747990"
    },
    {
      "type": "Feature",
      "properties": {
        "@id": "node/12338747991",
        "amenity": "restaurant"
      },
      "geometry": {
        "type": "Point",
        "coordinates": [
          110.3805874,
          -7.7562772
        ]
      },
      "id": "node/12338747991"
    },
    {
      "type": "Feature",
      "properties": {
        "@id": "node/12338747993",
        "amenity": "restaurant"
      },
      "geometry": {
        "type": "Point",
        "coordinates": [
          110.3785563,
          -7.7552731
        ]
      },
      "id": "node/12338747993"
    },
    {
      "type": "Feature",
      "properties": {
        "@id": "node/12338747995",
        "amenity": "restaurant"
      },
      "geometry": {
        "type": "Point",
        "coordinates": [
          110.3775189,
          -7.755588
        ]
      },
      "id": "node/12338747995"
    },
    {
      "type": "Feature",
      "properties": {
        "@id": "node/12338747996",
        "amenity": "restaurant"
      },
      "geometry": {
        "type": "Point",
        "coordinates": [
          110.37964,
          -7.7554606
        ]
      },
      "id": "node/12338747996"
    },
    {
      "type": "Feature",
      "properties": {
        "@id": "node/12350268581",
        "amenity": "restaurant",
        "contact:instagram": "kayumanisyk",
        "contact:whatsapp": "+62 856-4050-3224",
        "description": "Tempatnya sarapan berkuah",
        "name": "Warung Kayu Manis",
        "phone": "+62 856-4050-3224"
      },
      "geometry": {
        "type": "Point",
        "coordinates": [
          110.4858944,
          -7.7537289
        ]
      },
      "id": "node/12350268581"
    },
    {
      "type": "Feature",
      "properties": {
        "@id": "node/12357438858",
        "amenity": "restaurant",
        "name": "Pawon Semar"
      },
      "geometry": {
        "type": "Point",
        "coordinates": [
          110.4652657,
          -7.7963504
        ]
      },
      "id": "node/12357438858"
    },
    {
      "type": "Feature",
      "properties": {
        "@id": "node/12357538046",
        "amenity": "restaurant",
        "name": "Bakso"
      },
      "geometry": {
        "type": "Point",
        "coordinates": [
          110.3633072,
          -7.7614211
        ]
      },
      "id": "node/12357538046"
    },
    {
      "type": "Feature",
      "properties": {
        "@id": "node/12357538052",
        "amenity": "restaurant",
        "name": "Warung Makan"
      },
      "geometry": {
        "type": "Point",
        "coordinates": [
          110.3640734,
          -7.7596065
        ]
      },
      "id": "node/12357538052"
    },
    {
      "type": "Feature",
      "properties": {
        "@id": "node/12357538059",
        "amenity": "restaurant",
        "name": "Gajah Mada 88"
      },
      "geometry": {
        "type": "Point",
        "coordinates": [
          110.3660093,
          -7.7591155
        ]
      },
      "id": "node/12357538059"
    },
    {
      "type": "Feature",
      "properties": {
        "@id": "node/12357566599",
        "amenity": "restaurant",
        "name": "Bebek Goreng H. Slamet Jombor Jogja"
      },
      "geometry": {
        "type": "Point",
        "coordinates": [
          110.3655911,
          -7.7505851
        ]
      },
      "id": "node/12357566599"
    },
    {
      "type": "Feature",
      "properties": {
        "@id": "node/12357573603",
        "amenity": "restaurant",
        "name": "Warmindo Ngemie"
      },
      "geometry": {
        "type": "Point",
        "coordinates": [
          110.3652999,
          -7.7516986
        ]
      },
      "id": "node/12357573603"
    },
    {
      "type": "Feature",
      "properties": {
        "@id": "node/12357578892",
        "amenity": "restaurant",
        "name": "Bakso Soto Mie Ayam Pak Nono"
      },
      "geometry": {
        "type": "Point",
        "coordinates": [
          110.3652099,
          -7.751957
        ]
      },
      "id": "node/12357578892"
    },
    {
      "type": "Feature",
      "properties": {
        "@id": "node/12357595299",
        "amenity": "restaurant",
        "name": "Warung Santai \"Porong Blirik\""
      },
      "geometry": {
        "type": "Point",
        "coordinates": [
          110.3644494,
          -7.7556606
        ]
      },
      "id": "node/12357595299"
    },
    {
      "type": "Feature",
      "properties": {
        "@id": "node/12357595300",
        "amenity": "restaurant",
        "name": "Bakso Tusuk Payaman Mas D cabang Imogiri"
      },
      "geometry": {
        "type": "Point",
        "coordinates": [
          110.3647282,
          -7.7555632
        ]
      },
      "id": "node/12357595300"
    },
    {
      "type": "Feature",
      "properties": {
        "@id": "node/12357606614",
        "amenity": "restaurant",
        "name": "Bakwan kawi bu jarwani, sinduadi"
      },
      "geometry": {
        "type": "Point",
        "coordinates": [
          110.3666017,
          -7.7530856
        ]
      },
      "id": "node/12357606614"
    },
    {
      "type": "Feature",
      "properties": {
        "@id": "node/12357612409",
        "amenity": "restaurant",
        "name": "Warung makan bambu ibu"
      },
      "geometry": {
        "type": "Point",
        "coordinates": [
          110.3653628,
          -7.752777
        ]
      },
      "id": "node/12357612409"
    },
    {
      "type": "Feature",
      "properties": {
        "@id": "node/12357612412",
        "amenity": "restaurant",
        "name": "Omah Sego Jogja"
      },
      "geometry": {
        "type": "Point",
        "coordinates": [
          110.3649359,
          -7.7529626
        ]
      },
      "id": "node/12357612412"
    },
    {
      "type": "Feature",
      "properties": {
        "@id": "node/12357632944",
        "amenity": "restaurant",
        "name": "Rumah Makan Bu Dhe Ning"
      },
      "geometry": {
        "type": "Point",
        "coordinates": [
          110.3648528,
          -7.7539726
        ]
      },
      "id": "node/12357632944"
    },
    {
      "type": "Feature",
      "properties": {
        "@id": "node/12357632950",
        "amenity": "restaurant",
        "name": "Kedai Makan Edelweyz"
      },
      "geometry": {
        "type": "Point",
        "coordinates": [
          110.3647101,
          -7.7544999
        ]
      },
      "id": "node/12357632950"
    },
    {
      "type": "Feature",
      "properties": {
        "@id": "node/12357632962",
        "amenity": "restaurant",
        "name": "Geprek barokah"
      },
      "geometry": {
        "type": "Point",
        "coordinates": [
          110.3662426,
          -7.7546036
        ]
      },
      "id": "node/12357632962"
    },
    {
      "type": "Feature",
      "properties": {
        "@id": "node/12357642461",
        "amenity": "restaurant",
        "name": "Warmindo Ngemie"
      },
      "geometry": {
        "type": "Point",
        "coordinates": [
          110.3652995,
          -7.751711
        ]
      },
      "id": "node/12357642461"
    },
    {
      "type": "Feature",
      "properties": {
        "@id": "node/12357642465",
        "amenity": "restaurant",
        "name": "gudeg bu mugi"
      },
      "geometry": {
        "type": "Point",
        "coordinates": [
          110.3653927,
          -7.7556671
        ]
      },
      "id": "node/12357642465"
    },
    {
      "type": "Feature",
      "properties": {
        "@id": "node/12357642471",
        "amenity": "restaurant",
        "name": "angkringan bu tari"
      },
      "geometry": {
        "type": "Point",
        "coordinates": [
          110.3659861,
          -7.7581166
        ]
      },
      "id": "node/12357642471"
    },
    {
      "type": "Feature",
      "properties": {
        "@id": "node/12357642474",
        "amenity": "restaurant",
        "name": "warung laris"
      },
      "geometry": {
        "type": "Point",
        "coordinates": [
          110.3644615,
          -7.7552955
        ]
      },
      "id": "node/12357642474"
    },
    {
      "type": "Feature",
      "properties": {
        "@id": "node/12357642482",
        "amenity": "restaurant",
        "name": "warung mbah jarwo"
      },
      "geometry": {
        "type": "Point",
        "coordinates": [
          110.3665756,
          -7.7558805
        ]
      },
      "id": "node/12357642482"
    },
    {
      "type": "Feature",
      "properties": {
        "@id": "node/12357642485",
        "amenity": "restaurant",
        "name": "bakso tusuk payman mas d cabang imogiri"
      },
      "geometry": {
        "type": "Point",
        "coordinates": [
          110.3647383,
          -7.7555462
        ]
      },
      "id": "node/12357642485"
    },
    {
      "type": "Feature",
      "properties": {
        "@id": "node/12357642490",
        "amenity": "restaurant",
        "name": "bakso bakar dan sempol ayam bos"
      },
      "geometry": {
        "type": "Point",
        "coordinates": [
          110.3657285,
          -7.7559919
        ]
      },
      "id": "node/12357642490"
    },
    {
      "type": "Feature",
      "properties": {
        "@id": "node/12357642495",
        "amenity": "restaurant",
        "name": "ayam kremes & penyetan arjuna"
      },
      "geometry": {
        "type": "Point",
        "coordinates": [
          110.3653712,
          -7.7566833
        ]
      },
      "id": "node/12357642495"
    },
    {
      "type": "Feature",
      "properties": {
        "@id": "node/12401601584",
        "amenity": "restaurant",
        "name": "Warmindo Moro Rizky",
        "start_date": "2015"
      },
      "geometry": {
        "type": "Point",
        "coordinates": [
          110.439036,
          -7.7680649
        ]
      },
      "id": "node/12401601584"
    },
    {
      "type": "Feature",
      "properties": {
        "@id": "node/12419017044",
        "air_conditioning": "no",
        "amenity": "restaurant",
        "cuisine": "japanese",
        "name": "GENKU",
        "outdoor_seating": "yes",
        "toilets": "yes",
        "wheelchair": "yes"
      },
      "geometry": {
        "type": "Point",
        "coordinates": [
          110.3923698,
          -7.739908
        ]
      },
      "id": "node/12419017044"
    },
    {
      "type": "Feature",
      "properties": {
        "@id": "node/12424975863",
        "amenity": "restaurant",
        "name": "Soto Lamongan Cak Ahmad",
        "phone": "+62 895-3869-21691"
      },
      "geometry": {
        "type": "Point",
        "coordinates": [
          110.4102529,
          -7.7549109
        ]
      },
      "id": "node/12424975863"
    },
    {
      "type": "Feature",
      "properties": {
        "@id": "node/12440066724",
        "amenity": "restaurant",
        "description": "Rujak es krim, bakso, soto, dawet",
        "name": "Kasmaran"
      },
      "geometry": {
        "type": "Point",
        "coordinates": [
          110.3654211,
          -7.7950715
        ]
      },
      "id": "node/12440066724"
    },
    {
      "type": "Feature",
      "properties": {
        "@id": "node/12476174707",
        "addr:city": "Bantul",
        "addr:district": "Tamantirto",
        "addr:housename": "PREKSU UMY",
        "addr:postcode": "55184",
        "addr:street": "Jalan Rajawali",
        "addr:subdistrict": "Ngebel",
        "amenity": "restaurant",
        "cuisine": "chicken",
        "diet:halal": "yes",
        "name": "PREKSU UMY",
        "opening_hours": "Mo-Su 10:00-21:00"
      },
      "geometry": {
        "type": "Point",
        "coordinates": [
          110.3233927,
          -7.8148015
        ]
      },
      "id": "node/12476174707"
    },
    {
      "type": "Feature",
      "properties": {
        "@id": "node/12477945413",
        "amenity": "restaurant",
        "name": "Haka Grill"
      },
      "geometry": {
        "type": "Point",
        "coordinates": [
          110.4007985,
          -7.7679021
        ]
      },
      "id": "node/12477945413"
    },
    {
      "type": "Feature",
      "properties": {
        "@id": "node/12480021219",
        "amenity": "restaurant",
        "description": "Siomay rebus & siomay goreng",
        "name": "Warung Siomay Kang Yuda",
        "phone": "+62 858-7847-6944"
      },
      "geometry": {
        "type": "Point",
        "coordinates": [
          110.4715643,
          -7.7439794
        ]
      },
      "id": "node/12480021219"
    },
    {
      "type": "Feature",
      "properties": {
        "@id": "node/12483898634",
        "amenity": "restaurant",
        "branch": "Seturan",
        "name": "Mie Bonafide"
      },
      "geometry": {
        "type": "Point",
        "coordinates": [
          110.4092358,
          -7.7744579
        ]
      },
      "id": "node/12483898634"
    },
    {
      "type": "Feature",
      "properties": {
        "@id": "node/12565333697",
        "addr:street": "Jalan Magelang",
        "amenity": "restaurant",
        "check_date": "2026-03-14",
        "check_date:opening_hours": "2026-03-14",
        "contact:instagram": "miekritingmedan",
        "cuisine": "chinese;indonesian;noodles",
        "email": "miekritingmedan@gmail.com",
        "level": "0",
        "name": "Mie Kriting Medan",
        "opening_hours": "Mo-Su 08:00-13:30, 16:00-22:30",
        "phone": "+62274624610",
        "self_service": "no",
        "website": "https://linktr.ee/miekritingmedan"
      },
      "geometry": {
        "type": "Point",
        "coordinates": [
          110.3613539,
          -7.7666125
        ]
      },
      "id": "node/12565333697"
    },
    {
      "type": "Feature",
      "properties": {
        "@id": "node/12583035075",
        "amenity": "restaurant",
        "cuisine": "arab",
        "name": "Nasi Kuning Kanda"
      },
      "geometry": {
        "type": "Point",
        "coordinates": [
          110.3801922,
          -7.8294869
        ]
      },
      "id": "node/12583035075"
    },
    {
      "type": "Feature",
      "properties": {
        "@id": "node/12583035097",
        "amenity": "restaurant",
        "cuisine": "asian",
        "name": "Manoban"
      },
      "geometry": {
        "type": "Point",
        "coordinates": [
          110.3802813,
          -7.829924
        ]
      },
      "id": "node/12583035097"
    },
    {
      "type": "Feature",
      "properties": {
        "@id": "node/12583035098",
        "amenity": "restaurant",
        "name": "Seblak Prasmanan Bariklana"
      },
      "geometry": {
        "type": "Point",
        "coordinates": [
          110.3803432,
          -7.830277
        ]
      },
      "id": "node/12583035098"
    },
    {
      "type": "Feature",
      "properties": {
        "@id": "node/12583035099",
        "amenity": "restaurant",
        "name": "Sate Ayam Madura Cak"
      },
      "geometry": {
        "type": "Point",
        "coordinates": [
          110.3803723,
          -7.8304174
        ]
      },
      "id": "node/12583035099"
    },
    {
      "type": "Feature",
      "properties": {
        "@id": "node/12583035100",
        "amenity": "restaurant",
        "name": "Om Joy"
      },
      "geometry": {
        "type": "Point",
        "coordinates": [
          110.3801565,
          -7.8301948
        ]
      },
      "id": "node/12583035100"
    },
    {
      "type": "Feature",
      "properties": {
        "@id": "node/12583061759",
        "amenity": "restaurant",
        "name": "Pawon Kremesan Budhé"
      },
      "geometry": {
        "type": "Point",
        "coordinates": [
          110.3798478,
          -7.8291341
        ]
      },
      "id": "node/12583061759"
    },
    {
      "type": "Feature",
      "properties": {
        "@id": "node/12587004183",
        "amenity": "restaurant",
        "name": "SAKÉCA",
        "owner": "Toko Daging Kita"
      },
      "geometry": {
        "type": "Point",
        "coordinates": [
          110.3050677,
          -7.770214
        ]
      },
      "id": "node/12587004183"
    },
    {
      "type": "Feature",
      "properties": {
        "@id": "node/12598979921",
        "addr:city": "Kota Yogyakarta",
        "addr:housenumber": "181",
        "addr:postcode": "55271",
        "addr:street": "Jalan Malioboro",
        "amenity": "restaurant",
        "brand": "Solaria",
        "brand:wikidata": "Q118136107",
        "cuisine": "indonesian",
        "name": "Solaria",
        "opening_hours": "Mo-Fr 11:00-23:00; Sa-Su 10:00-24:00",
        "phone": "+622114099"
      },
      "geometry": {
        "type": "Point",
        "coordinates": [
          110.3659882,
          -7.7906132
        ]
      },
      "id": "node/12598979921"
    },
    {
      "type": "Feature",
      "properties": {
        "@id": "node/12609603197",
        "amenity": "restaurant",
        "contact:whatsapp": "+62 813-2535-8185",
        "name": "Warung Kopi Centhong Jawa",
        "opening_hours": "Mo-Su 09:00-22:00"
      },
      "geometry": {
        "type": "Point",
        "coordinates": [
          110.458474,
          -7.7493558
        ]
      },
      "id": "node/12609603197"
    },
    {
      "type": "Feature",
      "properties": {
        "@id": "node/12630051330",
        "amenity": "restaurant",
        "cuisine": "indonesian",
        "name": "Jiwajawi"
      },
      "geometry": {
        "type": "Point",
        "coordinates": [
          110.2922891,
          -7.8402913
        ]
      },
      "id": "node/12630051330"
    },
    {
      "type": "Feature",
      "properties": {
        "@id": "node/12666427937",
        "amenity": "restaurant",
        "branch": "Adi Sucipto Yogyakarta",
        "cuisine": "noodle",
        "name": "Wizzmie",
        "outdoor_seating": "yes",
        "smoking": "no",
        "takeaway": "yes",
        "toilets": "yes",
        "toilets:access": "customers"
      },
      "geometry": {
        "type": "Point",
        "coordinates": [
          110.3914036,
          -7.7826066
        ]
      },
      "id": "node/12666427937"
    },
    {
      "type": "Feature",
      "properties": {
        "@id": "node/12717787547",
        "addr:housenumber": "56",
        "addr:street": "Jalan Poncowinatan",
        "amenity": "restaurant",
        "name": "Garasi 56"
      },
      "geometry": {
        "type": "Point",
        "coordinates": [
          110.3636078,
          -7.7819584
        ]
      },
      "id": "node/12717787547"
    },
    {
      "type": "Feature",
      "properties": {
        "@id": "node/12717822277",
        "addr:housenumber": "66",
        "addr:street": "Jalan Pakuningratan",
        "amenity": "restaurant",
        "name": "Backyard Smoke and Buns",
        "opening_hours": "Mo-Su 10:00-22:00",
        "phone": "+62 821-3712-5462",
        "reservation": "yes"
      },
      "geometry": {
        "type": "Point",
        "coordinates": [
          110.3620479,
          -7.7809245
        ]
      },
      "id": "node/12717822277"
    },
    {
      "type": "Feature",
      "properties": {
        "@id": "node/12743402576",
        "amenity": "restaurant",
        "name": "City Grill"
      },
      "geometry": {
        "type": "Point",
        "coordinates": [
          110.3681692,
          -7.8194988
        ]
      },
      "id": "node/12743402576"
    },
    {
      "type": "Feature",
      "properties": {
        "@id": "node/12743402579",
        "amenity": "restaurant",
        "name": "Sekar Pizza"
      },
      "geometry": {
        "type": "Point",
        "coordinates": [
          110.3666073,
          -7.8187959
        ]
      },
      "id": "node/12743402579"
    },
    {
      "type": "Feature",
      "properties": {
        "@id": "node/12743402581",
        "amenity": "restaurant",
        "name": "Masama"
      },
      "geometry": {
        "type": "Point",
        "coordinates": [
          110.3647457,
          -7.8187394
        ]
      },
      "id": "node/12743402581"
    },
    {
      "type": "Feature",
      "properties": {
        "@id": "node/12743402582",
        "amenity": "restaurant",
        "name": "Chicken Shack"
      },
      "geometry": {
        "type": "Point",
        "coordinates": [
          110.3661823,
          -7.8185648
        ]
      },
      "id": "node/12743402582"
    },
    {
      "type": "Feature",
      "properties": {
        "@id": "node/12798085856",
        "amenity": "restaurant"
      },
      "geometry": {
        "type": "Point",
        "coordinates": [
          110.3651853,
          -7.7938654
        ]
      },
      "id": "node/12798085856"
    },
    {
      "type": "Feature",
      "properties": {
        "@id": "node/12799739642",
        "addr:city": "Yogyakarta",
        "addr:province": "Jawa Tengah",
        "addr:street": "Jalan WIjilan",
        "amenity": "restaurant",
        "name": "Gudeg Yu Djum"
      },
      "geometry": {
        "type": "Point",
        "coordinates": [
          110.3667968,
          -7.8044999
        ]
      },
      "id": "node/12799739642"
    },
    {
      "type": "Feature",
      "properties": {
        "@id": "node/12811204496",
        "addr:city": "Yogyakarta",
        "addr:housenumber": "31",
        "addr:province": "Jawa Tengah",
        "addr:street": "Jalan Wijilan",
        "amenity": "restaurant",
        "cuisine": "indonesian;breakfast",
        "diet:healthy": "yes",
        "name": "Gudeg Yu Djum",
        "phone": "0813-3303-4747"
      },
      "geometry": {
        "type": "Point",
        "coordinates": [
          110.366767,
          -7.8045266
        ]
      },
      "id": "node/12811204496"
    },
    {
      "type": "Feature",
      "properties": {
        "@id": "node/12813488629",
        "amenity": "restaurant",
        "name": "Bakmi Jowo"
      },
      "geometry": {
        "type": "Point",
        "coordinates": [
          110.3648745,
          -7.805098
        ]
      },
      "id": "node/12813488629"
    },
    {
      "type": "Feature",
      "properties": {
        "@id": "node/12813488630",
        "addr:city": "Yogyakarta",
        "addr:province": "Jawa Tengah",
        "addr:street": "Jl. Pojok Tenggara",
        "amenity": "restaurant",
        "cuisine": "regional",
        "name": "Special Bakmi dan Nasi Goreng",
        "opening_hours": "17.00 - 23.00"
      },
      "geometry": {
        "type": "Point",
        "coordinates": [
          110.3652756,
          -7.8052657
        ]
      },
      "id": "node/12813488630"
    },
    {
      "type": "Feature",
      "properties": {
        "@id": "node/12830072018",
        "addr:city": "Yogyakarta",
        "addr:district": "Kraton",
        "addr:housenumber": "No.01",
        "addr:postcode": "55131",
        "addr:province": "Daerah IStimewa Yogyakarta",
        "addr:street": "Jalan Magangan Kulon",
        "addr:subdistrict": "Panembahan",
        "amenity": "restaurant",
        "name": "Bale Raos",
        "opening_hours": "Mo-Su 10:00-22:00",
        "website": "https://baleraos.co.id/"
      },
      "geometry": {
        "type": "Point",
        "coordinates": [
          110.3631225,
          -7.8084916
        ]
      },
      "id": "node/12830072018"
    },
    {
      "type": "Feature",
      "properties": {
        "@id": "node/12838647909",
        "amenity": "restaurant",
        "name": "Sate Klathak Pak Pong"
      },
      "geometry": {
        "type": "Point",
        "coordinates": [
          110.3874765,
          -7.8714433
        ]
      },
      "id": "node/12838647909"
    },
    {
      "type": "Feature",
      "properties": {
        "@id": "node/12838748896",
        "amenity": "restaurant",
        "name": "House of Raminten"
      },
      "geometry": {
        "type": "Point",
        "coordinates": [
          110.3715184,
          -7.7851589
        ]
      },
      "id": "node/12838748896"
    },
    {
      "type": "Feature",
      "properties": {
        "@id": "node/12840032732",
        "addr:city": "Kota Yogyakarta",
        "addr:district": "Kec.Gondomanan",
        "addr:housenumber": "no.6",
        "addr:province": "diy",
        "addr:street": "jl.Pekapalan Timur",
        "addr:subdistrict": "prawirodirjan",
        "amenity": "restaurant",
        "cuisine": "indonesian",
        "diet:halal": "yes",
        "diet:meat": "yes",
        "name": "tengkleng bhendjoyo kraton",
        "opening_hours": "Mo-Su 10:00-22:00",
        "phone": "085725725633"
      },
      "geometry": {
        "type": "Point",
        "coordinates": [
          110.3656104,
          -7.8027932
        ]
      },
      "id": "node/12840032732"
    },
    {
      "type": "Feature",
      "properties": {
        "@id": "node/12846512154",
        "addr:city": "Yogyakarta",
        "addr:district": "jl",
        "addr:housename": "alice",
        "addr:neighbourhood": "aries",
        "addr:postcode": "55232",
        "addr:province": "Daerah Istimewa Yogyakarta",
        "addr:street": "Jalan Pasar Kembang",
        "addr:subdistrict": "Gedong Tengen",
        "addr:unit": "13",
        "amenity": "restaurant",
        "cuisine": "coffee_shop;chicken",
        "diet:healthy": "yes",
        "name": "ge0fee",
        "opening_hours": "Mo-Su 10:00-22:00",
        "phone": "0835879895",
        "website": "https//:geofeesaa1324"
      },
      "geometry": {
        "type": "Point",
        "coordinates": [
          110.363241,
          -7.7903094
        ]
      },
      "id": "node/12846512154"
    },
    {
      "type": "Feature",
      "properties": {
        "@id": "node/12850076636",
        "addr:housename": "Endul",
        "addr:unit": "Seblak",
        "amenity": "restaurant",
        "cuisine": "indonesian",
        "diet:halal": "yes",
        "name": "Seblak Endul"
      },
      "geometry": {
        "type": "Point",
        "coordinates": [
          110.3450062,
          -7.873704
        ]
      },
      "id": "node/12850076636"
    },
    {
      "type": "Feature",
      "properties": {
        "@id": "node/12854802428",
        "amenity": "restaurant",
        "cuisine": "indonesian",
        "mobile": "+62 821-7200-1010",
        "name": "Kedai Makan Mbak Pesta",
        "outdoor_seating": "yes",
        "start_date": "2024",
        "toilets": "yes",
        "toilets:access": "customers",
        "toilets:wheelchair": "limited"
      },
      "geometry": {
        "type": "Point",
        "coordinates": [
          110.4230997,
          -7.6693654
        ]
      },
      "id": "node/12854802428"
    },
    {
      "type": "Feature",
      "properties": {
        "@id": "node/12854814275",
        "amenity": "restaurant",
        "cuisine": "indonesian",
        "diet:halal": "yes",
        "name": "Seblak PAW"
      },
      "geometry": {
        "type": "Point",
        "coordinates": [
          110.331268,
          -7.8788233
        ]
      },
      "id": "node/12854814275"
    },
    {
      "type": "Feature",
      "properties": {
        "@id": "node/12865947382",
        "amenity": "restaurant",
        "cuisine": "chicken;noodle;tea",
        "name": "Bakmi Jowo Mas Joyo"
      },
      "geometry": {
        "type": "Point",
        "coordinates": [
          110.422574,
          -7.7501237
        ]
      },
      "id": "node/12865947382"
    },
    {
      "type": "Feature",
      "properties": {
        "@id": "node/12865957949",
        "amenity": "restaurant"
      },
      "geometry": {
        "type": "Point",
        "coordinates": [
          110.4234265,
          -7.7503237
        ]
      },
      "id": "node/12865957949"
    },
    {
      "type": "Feature",
      "properties": {
        "@id": "node/12865957950",
        "amenity": "restaurant",
        "cuisine": "asian;indonesian",
        "name": "Warung sate kambing jaya rasa seger"
      },
      "geometry": {
        "type": "Point",
        "coordinates": [
          110.4234233,
          -7.7503092
        ]
      },
      "id": "node/12865957950"
    },
    {
      "type": "Feature",
      "properties": {
        "@id": "node/12868899881",
        "addr:housename": "Pak Gandung",
        "addr:unit": "1",
        "amenity": "restaurant",
        "cuisine": "ice_cream",
        "diet:halal": "yes",
        "name": "Warung Pak Gandung",
        "opening_hours": "24/7"
      },
      "geometry": {
        "type": "Point",
        "coordinates": [
          110.4128523,
          -7.7021876
        ]
      },
      "id": "node/12868899881"
    },
    {
      "type": "Feature",
      "properties": {
        "@id": "node/12869164328",
        "amenity": "restaurant",
        "name": "Mie Ayam Jolali wonogiri"
      },
      "geometry": {
        "type": "Point",
        "coordinates": [
          110.4125279,
          -7.7027365
        ]
      },
      "id": "node/12869164328"
    },
    {
      "type": "Feature",
      "properties": {
        "@id": "node/12875235013",
        "addr:housenumber": "2",
        "addr:street": "Jalan Kledokan",
        "amenity": "restaurant",
        "branch": "Kledokan",
        "cuisine": "indonesian",
        "mobile": "+62 878-0015-5758",
        "name": "Sambel Colek",
        "toilets": "yes",
        "toilets:access": "customers"
      },
      "geometry": {
        "type": "Point",
        "coordinates": [
          110.4084173,
          -7.7756569
        ]
      },
      "id": "node/12875235013"
    },
    {
      "type": "Feature",
      "properties": {
        "@id": "node/12880769774",
        "air_conditioning": "yes",
        "amenity": "restaurant",
        "cuisine": "noodle",
        "name": "Yamie Singkawang",
        "toilets": "yes",
        "toilets:access": "customers"
      },
      "geometry": {
        "type": "Point",
        "coordinates": [
          110.3685087,
          -7.8141018
        ]
      },
      "id": "node/12880769774"
    },
    {
      "type": "Feature",
      "properties": {
        "@id": "node/12905612292",
        "amenity": "restaurant",
        "name": "Lele Crispy & Lele Geprek Mba Reva",
        "phone": "+62 811-2652-448"
      },
      "geometry": {
        "type": "Point",
        "coordinates": [
          110.3621637,
          -7.8239557
        ]
      },
      "id": "node/12905612292"
    },
    {
      "type": "Feature",
      "properties": {
        "@id": "node/12920877981",
        "amenity": "restaurant",
        "name": "Depot Sintaka"
      },
      "geometry": {
        "type": "Point",
        "coordinates": [
          110.3656192,
          -7.7824524
        ]
      },
      "id": "node/12920877981"
    },
    {
      "type": "Feature",
      "properties": {
        "@id": "node/12920877982",
        "amenity": "restaurant",
        "name": "Madam Tan Indonesian Food"
      },
      "geometry": {
        "type": "Point",
        "coordinates": [
          110.3749082,
          -7.7751711
        ]
      },
      "id": "node/12920877982"
    },
    {
      "type": "Feature",
      "properties": {
        "@id": "node/12986835860",
        "addr:city": "KABUPATEN GUNUNG KIDUL",
        "addr:district": "SEMANU",
        "addr:housename": "KALIKCA",
        "addr:neighbourhood": "32",
        "addr:postcode": "55893",
        "addr:province": "Daerah Istimewa Yogyakarta",
        "addr:street": "Jalan Nasional",
        "addr:subdistrict": "SEMANU",
        "amenity": "restaurant",
        "cuisine": "chicken",
        "name": "KALIKCA Ayam Geprek & Rice Bowl",
        "opening_hours": "Mo-Su 08:00-22:00",
        "phone": "+62 812-1941-0163"
      },
      "geometry": {
        "type": "Point",
        "coordinates": [
          110.6487558,
          -7.9960882
        ]
      },
      "id": "node/12986835860"
    },
    {
      "type": "Feature",
      "properties": {
        "@id": "node/12986889867",
        "addr:city": "KABUPATEN GUNUNG KIDUL",
        "addr:district": "Wonosari",
        "addr:housename": "KANATA BEEBAKARANT",
        "addr:neighbourhood": "04/15",
        "addr:postcode": "55851",
        "addr:province": "Daerah Istimewa Yogyakarta",
        "addr:street": "Jalan CempakaAnggrek",
        "addr:subdistrict": "Wonosari",
        "amenity": "restaurant",
        "cuisine": "fish;chicken;regional;barbecue",
        "name": "The Angkringan Resto KANATA BEEBAKARANT",
        "opening_hours": "Mo-Su 09:00-23:00"
      },
      "geometry": {
        "type": "Point",
        "coordinates": [
          110.6079114,
          -7.964908
        ]
      },
      "id": "node/12986889867"
    },
    {
      "type": "Feature",
      "properties": {
        "@id": "node/13018827064",
        "amenity": "restaurant",
        "contact:instagram": "kalisdonuts.id",
        "name": "Kalis Kitchen"
      },
      "geometry": {
        "type": "Point",
        "coordinates": [
          110.3767006,
          -7.78037
        ]
      },
      "id": "node/13018827064"
    },
    {
      "type": "Feature",
      "properties": {
        "@id": "node/13140221101",
        "addr:postcode": "55185",
        "addr:street": "Abdullah syahid",
        "amenity": "restaurant",
        "cuisine": "indonesian",
        "name": "Waroeng Omah Sawah",
        "opening_hours": "Mo-Su 08:00-23:00"
      },
      "geometry": {
        "type": "Point",
        "coordinates": [
          110.3463227,
          -7.8714426
        ]
      },
      "id": "node/13140221101"
    },
    {
      "type": "Feature",
      "properties": {
        "@id": "node/13154691101",
        "addr:street": "Jalan Kenari",
        "amenity": "restaurant",
        "contact:instagram": "twincrabs",
        "cuisine": "seafood",
        "name": "Twincrabs",
        "self_service": "no"
      },
      "geometry": {
        "type": "Point",
        "coordinates": [
          110.432707,
          -7.7717934
        ]
      },
      "id": "node/13154691101"
    },
    {
      "type": "Feature",
      "properties": {
        "@id": "node/13159126201",
        "addr:housenumber": "1",
        "addr:street": "Jalan Reksobayan",
        "amenity": "restaurant",
        "check_date": "2025-09-27",
        "contact:instagram": "selaras__rasa",
        "cuisine": "indonesian",
        "name": "Selarasa"
      },
      "geometry": {
        "type": "Point",
        "coordinates": [
          110.3626302,
          -7.7989182
        ]
      },
      "id": "node/13159126201"
    },
    {
      "type": "Feature",
      "properties": {
        "@id": "node/13172443101",
        "addr:street": "Jalan Besi Jangkang",
        "amenity": "restaurant",
        "cuisine": "chicken;fish",
        "name": "Pecel Lele Maju Roso 2"
      },
      "geometry": {
        "type": "Point",
        "coordinates": [
          110.4174526,
          -7.701194
        ]
      },
      "id": "node/13172443101"
    },
    {
      "type": "Feature",
      "properties": {
        "@id": "node/13172515601",
        "addr:street": "Jalan Ngemplak-Pakem",
        "amenity": "restaurant",
        "cuisine": "chicken;coffee_shop;tea",
        "name": "Angkringan Wedangan Sumilir"
      },
      "geometry": {
        "type": "Point",
        "coordinates": [
          110.4425283,
          -7.697349
        ]
      },
      "id": "node/13172515601"
    },
    {
      "type": "Feature",
      "properties": {
        "@id": "node/13176743787",
        "amenity": "restaurant",
        "check_date": "2025-09-28",
        "cuisine": "indonesian",
        "name": "Blue Heron"
      },
      "geometry": {
        "type": "Point",
        "coordinates": [
          110.4011785,
          -7.7503282
        ]
      },
      "id": "node/13176743787"
    },
    {
      "type": "Feature",
      "properties": {
        "@id": "node/13185599001",
        "addr:housenumber": "No.343",
        "addr:postcode": "55281",
        "addr:street": "Jalan Colombo",
        "amenity": "restaurant",
        "cuisine": "indonesian",
        "name": "Warmindo Najwa"
      },
      "geometry": {
        "type": "Point",
        "coordinates": [
          110.3846181,
          -7.7780545
        ]
      },
      "id": "node/13185599001"
    },
    {
      "type": "Feature",
      "properties": {
        "@id": "node/13208462673",
        "addr:street": "Jalan Kenari",
        "amenity": "restaurant",
        "name": "Warung Makan Pak Kardi"
      },
      "geometry": {
        "type": "Point",
        "coordinates": [
          110.4328728,
          -7.7717657
        ]
      },
      "id": "node/13208462673"
    },
    {
      "type": "Feature",
      "properties": {
        "@id": "node/13234995111",
        "amenity": "restaurant",
        "cuisine": "meat_ball;tea",
        "name": "Bakso Pikul"
      },
      "geometry": {
        "type": "Point",
        "coordinates": [
          110.4441594,
          -7.7050844
        ]
      },
      "id": "node/13234995111"
    },
    {
      "type": "Feature",
      "properties": {
        "@id": "node/13236130591",
        "amenity": "restaurant",
        "name": "Soto Sor Pring"
      },
      "geometry": {
        "type": "Point",
        "coordinates": [
          110.4443629,
          -7.7022979
        ]
      },
      "id": "node/13236130591"
    },
    {
      "type": "Feature",
      "properties": {
        "@id": "node/13242241694",
        "addr:street": "Jalan Grogolan",
        "amenity": "restaurant",
        "name": "Mi Ayam & Bakso Pak Kabul"
      },
      "geometry": {
        "type": "Point",
        "coordinates": [
          110.4365781,
          -7.6836474
        ]
      },
      "id": "node/13242241694"
    },
    {
      "type": "Feature",
      "properties": {
        "@id": "node/13249217431",
        "amenity": "restaurant",
        "name": "Mavia Bakso"
      },
      "geometry": {
        "type": "Point",
        "coordinates": [
          110.3920179,
          -7.7078348
        ]
      },
      "id": "node/13249217431"
    },
    {
      "type": "Feature",
      "properties": {
        "@id": "node/13253639617",
        "addr:street": "Jalan Kragilan",
        "amenity": "restaurant",
        "name": "Penyetan Pakman"
      },
      "geometry": {
        "type": "Point",
        "coordinates": [
          110.3589481,
          -7.7705444
        ]
      },
      "id": "node/13253639617"
    },
    {
      "type": "Feature",
      "properties": {
        "@id": "node/13258930446",
        "addr:street": "Jalan Merpati",
        "amenity": "restaurant",
        "name": "Bakso Pak Waluh"
      },
      "geometry": {
        "type": "Point",
        "coordinates": [
          110.4315897,
          -7.7711583
        ]
      },
      "id": "node/13258930446"
    },
    {
      "type": "Feature",
      "properties": {
        "@id": "node/13260529301",
        "amenity": "restaurant",
        "name": "Joglo Bakso Pikul Enak"
      },
      "geometry": {
        "type": "Point",
        "coordinates": [
          110.4441,
          -7.7050695
        ]
      },
      "id": "node/13260529301"
    },
    {
      "type": "Feature",
      "properties": {
        "@id": "node/13288406606",
        "amenity": "restaurant",
        "name": "Sabdo'roso Soto"
      },
      "geometry": {
        "type": "Point",
        "coordinates": [
          110.3407153,
          -7.734634
        ]
      },
      "id": "node/13288406606"
    },
    {
      "type": "Feature",
      "properties": {
        "@id": "node/13289052768",
        "air_conditioning": "no",
        "amenity": "restaurant",
        "cuisine": "indonesian",
        "name": "Gulai Tjap Nyonya",
        "outdoor_seating": "yes",
        "start_date": "1968",
        "toilets": "yes",
        "toilets:access": "customers"
      },
      "geometry": {
        "type": "Point",
        "coordinates": [
          110.3954124,
          -7.7762846
        ]
      },
      "id": "node/13289052768"
    },
    {
      "type": "Feature",
      "properties": {
        "@id": "node/13321369978",
        "addr:street": "Jl. Kaliurang",
        "amenity": "restaurant",
        "name": "Soto Hollywood"
      },
      "geometry": {
        "type": "Point",
        "coordinates": [
          110.4167492,
          -7.6975394
        ]
      },
      "id": "node/13321369978"
    },
    {
      "type": "Feature",
      "properties": {
        "@id": "node/13322251895",
        "amenity": "restaurant",
        "cuisine": "coffee_shop;indonesian",
        "name": "Prameswari Resto & Kopi"
      },
      "geometry": {
        "type": "Point",
        "coordinates": [
          110.4124637,
          -7.7836447
        ]
      },
      "id": "node/13322251895"
    },
    {
      "type": "Feature",
      "properties": {
        "@id": "node/13323384376",
        "amenity": "restaurant",
        "name": "Kopi Galia"
      },
      "geometry": {
        "type": "Point",
        "coordinates": [
          110.44884,
          -7.6027366
        ]
      },
      "id": "node/13323384376"
    },
    {
      "type": "Feature",
      "properties": {
        "@id": "node/13323530570",
        "air_conditioning": "yes",
        "amenity": "restaurant",
        "cuisine": "asian;indonesian",
        "diet:halal": "yes",
        "internet_access": "wlan",
        "internet_access:fee": "no",
        "level": "0",
        "name": "Sategedhe Pasar Minggir",
        "opening_hours": "Mo-Su 12:00-20:00",
        "outdoor_seating": "yes",
        "smoking": "outside",
        "toilets": "yes"
      },
      "geometry": {
        "type": "Point",
        "coordinates": [
          110.243338,
          -7.7324591
        ]
      },
      "id": "node/13323530570"
    },
    {
      "type": "Feature",
      "properties": {
        "@id": "node/13333823601",
        "addr:street": "Jalan Kayen",
        "amenity": "restaurant",
        "cuisine": "indonesian",
        "name": "Resto 3 Raja",
        "opening_hours": "Tu-Su 11:00-20:00",
        "phone": "087776441192",
        "website": "https://www.resto3raja.com/",
        "website:menu": "https://www.resto3raja.com/menu"
      },
      "geometry": {
        "type": "Point",
        "coordinates": [
          110.3847867,
          -7.741975
        ]
      },
      "id": "node/13333823601"
    },
    {
      "type": "Feature",
      "properties": {
        "@id": "node/13386284401",
        "addr:postcode": "55261",
        "addr:street": "Jalan Letnan Jenderal Suprapto",
        "amenity": "restaurant",
        "name": "Dapur Memayu Ngampilan"
      },
      "geometry": {
        "type": "Point",
        "coordinates": [
          110.3566512,
          -7.7964061
        ]
      },
      "id": "node/13386284401"
    },
    {
      "type": "Feature",
      "properties": {
        "@id": "node/13401507880",
        "amenity": "restaurant",
        "contact:instagram": "pawonmrican",
        "contact:tiktok": "pawonmrican",
        "contact:whatsapp": "+62 895-2473-6196",
        "name": "Pawon Mrican",
        "phone": "+62 895-2473-6196"
      },
      "geometry": {
        "type": "Point",
        "coordinates": [
          110.3937597,
          -7.7744927
        ]
      },
      "id": "node/13401507880"
    },
    {
      "type": "Feature",
      "properties": {
        "@id": "node/13429708950",
        "addr:street": "Jalan Nangka",
        "amenity": "restaurant",
        "name": "Warmindo TN"
      },
      "geometry": {
        "type": "Point",
        "coordinates": [
          110.423927,
          -7.7628523
        ]
      },
      "id": "node/13429708950"
    },
    {
      "type": "Feature",
      "properties": {
        "@id": "node/13447860062",
        "addr:street": "Jalan Candi Ijo",
        "amenity": "restaurant",
        "name": "Lesung"
      },
      "geometry": {
        "type": "Point",
        "coordinates": [
          110.5140468,
          -7.7844383
        ]
      },
      "id": "node/13447860062"
    },
    {
      "type": "Feature",
      "properties": {
        "@id": "node/13515989421",
        "addr:street": "Jl. Godean-Seyegan",
        "amenity": "restaurant",
        "name": "Sego Welut"
      },
      "geometry": {
        "type": "Point",
        "coordinates": [
          110.291391,
          -7.7610338
        ]
      },
      "id": "node/13515989421"
    },
    {
      "type": "Feature",
      "properties": {
        "@id": "node/13523545635",
        "amenity": "restaurant",
        "contact:instagram": "segoempal_mbahedheg",
        "contact:whatsapp": "+62 822-1030-3448",
        "name": "Sego Empal mBah Èdhèg",
        "opening_hours": "Mo-Su 09:00-20:00"
      },
      "geometry": {
        "type": "Point",
        "coordinates": [
          110.4637035,
          -7.7691937
        ]
      },
      "id": "node/13523545635"
    },
    {
      "type": "Feature",
      "properties": {
        "@id": "node/13523576222",
        "amenity": "restaurant",
        "description": "Bebek dan ayam goreng khas Djakarta",
        "name": "Njonja Belanda"
      },
      "geometry": {
        "type": "Point",
        "coordinates": [
          110.4614561,
          -7.744353
        ]
      },
      "id": "node/13523576222"
    },
    {
      "type": "Feature",
      "properties": {
        "@id": "node/13546388001",
        "addr:street": "Jalan Rambutan",
        "amenity": "restaurant",
        "contact:instagram": "candhariheaven",
        "cuisine": "asian;indonesian",
        "level": "1",
        "name": "Candhari Heaven",
        "opening_hours": "Mo-Su 10:00-19:00",
        "self_service": "no",
        "website": "https://linktr.ee/candhari.heaven"
      },
      "geometry": {
        "type": "Point",
        "coordinates": [
          110.491798,
          -7.7682635
        ]
      },
      "id": "node/13546388001"
    },
    {
      "type": "Feature",
      "properties": {
        "@id": "node/13565871196",
        "amenity": "restaurant",
        "name": "Warung"
      },
      "geometry": {
        "type": "Point",
        "coordinates": [
          110.3285746,
          -8.0023684
        ]
      },
      "id": "node/13565871196"
    },
    {
      "type": "Feature",
      "properties": {
        "@id": "node/13574830501",
        "addr:postcode": "55184",
        "addr:street": "Jalan Tiryobangunjiwo",
        "amenity": "restaurant",
        "check_date": "2026-02-18",
        "check_date:opening_hours": "2026-02-18",
        "contact:instagram": "canditirtoraharjo",
        "name": "Candi Tirto Raharjo",
        "opening_hours": "Mo-Su 10:00-22:00"
      },
      "geometry": {
        "type": "Point",
        "coordinates": [
          110.3374764,
          -7.8424088
        ]
      },
      "id": "node/13574830501"
    },
    {
      "type": "Feature",
      "properties": {
        "@id": "node/13611063201",
        "amenity": "restaurant",
        "internet_access": "wlan",
        "name": "Angkingan (Modern) Tjakruk",
        "opening_hours": "Mo-Su 10:00-22:00"
      },
      "geometry": {
        "type": "Point",
        "coordinates": [
          110.1596675,
          -7.8477477
        ]
      },
      "id": "node/13611063201"
    },
    {
      "type": "Feature",
      "properties": {
        "@id": "node/13641144601",
        "addr:street": "Jalan Kranggan",
        "amenity": "restaurant",
        "check_date": "2026-03-12",
        "cuisine": "chinese;indonesian",
        "name": "Arun 78"
      },
      "geometry": {
        "type": "Point",
        "coordinates": [
          110.3622174,
          -7.7815153
        ]
      },
      "id": "node/13641144601"
    },
    {
      "type": "Feature",
      "properties": {
        "@id": "node/13644551301",
        "addr:street": "Jalan Wonocatur",
        "amenity": "restaurant",
        "check_date": "2026-03-13",
        "check_date:opening_hours": "2026-03-13",
        "cuisine": "indonesian",
        "name": "Bakso Dawet Ringin Pak Bardi Jogja",
        "opening_hours": "Mo-Su 10:30-18:00"
      },
      "geometry": {
        "type": "Point",
        "coordinates": [
          110.4145397,
          -7.8026224
        ]
      },
      "id": "node/13644551301"
    },
    {
      "type": "Feature",
      "properties": {
        "@id": "node/13645538601",
        "addr:street": "Jalan Magelang",
        "amenity": "restaurant",
        "check_date": "2026-03-13",
        "check_date:opening_hours": "2026-03-13",
        "contact:instagram": "ronde.raden",
        "cuisine": "indonesian",
        "name": "Ronde RaDen",
        "opening_hours": "Mo-Su 16:00-22:30",
        "phone": "+6285186053468",
        "website": "https://linktr.ee/ronderaden?utm_source=ig&utm_medium=social&utm_content=link_in_bio",
        "website:menu": "https://drive.google.com/drive/mobile/folders/1-t_lDVzBq_Zta3x0Lk6Rrc63C0jMxULR"
      },
      "geometry": {
        "type": "Point",
        "coordinates": [
          110.3607656,
          -7.7812166
        ]
      },
      "id": "node/13645538601"
    },
    {
      "type": "Feature",
      "properties": {
        "@id": "node/13685665032",
        "amenity": "restaurant",
        "name": "Nasi Padang Padi Rimbun"
      },
      "geometry": {
        "type": "Point",
        "coordinates": [
          110.4027276,
          -7.7207081
        ]
      },
      "id": "node/13685665032"
    },
    {
      "type": "Feature",
      "properties": {
        "@id": "node/13685665034",
        "amenity": "restaurant",
        "name": "Jual Bakso & Mi Ayam"
      },
      "geometry": {
        "type": "Point",
        "coordinates": [
          110.4027991,
          -7.7206261
        ]
      },
      "id": "node/13685665034"
    },
    {
      "type": "Feature",
      "properties": {
        "@id": "node/13697331551",
        "addr:street": "Jalan Kandangsari",
        "amenity": "restaurant",
        "name": "Bakso Ndeso"
      },
      "geometry": {
        "type": "Point",
        "coordinates": [
          110.4312685,
          -7.7040631
        ]
      },
      "id": "node/13697331551"
    },
    {
      "type": "Feature",
      "properties": {
        "@id": "node/13704675090",
        "amenity": "restaurant",
        "name": "Pawon Tempuran by Toto Dahar"
      },
      "geometry": {
        "type": "Point",
        "coordinates": [
          110.4017789,
          -7.7250582
        ]
      },
      "id": "node/13704675090"
    },
    {
      "type": "Feature",
      "properties": {
        "@id": "node/13704675093",
        "amenity": "restaurant",
        "name": "RM. Padang Buyung Upik"
      },
      "geometry": {
        "type": "Point",
        "coordinates": [
          110.4048775,
          -7.7177884
        ]
      },
      "id": "node/13704675093"
    },
    {
      "type": "Feature",
      "properties": {
        "@id": "node/13704675095",
        "amenity": "restaurant",
        "name": "Bebek Subsidi Jogja - Kaliurang"
      },
      "geometry": {
        "type": "Point",
        "coordinates": [
          110.405845,
          -7.7166705
        ]
      },
      "id": "node/13704675095"
    },
    {
      "type": "Feature",
      "properties": {
        "@id": "node/13704688893",
        "amenity": "restaurant",
        "name": "Warung Ayam Geprek"
      },
      "geometry": {
        "type": "Point",
        "coordinates": [
          110.3989429,
          -7.7263311
        ]
      },
      "id": "node/13704688893"
    },
    {
      "type": "Feature",
      "properties": {
        "@id": "node/13704688900",
        "amenity": "restaurant",
        "name": "Padang Murah"
      },
      "geometry": {
        "type": "Point",
        "coordinates": [
          110.3997626,
          -7.7268675
        ]
      },
      "id": "node/13704688900"
    },
    {
      "type": "Feature",
      "properties": {
        "@id": "node/13704701961",
        "amenity": "restaurant",
        "cuisine": "indonesian;nasi_padang",
        "name": "Nasi Padang"
      },
      "geometry": {
        "type": "Point",
        "coordinates": [
          110.3996855,
          -7.7199491
        ]
      },
      "id": "node/13704701961"
    },
    {
      "type": "Feature",
      "properties": {
        "@id": "node/13704701962",
        "amenity": "restaurant",
        "name": "Jual Gorengan"
      },
      "geometry": {
        "type": "Point",
        "coordinates": [
          110.3998962,
          -7.7199021
        ]
      },
      "id": "node/13704701962"
    },
    {
      "type": "Feature",
      "properties": {
        "@id": "node/13704701965",
        "amenity": "restaurant",
        "name": "Jual Degan Kelapa Muda"
      },
      "geometry": {
        "type": "Point",
        "coordinates": [
          110.4019292,
          -7.7203035
        ]
      },
      "id": "node/13704701965"
    },
    {
      "type": "Feature",
      "properties": {
        "@id": "node/13704701970",
        "amenity": "restaurant",
        "name": "Kremesan Raihan"
      },
      "geometry": {
        "type": "Point",
        "coordinates": [
          110.3999772,
          -7.7231264
        ]
      },
      "id": "node/13704701970"
    },
    {
      "type": "Feature",
      "properties": {
        "@id": "node/13704784221",
        "addr:street": "Jalan Godean - Seyegan",
        "amenity": "restaurant",
        "name": "Joglo Kerto Darmo"
      },
      "geometry": {
        "type": "Point",
        "coordinates": [
          110.2947491,
          -7.7571527
        ]
      },
      "id": "node/13704784221"
    },
    {
      "type": "Feature",
      "properties": {
        "@id": "node/13707366169",
        "amenity": "restaurant",
        "name": "Mie Ayam dan Bakso Remaja"
      },
      "geometry": {
        "type": "Point",
        "coordinates": [
          110.4351639,
          -7.7770252
        ]
      },
      "id": "node/13707366169"
    }
  ]
}