#
# There is insufficient memory for the Java Runtime Environment to continue.
# Native memory allocation (mmap) failed to map 2743074816 bytes. Error detail: G1 virtual space
# Possible reasons:
#   The system is out of physical RAM or swap space
#   This process is running with CompressedOops enabled, and the Java Heap may be blocking the growth of the native heap
# Possible solutions:
#   Reduce memory load on the system
#   Increase physical memory or swap space
#   Check if swap backing store is full
#   Decrease Java heap size (-Xmx/-Xms)
#   Decrease number of Java threads
#   Decrease Java thread stack sizes (-Xss)
#   Set larger code cache with -XX:ReservedCodeCacheSize=
#   JVM is running with Zero Based Compressed Oops mode in which the Java heap is
#     placed in the first 32GB address space. The Java Heap base address is the
#     maximum limit for the native heap growth. Please use -XX:HeapBaseMinAddress
#     to set the Java Heap base and to place the Java Heap above 32GB virtual address.
# This output file may be truncated or incomplete.
#
#  Out of Memory Error (os_windows.cpp:3707), pid=18644, tid=12896
#
# JRE version: Java(TM) SE Runtime Environment (23.0.2+7) (build 23.0.2+7-58)
# Java VM: Java HotSpot(TM) 64-Bit Server VM (23.0.2+7-58, mixed mode, sharing, tiered, compressed oops, compressed class ptrs, g1 gc, windows-amd64)
# No core dump will be written. Minidumps are not enabled by default on client versions of Windows
#

---------------  S U M M A R Y ------------

Command Line: --add-opens=java.base/java.lang=ALL-UNNAMED --add-opens=java.base/java.lang.invoke=ALL-UNNAMED --add-opens=java.base/java.util=ALL-UNNAMED --add-opens=java.prefs/java.util.prefs=ALL-UNNAMED --add-exports=jdk.compiler/com.sun.tools.javac.api=ALL-UNNAMED --add-exports=jdk.compiler/com.sun.tools.javac.util=ALL-UNNAMED --add-opens=java.base/java.util=ALL-UNNAMED --add-opens=java.prefs/java.util.prefs=ALL-UNNAMED --add-opens=java.base/java.nio.charset=ALL-UNNAMED --add-opens=java.base/java.net=ALL-UNNAMED --add-opens=java.base/java.util.concurrent.atomic=ALL-UNNAMED --add-opens=java.xml/javax.xml.namespace=ALL-UNNAMED -XX:MaxMetaspaceSize=4G -XX:ReservedCodeCacheSize=512m -XX:+HeapDumpOnOutOfMemoryError -Xmx8G -Dfile.encoding=UTF-8 -Duser.country=US -Duser.language=en -Duser.variant -javaagent:C:\Users\User\.gradle\wrapper\dists\gradle-8.14-all\c2qonpi39x1mddn7hk5gh9iqj\gradle-8.14\lib\agents\gradle-instrumentation-agent-8.14.jar org.gradle.launcher.daemon.bootstrap.GradleDaemon 8.14

Host: Intel(R) Core(TM) i3-6100U CPU @ 2.30GHz, 4 cores, 7G,  Windows 10 , 64 bit Build 19041 (10.0.19041.3636)
Time: Mon Apr 27 07:51:26 2026 SE Asia Standard Time elapsed time: 2602.624599 seconds (0d 0h 43m 22s)

---------------  T H R E A D  ---------------

Current thread (0x0000022d723ca290):  VMThread "VM Thread"          [id=12896, stack(0x0000009884500000,0x0000009884600000) (1024K)]

Stack: [0x0000009884500000,0x0000009884600000]
Native frames: (J=compiled Java code, j=interpreted, Vv=VM code, C=native code)
V  [jvm.dll+0x6e0b99]  (no source info available)
V  [jvm.dll+0x87e2b3]  (no source info available)
V  [jvm.dll+0x88073e]  (no source info available)
V  [jvm.dll+0x880e13]  (no source info available)
V  [jvm.dll+0x27b006]  (no source info available)
V  [jvm.dll+0x6dd485]  (no source info available)
V  [jvm.dll+0x6d127a]  (no source info available)
V  [jvm.dll+0x35b50a]  (no source info available)
V  [jvm.dll+0x363916]  (no source info available)
V  [jvm.dll+0x34fe7e]  (no source info available)
V  [jvm.dll+0x350118]  (no source info available)
V  [jvm.dll+0x328aec]  (no source info available)
V  [jvm.dll+0x328b7a]  (no source info available)
V  [jvm.dll+0x374db2]  (no source info available)
V  [jvm.dll+0x3734b2]  (no source info available)
V  [jvm.dll+0x3282c7]  (no source info available)
V  [jvm.dll+0x372c64]  (no source info available)
V  [jvm.dll+0x886d50]  (no source info available)
V  [jvm.dll+0x888077]  (no source info available)
V  [jvm.dll+0x8885a8]  (no source info available)
V  [jvm.dll+0x888843]  (no source info available)
V  [jvm.dll+0x8254cb]  (no source info available)
V  [jvm.dll+0x6df345]  (no source info available)
C  [ucrtbase.dll+0x21bb2]  (no source info available)
C  [KERNEL32.DLL+0x17344]  (no source info available)
C  [ntdll.dll+0x526b1]  (no source info available)

VM_Operation (0x00000098859f8280): G1CollectForAllocation, mode: safepoint, requested by thread 0x0000022dbba43300


---------------  P R O C E S S  ---------------

Threads class SMR info:
_java_thread_list=0x0000022dd681d050, length=86, elements={
0x0000022d3d63e1f0, 0x0000022d723e4c30, 0x0000022d723e6050, 0x0000022d723e70f0,
0x0000022d723e7b50, 0x0000022d723f1750, 0x0000022d723f4370, 0x0000022d723f87b0,
0x0000022d723fa270, 0x0000022d749147c0, 0x0000022d74b07070, 0x0000022dbbb4ba60,
0x0000022dbb400ef0, 0x0000022dbb9fc090, 0x0000022dbb5722e0, 0x0000022dbba43300,
0x0000022dbba53130, 0x0000022dbba54b70, 0x0000022dbba53e50, 0x0000022dbe0d7410,
0x0000022dbe0d94e0, 0x0000022dbe0d9b70, 0x0000022dbe0da200, 0x0000022dbe0da890,
0x0000022dbd65ea50, 0x0000022dbd65d010, 0x0000022dbf279440, 0x0000022dd18f2640,
0x0000022dd18ede10, 0x0000022dd18f2cd0, 0x0000022dd18f3360, 0x0000022dd18f4da0,
0x0000022dbf6e1970, 0x0000022dbf6e2000, 0x0000022dbf6e2690, 0x0000022dbf6dff30,
0x0000022dbf6e2d20, 0x0000022dbf6e4760, 0x0000022dbf6de4f0, 0x0000022dbf6dd7d0,
0x0000022dbf6deb80, 0x0000022dd0082120, 0x0000022dd0085c30, 0x0000022dd007eca0,
0x0000022dd007f9c0, 0x0000022dd0086fe0, 0x0000022dd0087d00, 0x0000022dd0087670,
0x0000022dd0088a20, 0x0000022dd0088390, 0x0000022dd00890b0, 0x0000022dd0089dd0,
0x0000022dbd9097c0, 0x0000022dbd909e50, 0x0000022dbd5bb9a0, 0x0000022dbd5b8520,
0x0000022dbd5bc030, 0x0000022dbd5b9f60, 0x0000022dbd5bcd50, 0x0000022dbd5bd3e0,
0x0000022dbd65d6a0, 0x0000022dbd65f0e0, 0x0000022dbd65f770, 0x0000022dbd65af40,
0x0000022dbd661840, 0x0000022dc02a5b90, 0x0000022dc02a4150, 0x0000022dc02a6220,
0x0000022dc02a82f0, 0x0000022dc02a68b0, 0x0000022dbf27a7f0, 0x0000022dbf27c230,
0x0000022dbd779ec0, 0x0000022dbba55f20, 0x0000022dbba565b0, 0x0000022dbba537c0,
0x0000022dbe0d8e50, 0x0000022dbe0d87c0, 0x0000022dbe0d7aa0, 0x0000022dd18f1fb0,
0x0000022dd18fa2f0, 0x0000022dd18fa980, 0x0000022dd7dab490, 0x0000022dd7db5210,
0x0000022dd7db0350, 0x0000022dbd3cc350
}

Java Threads: ( => current thread )
  0x0000022d3d63e1f0 JavaThread "main"                              [_thread_blocked, id=2904, stack(0x0000009883e00000,0x0000009883f00000) (1024K)]
  0x0000022d723e4c30 JavaThread "Reference Handler"          daemon [_thread_blocked, id=20348, stack(0x0000009884600000,0x0000009884700000) (1024K)]
  0x0000022d723e6050 JavaThread "Finalizer"                  daemon [_thread_blocked, id=20320, stack(0x0000009884700000,0x0000009884800000) (1024K)]
  0x0000022d723e70f0 JavaThread "Signal Dispatcher"          daemon [_thread_blocked, id=6944, stack(0x0000009884800000,0x0000009884900000) (1024K)]
  0x0000022d723e7b50 JavaThread "Attach Listener"            daemon [_thread_blocked, id=18252, stack(0x0000009884900000,0x0000009884a00000) (1024K)]
  0x0000022d723f1750 JavaThread "Service Thread"             daemon [_thread_blocked, id=11192, stack(0x0000009884a00000,0x0000009884b00000) (1024K)]
  0x0000022d723f4370 JavaThread "Monitor Deflation Thread"   daemon [_thread_blocked, id=19812, stack(0x0000009884b00000,0x0000009884c00000) (1024K)]
  0x0000022d723f87b0 JavaThread "C2 CompilerThread0"         daemon [_thread_blocked, id=8784, stack(0x0000009884c00000,0x0000009884d00000) (1024K)]
  0x0000022d723fa270 JavaThread "C1 CompilerThread0"         daemon [_thread_blocked, id=11472, stack(0x0000009884d00000,0x0000009884e00000) (1024K)]
  0x0000022d749147c0 JavaThread "Common-Cleaner"             daemon [_thread_blocked, id=20700, stack(0x0000009884e00000,0x0000009884f00000) (1024K)]
  0x0000022d74b07070 JavaThread "Notification Thread"        daemon [_thread_blocked, id=20584, stack(0x0000009885000000,0x0000009885100000) (1024K)]
  0x0000022dbbb4ba60 JavaThread "Daemon health stats"               [_thread_blocked, id=15200, stack(0x0000009885400000,0x0000009885500000) (1024K)]
  0x0000022dbb400ef0 JavaThread "Incoming local TCP Connector on port 63346"        [_thread_in_native, id=21184, stack(0x0000009885300000,0x0000009885400000) (1024K)]
  0x0000022dbb9fc090 JavaThread "Daemon periodic checks"            [_thread_blocked, id=7652, stack(0x0000009885500000,0x0000009885600000) (1024K)]
  0x0000022dbb5722e0 JavaThread "Daemon"                            [_thread_blocked, id=17352, stack(0x0000009885600000,0x0000009885700000) (1024K)]
  0x0000022dbba43300 JavaThread "Daemon worker"                     [_thread_blocked, id=1132, stack(0x0000009885900000,0x0000009885a00000) (1024K)]
  0x0000022dbba53130 JavaThread "Cache worker for journal cache (C:\Users\User\.gradle\caches\journal-1)"        [_thread_blocked, id=17744, stack(0x0000009885e00000,0x0000009885f00000) (1024K)]
  0x0000022dbba54b70 JavaThread "File lock request listener"        [_thread_in_native, id=21276, stack(0x0000009885f00000,0x0000009886000000) (1024K)]
  0x0000022dbba53e50 JavaThread "Cache worker for file hash cache (C:\Users\User\.gradle\caches\8.14\fileHashes)"        [_thread_blocked, id=16708, stack(0x0000009886000000,0x0000009886100000) (1024K)]
  0x0000022dbe0d7410 JavaThread "File watcher server"        daemon [_thread_in_native, id=19504, stack(0x0000009886300000,0x0000009886400000) (1024K)]
  0x0000022dbe0d94e0 JavaThread "File watcher consumer"      daemon [_thread_blocked, id=8928, stack(0x0000009886400000,0x0000009886500000) (1024K)]
  0x0000022dbe0d9b70 JavaThread "jar transforms"                    [_thread_blocked, id=18836, stack(0x0000009886500000,0x0000009886600000) (1024K)]
  0x0000022dbe0da200 JavaThread "jar transforms Thread 2"           [_thread_blocked, id=9016, stack(0x0000009886600000,0x0000009886700000) (1024K)]
  0x0000022dbe0da890 JavaThread "jar transforms Thread 3"           [_thread_blocked, id=18548, stack(0x0000009886700000,0x0000009886800000) (1024K)]
  0x0000022dbd65ea50 JavaThread "jar transforms Thread 4"           [_thread_blocked, id=16576, stack(0x0000009886800000,0x0000009886900000) (1024K)]
  0x0000022dbd65d010 JavaThread "Cache worker for file content cache (C:\Users\User\.gradle\caches\8.14\fileContent)"        [_thread_blocked, id=9696, stack(0x0000009886a00000,0x0000009886b00000) (1024K)]
  0x0000022dbf279440 JavaThread "Memory manager"                    [_thread_blocked, id=15716, stack(0x0000009888400000,0x0000009888500000) (1024K)]
  0x0000022dd18f2640 JavaThread "RMI Scheduler(0)"           daemon [_thread_blocked, id=8936, stack(0x0000009889e00000,0x0000009889f00000) (1024K)]
  0x0000022dd18ede10 JavaThread "RMI GC Daemon"              daemon [_thread_blocked, id=5160, stack(0x000000988a000000,0x000000988a100000) (1024K)]
  0x0000022dd18f2cd0 JavaThread "RMI TCP Accept-0"           daemon [_thread_in_native, id=21116, stack(0x000000988a100000,0x000000988a200000) (1024K)]
  0x0000022dd18f3360 JavaThread "RMI Reaper"                        [_thread_blocked, id=12092, stack(0x000000988a200000,0x000000988a300000) (1024K)]
  0x0000022dd18f4da0 JavaThread "included builds Thread 2"          [_thread_blocked, id=10308, stack(0x0000009889f00000,0x000000988a000000) (1024K)]
  0x0000022dbf6e1970 JavaThread "VFS cleanup"                       [_thread_blocked, id=6932, stack(0x0000009883b00000,0x0000009883c00000) (1024K)]
  0x0000022dbf6e2000 JavaThread "Handler for socket connection from /127.0.0.1:63346 to /127.0.0.1:52932"        [_thread_in_native, id=12996, stack(0x0000009883c00000,0x0000009883d00000) (1024K)]
  0x0000022dbf6e2690 JavaThread "Cancel handler"                    [_thread_blocked, id=3024, stack(0x0000009883d00000,0x0000009883e00000) (1024K)]
  0x0000022dbf6dff30 JavaThread "Asynchronous log dispatcher for DefaultDaemonConnection: socket connection from /127.0.0.1:63346 to /127.0.0.1:52932"        [_thread_blocked, id=20484, stack(0x0000009885700000,0x0000009885800000) (1024K)]
  0x0000022dbf6e2d20 JavaThread "Stdin handler"                     [_thread_blocked, id=11064, stack(0x0000009885800000,0x0000009885900000) (1024K)]
  0x0000022dbf6e4760 JavaThread "Daemon client event forwarder"        [_thread_blocked, id=5232, stack(0x0000009885a00000,0x0000009885b00000) (1024K)]
  0x0000022dbf6de4f0 JavaThread "Cache worker for file hash cache (D:\UPNVY\Kuliah\SEM.6\TPM\project\foodie_finder\android\.gradle\8.14\fileHashes)"        [_thread_blocked, id=15748, stack(0x0000009885b00000,0x0000009885c00000) (1024K)]
  0x0000022dbf6dd7d0 JavaThread "Cache worker for Build Output Cleanup Cache (D:\UPNVY\Kuliah\SEM.6\TPM\project\foodie_finder\android\.gradle\buildOutputCleanup)"        [_thread_blocked, id=12460, stack(0x0000009885c00000,0x0000009885d00000) (1024K)]
  0x0000022dbf6deb80 JavaThread "Cache worker for checksums cache (D:\UPNVY\Kuliah\SEM.6\TPM\project\foodie_finder\android\.gradle\8.14\checksums)"        [_thread_blocked, id=20556, stack(0x0000009885d00000,0x0000009885e00000) (1024K)]
  0x0000022dd0082120 JavaThread "Cache worker for cache directory md-supplier (C:\Users\User\.gradle\caches\8.14\md-supplier)"        [_thread_blocked, id=17700, stack(0x0000009886100000,0x0000009886200000) (1024K)]
  0x0000022dd0085c30 JavaThread "Cache worker for cache directory md-rule (C:\Users\User\.gradle\caches\8.14\md-rule)"        [_thread_blocked, id=15912, stack(0x0000009886200000,0x0000009886300000) (1024K)]
  0x0000022dd007eca0 JavaThread "Cache worker for Build Output Cleanup Cache (C:\Users\User\.antigravity\extensions\flutter\packages\flutter_tools\gradle\.gradle\buildOutputCleanup)"        [_thread_blocked, id=9192, stack(0x0000009886900000,0x0000009886a00000) (1024K)]
  0x0000022dd007f9c0 JavaThread "Unconstrained build operations"        [_thread_blocked, id=3920, stack(0x0000009886b00000,0x0000009886c00000) (1024K)]
  0x0000022dd0086fe0 JavaThread "Unconstrained build operations Thread 2"        [_thread_blocked, id=10856, stack(0x0000009886c00000,0x0000009886d00000) (1024K)]
  0x0000022dd0087d00 JavaThread "Unconstrained build operations Thread 3"        [_thread_blocked, id=15576, stack(0x0000009886e00000,0x0000009886f00000) (1024K)]
  0x0000022dd0087670 JavaThread "Unconstrained build operations Thread 4"        [_thread_blocked, id=18044, stack(0x0000009886f00000,0x0000009887000000) (1024K)]
  0x0000022dd0088a20 JavaThread "Unconstrained build operations Thread 5"        [_thread_blocked, id=17760, stack(0x0000009887000000,0x0000009887100000) (1024K)]
  0x0000022dd0088390 JavaThread "Unconstrained build operations Thread 6"        [_thread_blocked, id=13836, stack(0x0000009887100000,0x0000009887200000) (1024K)]
  0x0000022dd00890b0 JavaThread "build event listener"              [_thread_blocked, id=7252, stack(0x0000009887200000,0x0000009887300000) (1024K)]
  0x0000022dd0089dd0 JavaThread "Kotlin DSL Writer"                 [_thread_blocked, id=19440, stack(0x0000009887300000,0x0000009887400000) (1024K)]
  0x0000022dbd9097c0 JavaThread "included builds"                   [_thread_blocked, id=11624, stack(0x0000009887400000,0x0000009887500000) (1024K)]
  0x0000022dbd909e50 JavaThread "Execution worker"                  [_thread_blocked, id=8268, stack(0x0000009887500000,0x0000009887600000) (1024K)]
  0x0000022dbd5bb9a0 JavaThread "Execution worker Thread 2"         [_thread_blocked, id=20688, stack(0x0000009887600000,0x0000009887700000) (1024K)]
  0x0000022dbd5b8520 JavaThread "Execution worker Thread 3"         [_thread_blocked, id=6756, stack(0x0000009887700000,0x0000009887800000) (1024K)]
  0x0000022dbd5bc030 JavaThread "Cache worker for execution history cache (C:\Users\User\.antigravity\extensions\flutter\packages\flutter_tools\gradle\.gradle\8.14\executionHistory)"        [_thread_blocked, id=1488, stack(0x0000009887800000,0x0000009887900000) (1024K)]
  0x0000022dbd5b9f60 JavaThread "Unconstrained build operations Thread 7"        [_thread_blocked, id=20432, stack(0x0000009887900000,0x0000009887a00000) (1024K)]
  0x0000022dbd5bcd50 JavaThread "Unconstrained build operations Thread 8"        [_thread_blocked, id=15364, stack(0x0000009887a00000,0x0000009887b00000) (1024K)]
  0x0000022dbd5bd3e0 JavaThread "Unconstrained build operations Thread 9"        [_thread_blocked, id=19996, stack(0x0000009887b00000,0x0000009887c00000) (1024K)]
  0x0000022dbd65d6a0 JavaThread "Unconstrained build operations Thread 10"        [_thread_blocked, id=14452, stack(0x0000009887c00000,0x0000009887d00000) (1024K)]
  0x0000022dbd65f0e0 JavaThread "Unconstrained build operations Thread 11"        [_thread_blocked, id=17360, stack(0x0000009887d00000,0x0000009887e00000) (1024K)]
  0x0000022dbd65f770 JavaThread "Unconstrained build operations Thread 12"        [_thread_blocked, id=10420, stack(0x0000009887e00000,0x0000009887f00000) (1024K)]
  0x0000022dbd65af40 JavaThread "Unconstrained build operations Thread 13"        [_thread_blocked, id=17092, stack(0x0000009888000000,0x0000009888100000) (1024K)]
  0x0000022dbd661840 JavaThread "Unconstrained build operations Thread 14"        [_thread_blocked, id=21040, stack(0x0000009888100000,0x0000009888200000) (1024K)]
  0x0000022dc02a5b90 JavaThread "Unconstrained build operations Thread 15"        [_thread_blocked, id=18188, stack(0x0000009887f00000,0x0000009888000000) (1024K)]
  0x0000022dc02a4150 JavaThread "Unconstrained build operations Thread 16"        [_thread_blocked, id=19316, stack(0x0000009888200000,0x0000009888300000) (1024K)]
  0x0000022dc02a6220 JavaThread "Unconstrained build operations Thread 17"        [_thread_blocked, id=15404, stack(0x0000009888300000,0x0000009888400000) (1024K)]
  0x0000022dc02a82f0 JavaThread "Unconstrained build operations Thread 18"        [_thread_blocked, id=4088, stack(0x0000009888500000,0x0000009888600000) (1024K)]
  0x0000022dc02a68b0 JavaThread "Unconstrained build operations Thread 19"        [_thread_blocked, id=11392, stack(0x0000009888600000,0x0000009888700000) (1024K)]
  0x0000022dbf27a7f0 JavaThread "Unconstrained build operations Thread 20"        [_thread_blocked, id=18632, stack(0x0000009888700000,0x0000009888800000) (1024K)]
  0x0000022dbf27c230 JavaThread "Kotlin DSL Writer"                 [_thread_blocked, id=20364, stack(0x0000009888800000,0x0000009888900000) (1024K)]
  0x0000022dbd779ec0 JavaThread "build event listener"              [_thread_blocked, id=15920, stack(0x0000009888a00000,0x0000009888b00000) (1024K)]
  0x0000022dbba55f20 JavaThread "Unconstrained build operations Thread 21"        [_thread_blocked, id=15976, stack(0x0000009888b00000,0x0000009888c00000) (1024K)]
  0x0000022dbba565b0 JavaThread "Unconstrained build operations Thread 22"        [_thread_blocked, id=18244, stack(0x0000009888c00000,0x0000009888d00000) (1024K)]
  0x0000022dbba537c0 JavaThread "Unconstrained build operations Thread 23"        [_thread_blocked, id=8480, stack(0x0000009888d00000,0x0000009888e00000) (1024K)]
  0x0000022dbe0d8e50 JavaThread "Unconstrained build operations Thread 24"        [_thread_blocked, id=19384, stack(0x0000009888e00000,0x0000009888f00000) (1024K)]
  0x0000022dbe0d87c0 JavaThread "Unconstrained build operations Thread 25"        [_thread_blocked, id=14964, stack(0x0000009888f00000,0x0000009889000000) (1024K)]
  0x0000022dbe0d7aa0 JavaThread "Unconstrained build operations Thread 26"        [_thread_blocked, id=8364, stack(0x0000009889000000,0x0000009889100000) (1024K)]
  0x0000022dd18f1fb0 JavaThread "Problems report writer"            [_thread_blocked, id=9528, stack(0x0000009889100000,0x0000009889200000) (1024K)]
  0x0000022dd18fa2f0 JavaThread "Unconstrained build operations Thread 27"        [_thread_blocked, id=12992, stack(0x0000009889200000,0x0000009889300000) (1024K)]
  0x0000022dd18fa980 JavaThread "Unconstrained build operations Thread 28"        [_thread_blocked, id=21472, stack(0x0000009889300000,0x0000009889400000) (1024K)]
  0x0000022dd7dab490 JavaThread "Unconstrained build operations Thread 29"        [_thread_blocked, id=16552, stack(0x0000009889400000,0x0000009889500000) (1024K)]
  0x0000022dd7db5210 JavaThread "Unconstrained build operations Thread 30"        [_thread_blocked, id=13008, stack(0x0000009889500000,0x0000009889600000) (1024K)]
  0x0000022dd7db0350 JavaThread "Unconstrained build operations Thread 31"        [_thread_blocked, id=1036, stack(0x0000009889600000,0x0000009889700000) (1024K)]
  0x0000022dbd3cc350 JavaThread "Unconstrained build operations Thread 32"        [_thread_blocked, id=10128, stack(0x0000009889700000,0x0000009889800000) (1024K)]
Total: 86

Other Threads:
=>0x0000022d723ca290 VMThread "VM Thread"                           [id=12896, stack(0x0000009884500000,0x0000009884600000) (1024K)]
  0x0000022d723b3c40 WatcherThread "VM Periodic Task Thread"        [id=10524, stack(0x0000009884400000,0x0000009884500000) (1024K)]
  0x0000022d3f98c2c0 WorkerThread "GC Thread#0"                     [id=12296, stack(0x0000009883f00000,0x0000009884000000) (1024K)]
  0x0000022d74ba05a0 WorkerThread "GC Thread#1"                     [id=14276, stack(0x0000009884f00000,0x0000009885000000) (1024K)]
  0x0000022d74ba0950 WorkerThread "GC Thread#2"                     [id=7756, stack(0x0000009885100000,0x0000009885200000) (1024K)]
  0x0000022d74c0b530 WorkerThread "GC Thread#3"                     [id=1496, stack(0x0000009885200000,0x0000009885300000) (1024K)]
  0x0000022d3f99e210 ConcurrentGCThread "G1 Main Marker"            [id=3748, stack(0x0000009884000000,0x0000009884100000) (1024K)]
  0x0000022d3f99ead0 WorkerThread "G1 Conc#0"                       [id=18428, stack(0x0000009884100000,0x0000009884200000) (1024K)]
  0x0000022d72288410 ConcurrentGCThread "G1 Refine#0"               [id=13648, stack(0x0000009884200000,0x0000009884300000) (1024K)]
  0x0000022d7228bc60 ConcurrentGCThread "G1 Service"                [id=7076, stack(0x0000009884300000,0x0000009884400000) (1024K)]
Total: 10

Threads with active compile tasks:
C2 CompilerThread0  2602889 50296       4       com.google.common.cache.LocalCache$Segment::drainValueReferenceQueue (43 bytes)
Total: 1

VM state: at safepoint (normal execution)

VM Mutex/Monitor currently owned by a thread:  ([mutex/lock_event])
[0x00007ffd4b814888] Threads_lock - owner thread: 0x0000022d723ca290
[0x00007ffd4b814988] Heap_lock - owner thread: 0x0000022dbba43300

Heap address: 0x0000000600000000, size: 8192 MB, Compressed Oops mode: Zero based, Oop shift amount: 3

CDS archive(s) mapped at: [0x0000022d75000000-0x0000022d75d70000-0x0000022d75d70000), size 14090240, SharedBaseAddress: 0x0000022d75000000, ArchiveRelocationMode: 1.
Compressed class space mapped at: 0x0000022d76000000-0x0000022db6000000, reserved size: 1073741824
Narrow klass base: 0x0000022d75000000, Narrow klass shift: 0, Narrow klass range: 0x41000000

GC Precious Log:
 CardTable entry size: 512
 Card Set container configuration: InlinePtr #cards 4 size 8 Array Of Cards #cards 32 size 80 Howl #buckets 8 coarsen threshold 7372 Howl Bitmap #cards 1024 size 144 coarsen threshold 921 Card regions per heap region 1 cards per card region 8192
 CPUs: 4 total, 4 available
 Memory: 8088M
 Large Page Support: Disabled
 NUMA Support: Disabled
 Compressed Oops: Enabled (Zero based)
 Heap Region Size: 4M
 Heap Min Capacity: 8M
 Heap Initial Capacity: 128M
 Heap Max Capacity: 8G
 Pre-touch: Disabled
 Parallel Workers: 4
 Concurrent Workers: 1
 Concurrent Refinement Workers: 4
 Periodic GC: Disabled

Heap:
 garbage-first heap   total reserved 8388608K, committed 1699840K, used 647168K [0x0000000600000000, 0x0000000800000000)
  region size 4096K, 2 young (8192K), 2 survivors (8192K)
 Metaspace       used 228899K, committed 232448K, reserved 1310720K
  class space    used 29240K, committed 30912K, reserved 1048576K

Heap Regions: E=young(eden), S=young(survivor), O=old, HS=humongous(starts), HC=humongous(continues), CS=collection set, F=free, TAMS=top-at-mark-start, PB=parsable bottom
|   0|0x0000000600000000, 0x0000000600400000, 0x0000000600400000|100%|HS|  |TAMS 0x0000000600000000| PB 0x0000000600000000| Complete |  0
|   1|0x0000000600400000, 0x0000000600800000, 0x0000000600800000|100%| O|  |TAMS 0x0000000600400000| PB 0x0000000600400000| Untracked |  0
|   2|0x0000000600800000, 0x0000000600c00000, 0x0000000600c00000|100%| O|  |TAMS 0x0000000600800000| PB 0x0000000600800000| Untracked |  0
|   3|0x0000000600c00000, 0x0000000601000000, 0x0000000601000000|100%| O|  |TAMS 0x0000000600c00000| PB 0x0000000600c00000| Untracked |  0
|   4|0x0000000601000000, 0x0000000601400000, 0x0000000601400000|100%| O|  |TAMS 0x0000000601000000| PB 0x0000000601000000| Untracked |  0
|   5|0x0000000601400000, 0x0000000601800000, 0x0000000601800000|100%| O|  |TAMS 0x0000000601400000| PB 0x0000000601400000| Untracked |  0
|   6|0x0000000601800000, 0x0000000601c00000, 0x0000000601c00000|100%| O|  |TAMS 0x0000000601800000| PB 0x0000000601800000| Untracked |  0
|   7|0x0000000601c00000, 0x0000000602000000, 0x0000000602000000|100%| O|  |TAMS 0x0000000601c00000| PB 0x0000000601c00000| Untracked |  0
|   8|0x0000000602000000, 0x0000000602400000, 0x0000000602400000|100%| O|  |TAMS 0x0000000602000000| PB 0x0000000602000000| Untracked |  0
|   9|0x0000000602400000, 0x0000000602800000, 0x0000000602800000|100%| O|  |TAMS 0x0000000602400000| PB 0x0000000602400000| Untracked |  0
|  10|0x0000000602800000, 0x0000000602c00000, 0x0000000602c00000|100%| O|  |TAMS 0x0000000602800000| PB 0x0000000602800000| Untracked |  0
|  11|0x0000000602c00000, 0x0000000603000000, 0x0000000603000000|100%| O|  |TAMS 0x0000000602c00000| PB 0x0000000602c00000| Untracked |  0
|  12|0x0000000603000000, 0x0000000603400000, 0x0000000603400000|100%| O|  |TAMS 0x0000000603000000| PB 0x0000000603000000| Untracked |  0
|  13|0x0000000603400000, 0x0000000603800000, 0x0000000603800000|100%| O|  |TAMS 0x0000000603400000| PB 0x0000000603400000| Untracked |  0
|  14|0x0000000603800000, 0x0000000603c00000, 0x0000000603c00000|100%|HS|  |TAMS 0x0000000603800000| PB 0x0000000603800000| Complete |  0
|  15|0x0000000603c00000, 0x0000000604000000, 0x0000000604000000|100%| O|Cm|TAMS 0x0000000603c00000| PB 0x0000000603c00000| Complete |  0
|  16|0x0000000604000000, 0x0000000604400000, 0x0000000604400000|100%| O|Cm|TAMS 0x0000000604000000| PB 0x0000000604000000| Complete |  0
|  17|0x0000000604400000, 0x0000000604800000, 0x0000000604800000|100%| O|Cm|TAMS 0x0000000604400000| PB 0x0000000604400000| Complete |  0
|  18|0x0000000604800000, 0x0000000604c00000, 0x0000000604c00000|100%| O|Cm|TAMS 0x0000000604800000| PB 0x0000000604800000| Complete |  0
|  19|0x0000000604c00000, 0x0000000605000000, 0x0000000605000000|100%| O|Cm|TAMS 0x0000000604c00000| PB 0x0000000604c00000| Complete |  0
|  20|0x0000000605000000, 0x0000000605400000, 0x0000000605400000|100%| O|  |TAMS 0x0000000605000000| PB 0x0000000605000000| Untracked |  0
|  21|0x0000000605400000, 0x0000000605800000, 0x0000000605800000|100%|HS|  |TAMS 0x0000000605400000| PB 0x0000000605400000| Complete |  0
|  22|0x0000000605800000, 0x0000000605c00000, 0x0000000605c00000|100%| O|  |TAMS 0x0000000605800000| PB 0x0000000605800000| Untracked |  0
|  23|0x0000000605c00000, 0x0000000606000000, 0x0000000606000000|100%| O|  |TAMS 0x0000000605c00000| PB 0x0000000605c00000| Untracked |  0
|  24|0x0000000606000000, 0x0000000606400000, 0x0000000606400000|100%| O|  |TAMS 0x0000000606000000| PB 0x0000000606000000| Untracked |  0
|  25|0x0000000606400000, 0x0000000606800000, 0x0000000606800000|100%| O|  |TAMS 0x0000000606400000| PB 0x0000000606400000| Untracked |  0
|  26|0x0000000606800000, 0x0000000606c00000, 0x0000000606c00000|100%| O|  |TAMS 0x0000000606800000| PB 0x0000000606800000| Untracked |  0
|  27|0x0000000606c00000, 0x0000000607000000, 0x0000000607000000|100%| O|  |TAMS 0x0000000606c00000| PB 0x0000000606c00000| Untracked |  0
|  28|0x0000000607000000, 0x0000000607400000, 0x0000000607400000|100%| O|  |TAMS 0x0000000607000000| PB 0x0000000607000000| Untracked |  0
|  29|0x0000000607400000, 0x0000000607800000, 0x0000000607800000|100%| O|  |TAMS 0x0000000607400000| PB 0x0000000607400000| Untracked |  0
|  30|0x0000000607800000, 0x0000000607c00000, 0x0000000607c00000|100%| O|  |TAMS 0x0000000607800000| PB 0x0000000607800000| Untracked |  0
|  31|0x0000000607c00000, 0x0000000608000000, 0x0000000608000000|100%| O|  |TAMS 0x0000000607c00000| PB 0x0000000607c00000| Untracked |  0
|  32|0x0000000608000000, 0x0000000608400000, 0x0000000608400000|100%| O|Cm|TAMS 0x0000000608000000| PB 0x0000000608000000| Complete |  0
|  33|0x0000000608400000, 0x0000000608800000, 0x0000000608800000|100%| O|Cm|TAMS 0x0000000608400000| PB 0x0000000608400000| Complete |  0
|  34|0x0000000608800000, 0x0000000608c00000, 0x0000000608c00000|100%| O|Cm|TAMS 0x0000000608800000| PB 0x0000000608800000| Complete |  0
|  35|0x0000000608c00000, 0x0000000609000000, 0x0000000609000000|100%| O|  |TAMS 0x0000000608c00000| PB 0x0000000608c00000| Untracked |  0
|  36|0x0000000609000000, 0x0000000609400000, 0x0000000609400000|100%| O|  |TAMS 0x0000000609000000| PB 0x0000000609000000| Untracked |  0
|  37|0x0000000609400000, 0x0000000609800000, 0x0000000609800000|100%| O|Cm|TAMS 0x0000000609400000| PB 0x0000000609400000| Complete |  0
|  38|0x0000000609800000, 0x0000000609c00000, 0x0000000609c00000|100%| O|  |TAMS 0x0000000609800000| PB 0x0000000609800000| Untracked |  0
|  39|0x0000000609c00000, 0x000000060a000000, 0x000000060a000000|100%| O|  |TAMS 0x0000000609c00000| PB 0x0000000609c00000| Untracked |  0
|  40|0x000000060a000000, 0x000000060a400000, 0x000000060a400000|100%| O|  |TAMS 0x000000060a000000| PB 0x000000060a000000| Untracked |  0
|  41|0x000000060a400000, 0x000000060a800000, 0x000000060a800000|100%| O|Cm|TAMS 0x000000060a400000| PB 0x000000060a400000| Complete |  0
|  42|0x000000060a800000, 0x000000060ac00000, 0x000000060ac00000|100%| O|  |TAMS 0x000000060a800000| PB 0x000000060a800000| Untracked |  0
|  43|0x000000060ac00000, 0x000000060b000000, 0x000000060b000000|100%| O|  |TAMS 0x000000060ac00000| PB 0x000000060ac00000| Untracked |  0
|  44|0x000000060b000000, 0x000000060b400000, 0x000000060b400000|100%| O|  |TAMS 0x000000060b000000| PB 0x000000060b000000| Untracked |  0
|  45|0x000000060b400000, 0x000000060b800000, 0x000000060b800000|100%| O|  |TAMS 0x000000060b400000| PB 0x000000060b400000| Untracked |  0
|  46|0x000000060b800000, 0x000000060bc00000, 0x000000060bc00000|100%| O|  |TAMS 0x000000060b800000| PB 0x000000060b800000| Untracked |  0
|  47|0x000000060bc00000, 0x000000060c000000, 0x000000060c000000|100%| O|Cm|TAMS 0x000000060bc00000| PB 0x000000060bc00000| Complete |  0
|  48|0x000000060c000000, 0x000000060c400000, 0x000000060c400000|100%| O|  |TAMS 0x000000060c000000| PB 0x000000060c000000| Untracked |  0
|  49|0x000000060c400000, 0x000000060c800000, 0x000000060c800000|100%| O|  |TAMS 0x000000060c400000| PB 0x000000060c400000| Untracked |  0
|  50|0x000000060c800000, 0x000000060c800000, 0x000000060cc00000|  0%| F|  |TAMS 0x000000060c800000| PB 0x000000060c800000| Untracked |  0
|  51|0x000000060cc00000, 0x000000060d000000, 0x000000060d000000|100%| O|Cm|TAMS 0x000000060cc00000| PB 0x000000060cc00000| Complete |  0
|  52|0x000000060d000000, 0x000000060d400000, 0x000000060d400000|100%| O|  |TAMS 0x000000060d000000| PB 0x000000060d000000| Untracked |  0
|  53|0x000000060d400000, 0x000000060d800000, 0x000000060d800000|100%| O|  |TAMS 0x000000060d400000| PB 0x000000060d400000| Untracked |  0
|  54|0x000000060d800000, 0x000000060dc00000, 0x000000060dc00000|100%| O|  |TAMS 0x000000060d800000| PB 0x000000060d800000| Untracked |  0
|  55|0x000000060dc00000, 0x000000060e000000, 0x000000060e000000|100%| O|  |TAMS 0x000000060dc00000| PB 0x000000060dc00000| Untracked |  0
|  56|0x000000060e000000, 0x000000060e000000, 0x000000060e400000|  0%| F|  |TAMS 0x000000060e000000| PB 0x000000060e000000| Untracked |  0
|  57|0x000000060e400000, 0x000000060e400000, 0x000000060e800000|  0%| F|  |TAMS 0x000000060e400000| PB 0x000000060e400000| Untracked |  0
|  58|0x000000060e800000, 0x000000060ec00000, 0x000000060ec00000|100%| O|Cm|TAMS 0x000000060e800000| PB 0x000000060e800000| Complete |  0
|  59|0x000000060ec00000, 0x000000060f000000, 0x000000060f000000|100%| O|  |TAMS 0x000000060ec00000| PB 0x000000060ec00000| Untracked |  0
|  60|0x000000060f000000, 0x000000060f000000, 0x000000060f400000|  0%| F|  |TAMS 0x000000060f000000| PB 0x000000060f000000| Untracked |  0
|  61|0x000000060f400000, 0x000000060f800000, 0x000000060f800000|100%| O|  |TAMS 0x000000060f400000| PB 0x000000060f400000| Untracked |  0
|  62|0x000000060f800000, 0x000000060f800000, 0x000000060fc00000|  0%| F|  |TAMS 0x000000060f800000| PB 0x000000060f800000| Untracked |  0
|  63|0x000000060fc00000, 0x0000000610000000, 0x0000000610000000|100%| O|  |TAMS 0x000000060fc00000| PB 0x000000060fc00000| Untracked |  0
|  64|0x0000000610000000, 0x0000000610000000, 0x0000000610400000|  0%| F|  |TAMS 0x0000000610000000| PB 0x0000000610000000| Untracked |  0
|  65|0x0000000610400000, 0x0000000610800000, 0x0000000610800000|100%| O|Cm|TAMS 0x0000000610400000| PB 0x0000000610400000| Complete |  0
|  66|0x0000000610800000, 0x0000000610c00000, 0x0000000610c00000|100%| O|Cm|TAMS 0x0000000610800000| PB 0x0000000610800000| Complete |  0
|  67|0x0000000610c00000, 0x0000000611000000, 0x0000000611000000|100%| O|  |TAMS 0x0000000610c00000| PB 0x0000000610c00000| Untracked |  0
|  68|0x0000000611000000, 0x0000000611400000, 0x0000000611400000|100%| O|  |TAMS 0x0000000611000000| PB 0x0000000611000000| Untracked |  0
|  69|0x0000000611400000, 0x0000000611800000, 0x0000000611800000|100%| O|Cm|TAMS 0x0000000611400000| PB 0x0000000611400000| Complete |  0
|  70|0x0000000611800000, 0x0000000611c00000, 0x0000000611c00000|100%| O|Cm|TAMS 0x0000000611800000| PB 0x0000000611800000| Complete |  0
|  71|0x0000000611c00000, 0x0000000612000000, 0x0000000612000000|100%| O|Cm|TAMS 0x0000000611c00000| PB 0x0000000611c00000| Complete |  0
|  72|0x0000000612000000, 0x0000000612400000, 0x0000000612400000|100%| O|Cm|TAMS 0x0000000612000000| PB 0x0000000612000000| Complete |  0
|  73|0x0000000612400000, 0x0000000612800000, 0x0000000612800000|100%| O|Cm|TAMS 0x0000000612400000| PB 0x0000000612400000| Complete |  0
|  74|0x0000000612800000, 0x0000000612c00000, 0x0000000612c00000|100%| O|  |TAMS 0x0000000612800000| PB 0x0000000612800000| Untracked |  0
|  75|0x0000000612c00000, 0x0000000613000000, 0x0000000613000000|100%| O|  |TAMS 0x0000000612c00000| PB 0x0000000612c00000| Untracked |  0
|  76|0x0000000613000000, 0x0000000613400000, 0x0000000613400000|100%| O|Cm|TAMS 0x0000000613000000| PB 0x0000000613000000| Complete |  0
|  77|0x0000000613400000, 0x0000000613800000, 0x0000000613800000|100%| O|  |TAMS 0x0000000613400000| PB 0x0000000613400000| Untracked |  0
|  78|0x0000000613800000, 0x0000000613c00000, 0x0000000613c00000|100%| O|  |TAMS 0x0000000613800000| PB 0x0000000613800000| Untracked |  0
|  79|0x0000000613c00000, 0x0000000614000000, 0x0000000614000000|100%| O|Cm|TAMS 0x0000000613c00000| PB 0x0000000613c00000| Complete |  0
|  80|0x0000000614000000, 0x0000000614400000, 0x0000000614400000|100%| O|  |TAMS 0x0000000614000000| PB 0x0000000614000000| Untracked |  0
|  81|0x0000000614400000, 0x0000000614800000, 0x0000000614800000|100%| O|  |TAMS 0x0000000614400000| PB 0x0000000614400000| Untracked |  0
|  82|0x0000000614800000, 0x0000000614c00000, 0x0000000614c00000|100%| O|  |TAMS 0x0000000614800000| PB 0x0000000614800000| Untracked |  0
|  83|0x0000000614c00000, 0x0000000615000000, 0x0000000615000000|100%| O|  |TAMS 0x0000000614c00000| PB 0x0000000614c00000| Untracked |  0
|  84|0x0000000615000000, 0x0000000615400000, 0x0000000615400000|100%| O|  |TAMS 0x0000000615000000| PB 0x0000000615000000| Untracked |  0
|  85|0x0000000615400000, 0x0000000615800000, 0x0000000615800000|100%| O|  |TAMS 0x0000000615400000| PB 0x0000000615400000| Untracked |  0
|  86|0x0000000615800000, 0x0000000615c00000, 0x0000000615c00000|100%| O|  |TAMS 0x0000000615800000| PB 0x0000000615800000| Untracked |  0
|  87|0x0000000615c00000, 0x0000000616000000, 0x0000000616000000|100%| O|  |TAMS 0x0000000615c00000| PB 0x0000000615c00000| Untracked |  0
|  88|0x0000000616000000, 0x0000000616400000, 0x0000000616400000|100%| O|  |TAMS 0x0000000616000000| PB 0x0000000616000000| Untracked |  0
|  89|0x0000000616400000, 0x0000000616800000, 0x0000000616800000|100%| O|  |TAMS 0x0000000616400000| PB 0x0000000616400000| Untracked |  0
|  90|0x0000000616800000, 0x0000000616c00000, 0x0000000616c00000|100%| O|  |TAMS 0x0000000616800000| PB 0x0000000616800000| Untracked |  0
|  91|0x0000000616c00000, 0x0000000617000000, 0x0000000617000000|100%| O|  |TAMS 0x0000000616c00000| PB 0x0000000616c00000| Untracked |  0
|  92|0x0000000617000000, 0x0000000617400000, 0x0000000617400000|100%| O|  |TAMS 0x0000000617000000| PB 0x0000000617000000| Untracked |  0
|  93|0x0000000617400000, 0x0000000617800000, 0x0000000617800000|100%| O|  |TAMS 0x0000000617400000| PB 0x0000000617400000| Untracked |  0
|  94|0x0000000617800000, 0x0000000617c00000, 0x0000000617c00000|100%| O|  |TAMS 0x0000000617800000| PB 0x0000000617800000| Untracked |  0
|  95|0x0000000617c00000, 0x0000000618000000, 0x0000000618000000|100%| O|  |TAMS 0x0000000617c00000| PB 0x0000000617c00000| Untracked |  0
|  96|0x0000000618000000, 0x0000000618400000, 0x0000000618400000|100%| O|Cm|TAMS 0x0000000618000000| PB 0x0000000618000000| Complete |  0
|  97|0x0000000618400000, 0x0000000618800000, 0x0000000618800000|100%| O|  |TAMS 0x0000000618400000| PB 0x0000000618400000| Untracked |  0
|  98|0x0000000618800000, 0x0000000618c00000, 0x0000000618c00000|100%| O|  |TAMS 0x0000000618800000| PB 0x0000000618800000| Untracked |  0
|  99|0x0000000618c00000, 0x0000000619000000, 0x0000000619000000|100%| O|  |TAMS 0x0000000618c00000| PB 0x0000000618c00000| Untracked |  0
| 100|0x0000000619000000, 0x0000000619400000, 0x0000000619400000|100%| O|Cm|TAMS 0x0000000619000000| PB 0x0000000619000000| Complete |  0
| 101|0x0000000619400000, 0x0000000619800000, 0x0000000619800000|100%| O|Cm|TAMS 0x0000000619400000| PB 0x0000000619400000| Complete |  0
| 102|0x0000000619800000, 0x0000000619c00000, 0x0000000619c00000|100%| O|  |TAMS 0x0000000619800000| PB 0x0000000619800000| Untracked |  0
| 103|0x0000000619c00000, 0x000000061a000000, 0x000000061a000000|100%| O|  |TAMS 0x0000000619c00000| PB 0x0000000619c00000| Untracked |  0
| 104|0x000000061a000000, 0x000000061a000000, 0x000000061a400000|  0%| F|  |TAMS 0x000000061a000000| PB 0x000000061a000000| Untracked |  0
| 105|0x000000061a400000, 0x000000061a800000, 0x000000061a800000|100%| O|Cm|TAMS 0x000000061a400000| PB 0x000000061a400000| Complete |  0
| 106|0x000000061a800000, 0x000000061ac00000, 0x000000061ac00000|100%| O|  |TAMS 0x000000061a800000| PB 0x000000061a800000| Untracked |  0
| 107|0x000000061ac00000, 0x000000061ac00000, 0x000000061b000000|  0%| F|  |TAMS 0x000000061ac00000| PB 0x000000061ac00000| Untracked |  0
| 108|0x000000061b000000, 0x000000061b400000, 0x000000061b400000|100%| O|Cm|TAMS 0x000000061b000000| PB 0x000000061b000000| Complete |  0
| 109|0x000000061b400000, 0x000000061b800000, 0x000000061b800000|100%| O|  |TAMS 0x000000061b400000| PB 0x000000061b400000| Untracked |  0
| 110|0x000000061b800000, 0x000000061bc00000, 0x000000061bc00000|100%| O|  |TAMS 0x000000061b800000| PB 0x000000061b800000| Untracked |  0
| 111|0x000000061bc00000, 0x000000061c000000, 0x000000061c000000|100%| O|  |TAMS 0x000000061bc00000| PB 0x000000061bc00000| Untracked |  0
| 112|0x000000061c000000, 0x000000061c400000, 0x000000061c400000|100%| O|  |TAMS 0x000000061c000000| PB 0x000000061c000000| Untracked |  0
| 113|0x000000061c400000, 0x000000061c800000, 0x000000061c800000|100%| O|  |TAMS 0x000000061c400000| PB 0x000000061c400000| Untracked |  0
| 114|0x000000061c800000, 0x000000061c800000, 0x000000061cc00000|  0%| F|  |TAMS 0x000000061c800000| PB 0x000000061c800000| Untracked |  0
| 115|0x000000061cc00000, 0x000000061cc00000, 0x000000061d000000|  0%| F|  |TAMS 0x000000061cc00000| PB 0x000000061cc00000| Untracked |  0
| 116|0x000000061d000000, 0x000000061d400000, 0x000000061d400000|100%| O|Cm|TAMS 0x000000061d000000| PB 0x000000061d000000| Complete |  0
| 117|0x000000061d400000, 0x000000061d800000, 0x000000061d800000|100%| O|Cm|TAMS 0x000000061d400000| PB 0x000000061d400000| Complete |  0
| 118|0x000000061d800000, 0x000000061dc00000, 0x000000061dc00000|100%| O|Cm|TAMS 0x000000061d800000| PB 0x000000061d800000| Complete |  0
| 119|0x000000061dc00000, 0x000000061e000000, 0x000000061e000000|100%| O|  |TAMS 0x000000061dc00000| PB 0x000000061dc00000| Untracked |  0
| 120|0x000000061e000000, 0x000000061e400000, 0x000000061e400000|100%| O|  |TAMS 0x000000061e000000| PB 0x000000061e000000| Untracked |  0
| 121|0x000000061e400000, 0x000000061e800000, 0x000000061e800000|100%| O|  |TAMS 0x000000061e400000| PB 0x000000061e400000| Untracked |  0
| 122|0x000000061e800000, 0x000000061ec00000, 0x000000061ec00000|100%| O|  |TAMS 0x000000061e800000| PB 0x000000061e800000| Untracked |  0
| 123|0x000000061ec00000, 0x000000061f000000, 0x000000061f000000|100%| O|  |TAMS 0x000000061ec00000| PB 0x000000061ec00000| Untracked |  0
| 124|0x000000061f000000, 0x000000061f400000, 0x000000061f400000|100%| O|  |TAMS 0x000000061f000000| PB 0x000000061f000000| Untracked |  0
| 125|0x000000061f400000, 0x000000061f800000, 0x000000061f800000|100%| O|  |TAMS 0x000000061f400000| PB 0x000000061f400000| Untracked |  0
| 126|0x000000061f800000, 0x000000061fc00000, 0x000000061fc00000|100%| O|Cm|TAMS 0x000000061f800000| PB 0x000000061f800000| Complete |  0
| 127|0x000000061fc00000, 0x000000061fc00000, 0x0000000620000000|  0%| F|  |TAMS 0x000000061fc00000| PB 0x000000061fc00000| Untracked |  0
| 128|0x0000000620000000, 0x0000000620000000, 0x0000000620400000|  0%| F|  |TAMS 0x0000000620000000| PB 0x0000000620000000| Untracked |  0
| 129|0x0000000620400000, 0x0000000620400000, 0x0000000620800000|  0%| F|  |TAMS 0x0000000620400000| PB 0x0000000620400000| Untracked |  0
| 130|0x0000000620800000, 0x0000000620c00000, 0x0000000620c00000|100%| O|  |TAMS 0x0000000620800000| PB 0x0000000620800000| Untracked |  0
| 131|0x0000000620c00000, 0x0000000621000000, 0x0000000621000000|100%| O|  |TAMS 0x0000000620c00000| PB 0x0000000620c00000| Untracked |  0
| 132|0x0000000621000000, 0x0000000621400000, 0x0000000621400000|100%| O|  |TAMS 0x0000000621000000| PB 0x0000000621000000| Untracked |  0
| 133|0x0000000621400000, 0x0000000621800000, 0x0000000621800000|100%| O|  |TAMS 0x0000000621400000| PB 0x0000000621400000| Untracked |  0
| 134|0x0000000621800000, 0x0000000621c00000, 0x0000000621c00000|100%| O|  |TAMS 0x0000000621800000| PB 0x0000000621800000| Untracked |  0
| 135|0x0000000621c00000, 0x0000000622000000, 0x0000000622000000|100%| O|  |TAMS 0x0000000621c00000| PB 0x0000000621c00000| Untracked |  0
| 136|0x0000000622000000, 0x0000000622400000, 0x0000000622400000|100%| O|  |TAMS 0x0000000622000000| PB 0x0000000622000000| Untracked |  0
| 137|0x0000000622400000, 0x0000000622800000, 0x0000000622800000|100%| O|Cm|TAMS 0x0000000622400000| PB 0x0000000622400000| Complete |  0
| 138|0x0000000622800000, 0x0000000622c00000, 0x0000000622c00000|100%| O|Cm|TAMS 0x0000000622800000| PB 0x0000000622800000| Complete |  0
| 139|0x0000000622c00000, 0x0000000623000000, 0x0000000623000000|100%| O|  |TAMS 0x0000000622c00000| PB 0x0000000622c00000| Untracked |  0
| 140|0x0000000623000000, 0x0000000623400000, 0x0000000623400000|100%| O|  |TAMS 0x0000000623000000| PB 0x0000000623000000| Untracked |  0
| 141|0x0000000623400000, 0x0000000623800000, 0x0000000623800000|100%| O|  |TAMS 0x0000000623400000| PB 0x0000000623400000| Untracked |  0
| 142|0x0000000623800000, 0x0000000623c00000, 0x0000000623c00000|100%| O|Cm|TAMS 0x0000000623800000| PB 0x0000000623800000| Complete |  0
| 143|0x0000000623c00000, 0x0000000624000000, 0x0000000624000000|100%| O|Cm|TAMS 0x0000000623c00000| PB 0x0000000623c00000| Complete |  0
| 144|0x0000000624000000, 0x0000000624400000, 0x0000000624400000|100%| O|  |TAMS 0x0000000624000000| PB 0x0000000624000000| Untracked |  0
| 145|0x0000000624400000, 0x0000000624800000, 0x0000000624800000|100%| O|  |TAMS 0x0000000624400000| PB 0x0000000624400000| Untracked |  0
| 146|0x0000000624800000, 0x0000000624c00000, 0x0000000624c00000|100%| O|  |TAMS 0x0000000624800000| PB 0x0000000624800000| Untracked |  0
| 147|0x0000000624c00000, 0x0000000625000000, 0x0000000625000000|100%| O|  |TAMS 0x0000000624c00000| PB 0x0000000624c00000| Untracked |  0
| 148|0x0000000625000000, 0x0000000625400000, 0x0000000625400000|100%| O|  |TAMS 0x0000000625000000| PB 0x0000000625000000| Untracked |  0
| 149|0x0000000625400000, 0x0000000625800000, 0x0000000625800000|100%| O|  |TAMS 0x0000000625400000| PB 0x0000000625400000| Untracked |  0
| 150|0x0000000625800000, 0x0000000625c00000, 0x0000000625c00000|100%| O|  |TAMS 0x0000000625800000| PB 0x0000000625800000| Untracked |  0
| 151|0x0000000625c00000, 0x0000000626000000, 0x0000000626000000|100%| O|  |TAMS 0x0000000625c00000| PB 0x0000000625c00000| Untracked |  0
| 152|0x0000000626000000, 0x0000000626400000, 0x0000000626400000|100%|HS|  |TAMS 0x0000000626000000| PB 0x0000000626000000| Complete |  0
| 153|0x0000000626400000, 0x0000000626800000, 0x0000000626800000|100%|HC|  |TAMS 0x0000000626400000| PB 0x0000000626400000| Complete |  0
| 154|0x0000000626800000, 0x0000000626800000, 0x0000000626c00000|  0%| F|  |TAMS 0x0000000626800000| PB 0x0000000626800000| Untracked |  0
| 155|0x0000000626c00000, 0x0000000626c00000, 0x0000000627000000|  0%| F|  |TAMS 0x0000000626c00000| PB 0x0000000626c00000| Untracked |  0
| 156|0x0000000627000000, 0x0000000627000000, 0x0000000627400000|  0%| F|  |TAMS 0x0000000627000000| PB 0x0000000627000000| Untracked |  0
| 157|0x0000000627400000, 0x0000000627400000, 0x0000000627800000|  0%| F|  |TAMS 0x0000000627400000| PB 0x0000000627400000| Untracked |  0
| 158|0x0000000627800000, 0x0000000627800000, 0x0000000627c00000|  0%| F|  |TAMS 0x0000000627800000| PB 0x0000000627800000| Untracked |  0
| 159|0x0000000627c00000, 0x0000000627c00000, 0x0000000628000000|  0%| F|  |TAMS 0x0000000627c00000| PB 0x0000000627c00000| Untracked |  0
| 160|0x0000000628000000, 0x0000000628000000, 0x0000000628400000|  0%| F|  |TAMS 0x0000000628000000| PB 0x0000000628000000| Untracked |  0
| 161|0x0000000628400000, 0x0000000628400000, 0x0000000628800000|  0%| F|  |TAMS 0x0000000628400000| PB 0x0000000628400000| Untracked |  0
| 162|0x0000000628800000, 0x0000000628800000, 0x0000000628c00000|  0%| F|  |TAMS 0x0000000628800000| PB 0x0000000628800000| Untracked |  0
| 163|0x0000000628c00000, 0x0000000628c00000, 0x0000000629000000|  0%| F|  |TAMS 0x0000000628c00000| PB 0x0000000628c00000| Untracked |  0
| 164|0x0000000629000000, 0x0000000629000000, 0x0000000629400000|  0%| F|  |TAMS 0x0000000629000000| PB 0x0000000629000000| Untracked |  0
| 165|0x0000000629400000, 0x0000000629400000, 0x0000000629800000|  0%| F|  |TAMS 0x0000000629400000| PB 0x0000000629400000| Untracked |  0
| 166|0x0000000629800000, 0x0000000629800000, 0x0000000629c00000|  0%| F|  |TAMS 0x0000000629800000| PB 0x0000000629800000| Untracked |  0
| 167|0x0000000629c00000, 0x0000000629c00000, 0x000000062a000000|  0%| F|  |TAMS 0x0000000629c00000| PB 0x0000000629c00000| Untracked |  0
| 168|0x000000062a000000, 0x000000062a000000, 0x000000062a400000|  0%| F|  |TAMS 0x000000062a000000| PB 0x000000062a000000| Untracked |  0
| 169|0x000000062a400000, 0x000000062a400000, 0x000000062a800000|  0%| F|  |TAMS 0x000000062a400000| PB 0x000000062a400000| Untracked |  0
| 170|0x000000062a800000, 0x000000062a800000, 0x000000062ac00000|  0%| F|  |TAMS 0x000000062a800000| PB 0x000000062a800000| Untracked |  0
| 171|0x000000062ac00000, 0x000000062ac00000, 0x000000062b000000|  0%| F|  |TAMS 0x000000062ac00000| PB 0x000000062ac00000| Untracked |  0
| 172|0x000000062b000000, 0x000000062b000000, 0x000000062b400000|  0%| F|  |TAMS 0x000000062b000000| PB 0x000000062b000000| Untracked |  0
| 173|0x000000062b400000, 0x000000062b400000, 0x000000062b800000|  0%| F|  |TAMS 0x000000062b400000| PB 0x000000062b400000| Untracked |  0
| 174|0x000000062b800000, 0x000000062b800000, 0x000000062bc00000|  0%| F|  |TAMS 0x000000062b800000| PB 0x000000062b800000| Untracked |  0
| 175|0x000000062bc00000, 0x000000062bc00000, 0x000000062c000000|  0%| F|  |TAMS 0x000000062bc00000| PB 0x000000062bc00000| Untracked |  0
| 176|0x000000062c000000, 0x000000062c400000, 0x000000062c400000|100%| O|  |TAMS 0x000000062c000000| PB 0x000000062c000000| Untracked |  0
| 177|0x000000062c400000, 0x000000062c800000, 0x000000062c800000|100%| O|  |TAMS 0x000000062c400000| PB 0x000000062c400000| Untracked |  0
| 178|0x000000062c800000, 0x000000062cc00000, 0x000000062cc00000|100%| O|  |TAMS 0x000000062c800000| PB 0x000000062c800000| Untracked |  0
| 179|0x000000062cc00000, 0x000000062d000000, 0x000000062d000000|100%| O|  |TAMS 0x000000062cc00000| PB 0x000000062cc00000| Untracked |  0
| 180|0x000000062d000000, 0x000000062d400000, 0x000000062d400000|100%| O|  |TAMS 0x000000062d000000| PB 0x000000062d000000| Untracked |  0
| 181|0x000000062d400000, 0x000000062d800000, 0x000000062d800000|100%| O|  |TAMS 0x000000062d400000| PB 0x000000062d400000| Untracked |  0
| 182|0x000000062d800000, 0x000000062dc00000, 0x000000062dc00000|100%| O|  |TAMS 0x000000062d800000| PB 0x000000062d800000| Untracked |  0
| 183|0x000000062dc00000, 0x000000062e000000, 0x000000062e000000|100%| O|  |TAMS 0x000000062dc00000| PB 0x000000062dc00000| Untracked |  0
| 184|0x000000062e000000, 0x000000062e400000, 0x000000062e400000|100%| O|  |TAMS 0x000000062e000000| PB 0x000000062e000000| Untracked |  0
| 185|0x000000062e400000, 0x000000062e800000, 0x000000062e800000|100%| O|  |TAMS 0x000000062e400000| PB 0x000000062e400000| Untracked |  0
| 186|0x000000062e800000, 0x000000062ec00000, 0x000000062ec00000|100%| O|  |TAMS 0x000000062e800000| PB 0x000000062e800000| Untracked |  0
| 187|0x000000062ec00000, 0x000000062f000000, 0x000000062f000000|100%| O|  |TAMS 0x000000062ec00000| PB 0x000000062ec00000| Untracked |  0
| 188|0x000000062f000000, 0x000000062f400000, 0x000000062f400000|100%| O|  |TAMS 0x000000062f000000| PB 0x000000062f000000| Untracked |  0
| 189|0x000000062f400000, 0x000000062f800000, 0x000000062f800000|100%| O|  |TAMS 0x000000062f400000| PB 0x000000062f400000| Untracked |  0
| 190|0x000000062f800000, 0x000000062fc00000, 0x000000062fc00000|100%| O|  |TAMS 0x000000062f800000| PB 0x000000062f800000| Untracked |  0
| 191|0x000000062fc00000, 0x000000062fc00000, 0x0000000630000000|  0%| F|  |TAMS 0x000000062fc00000| PB 0x000000062fc00000| Untracked |  0
| 192|0x0000000630000000, 0x0000000630000000, 0x0000000630400000|  0%| F|  |TAMS 0x0000000630000000| PB 0x0000000630000000| Untracked |  0
| 193|0x0000000630400000, 0x0000000630400000, 0x0000000630800000|  0%| F|  |TAMS 0x0000000630400000| PB 0x0000000630400000| Untracked |  0
| 194|0x0000000630800000, 0x0000000630800000, 0x0000000630c00000|  0%| F|  |TAMS 0x0000000630800000| PB 0x0000000630800000| Untracked |  0
| 195|0x0000000630c00000, 0x0000000630c00000, 0x0000000631000000|  0%| F|  |TAMS 0x0000000630c00000| PB 0x0000000630c00000| Untracked |  0
| 196|0x0000000631000000, 0x0000000631000000, 0x0000000631400000|  0%| F|  |TAMS 0x0000000631000000| PB 0x0000000631000000| Untracked |  0
| 197|0x0000000631400000, 0x0000000631400000, 0x0000000631800000|  0%| F|  |TAMS 0x0000000631400000| PB 0x0000000631400000| Untracked |  0
| 198|0x0000000631800000, 0x0000000631800000, 0x0000000631c00000|  0%| F|  |TAMS 0x0000000631800000| PB 0x0000000631800000| Untracked |  0
| 199|0x0000000631c00000, 0x0000000631c00000, 0x0000000632000000|  0%| F|  |TAMS 0x0000000631c00000| PB 0x0000000631c00000| Untracked |  0
| 200|0x0000000632000000, 0x0000000632000000, 0x0000000632400000|  0%| F|  |TAMS 0x0000000632000000| PB 0x0000000632000000| Untracked |  0
| 201|0x0000000632400000, 0x0000000632400000, 0x0000000632800000|  0%| F|  |TAMS 0x0000000632400000| PB 0x0000000632400000| Untracked |  0
| 202|0x0000000632800000, 0x0000000632800000, 0x0000000632c00000|  0%| F|  |TAMS 0x0000000632800000| PB 0x0000000632800000| Untracked |  0
| 203|0x0000000632c00000, 0x0000000632c00000, 0x0000000633000000|  0%| F|  |TAMS 0x0000000632c00000| PB 0x0000000632c00000| Untracked |  0
| 204|0x0000000633000000, 0x0000000633000000, 0x0000000633400000|  0%| F|  |TAMS 0x0000000633000000| PB 0x0000000633000000| Untracked |  0
| 205|0x0000000633400000, 0x0000000633400000, 0x0000000633800000|  0%| F|  |TAMS 0x0000000633400000| PB 0x0000000633400000| Untracked |  0
| 206|0x0000000633800000, 0x0000000633800000, 0x0000000633c00000|  0%| F|  |TAMS 0x0000000633800000| PB 0x0000000633800000| Untracked |  0
| 207|0x0000000633c00000, 0x0000000633c00000, 0x0000000634000000|  0%| F|  |TAMS 0x0000000633c00000| PB 0x0000000633c00000| Untracked |  0
| 208|0x0000000634000000, 0x0000000634000000, 0x0000000634400000|  0%| F|  |TAMS 0x0000000634000000| PB 0x0000000634000000| Untracked |  0
| 209|0x0000000634400000, 0x0000000634400000, 0x0000000634800000|  0%| F|  |TAMS 0x0000000634400000| PB 0x0000000634400000| Untracked |  0
| 210|0x0000000634800000, 0x0000000634800000, 0x0000000634c00000|  0%| F|  |TAMS 0x0000000634800000| PB 0x0000000634800000| Untracked |  0
| 211|0x0000000634c00000, 0x0000000634c00000, 0x0000000635000000|  0%| F|  |TAMS 0x0000000634c00000| PB 0x0000000634c00000| Untracked |  0
| 212|0x0000000635000000, 0x0000000635000000, 0x0000000635400000|  0%| F|  |TAMS 0x0000000635000000| PB 0x0000000635000000| Untracked |  0
| 213|0x0000000635400000, 0x0000000635400000, 0x0000000635800000|  0%| F|  |TAMS 0x0000000635400000| PB 0x0000000635400000| Untracked |  0
| 214|0x0000000635800000, 0x0000000635800000, 0x0000000635c00000|  0%| F|  |TAMS 0x0000000635800000| PB 0x0000000635800000| Untracked |  0
| 215|0x0000000635c00000, 0x0000000635c00000, 0x0000000636000000|  0%| F|  |TAMS 0x0000000635c00000| PB 0x0000000635c00000| Untracked |  0
| 216|0x0000000636000000, 0x0000000636000000, 0x0000000636400000|  0%| F|  |TAMS 0x0000000636000000| PB 0x0000000636000000| Untracked |  0
| 217|0x0000000636400000, 0x0000000636400000, 0x0000000636800000|  0%| F|  |TAMS 0x0000000636400000| PB 0x0000000636400000| Untracked |  0
| 218|0x0000000636800000, 0x0000000636800000, 0x0000000636c00000|  0%| F|  |TAMS 0x0000000636800000| PB 0x0000000636800000| Untracked |  0
| 219|0x0000000636c00000, 0x0000000636c00000, 0x0000000637000000|  0%| F|  |TAMS 0x0000000636c00000| PB 0x0000000636c00000| Untracked |  0
| 220|0x0000000637000000, 0x0000000637000000, 0x0000000637400000|  0%| F|  |TAMS 0x0000000637000000| PB 0x0000000637000000| Untracked |  0
| 221|0x0000000637400000, 0x0000000637400000, 0x0000000637800000|  0%| F|  |TAMS 0x0000000637400000| PB 0x0000000637400000| Untracked |  0
| 222|0x0000000637800000, 0x0000000637800000, 0x0000000637c00000|  0%| F|  |TAMS 0x0000000637800000| PB 0x0000000637800000| Untracked |  0
| 223|0x0000000637c00000, 0x0000000637c00000, 0x0000000638000000|  0%| F|  |TAMS 0x0000000637c00000| PB 0x0000000637c00000| Untracked |  0
| 224|0x0000000638000000, 0x0000000638000000, 0x0000000638400000|  0%| F|  |TAMS 0x0000000638000000| PB 0x0000000638000000| Untracked |  0
| 225|0x0000000638400000, 0x0000000638400000, 0x0000000638800000|  0%| F|  |TAMS 0x0000000638400000| PB 0x0000000638400000| Untracked |  0
| 226|0x0000000638800000, 0x0000000638800000, 0x0000000638c00000|  0%| F|  |TAMS 0x0000000638800000| PB 0x0000000638800000| Untracked |  0
| 227|0x0000000638c00000, 0x0000000638c00000, 0x0000000639000000|  0%| F|  |TAMS 0x0000000638c00000| PB 0x0000000638c00000| Untracked |  0
| 228|0x0000000639000000, 0x0000000639000000, 0x0000000639400000|  0%| F|  |TAMS 0x0000000639000000| PB 0x0000000639000000| Untracked |  0
| 229|0x0000000639400000, 0x0000000639400000, 0x0000000639800000|  0%| F|  |TAMS 0x0000000639400000| PB 0x0000000639400000| Untracked |  0
| 230|0x0000000639800000, 0x0000000639800000, 0x0000000639c00000|  0%| F|  |TAMS 0x0000000639800000| PB 0x0000000639800000| Untracked |  0
| 231|0x0000000639c00000, 0x0000000639c00000, 0x000000063a000000|  0%| F|  |TAMS 0x0000000639c00000| PB 0x0000000639c00000| Untracked |  0
| 232|0x000000063a000000, 0x000000063a000000, 0x000000063a400000|  0%| F|  |TAMS 0x000000063a000000| PB 0x000000063a000000| Untracked |  0
| 233|0x000000063a400000, 0x000000063a400000, 0x000000063a800000|  0%| F|  |TAMS 0x000000063a400000| PB 0x000000063a400000| Untracked |  0
| 234|0x000000063a800000, 0x000000063a800000, 0x000000063ac00000|  0%| F|  |TAMS 0x000000063a800000| PB 0x000000063a800000| Untracked |  0
| 235|0x000000063ac00000, 0x000000063ac00000, 0x000000063b000000|  0%| F|  |TAMS 0x000000063ac00000| PB 0x000000063ac00000| Untracked |  0
| 236|0x000000063b000000, 0x000000063b000000, 0x000000063b400000|  0%| F|  |TAMS 0x000000063b000000| PB 0x000000063b000000| Untracked |  0
| 237|0x000000063b400000, 0x000000063b400000, 0x000000063b800000|  0%| F|  |TAMS 0x000000063b400000| PB 0x000000063b400000| Untracked |  0
| 238|0x000000063b800000, 0x000000063b800000, 0x000000063bc00000|  0%| F|  |TAMS 0x000000063b800000| PB 0x000000063b800000| Untracked |  0
| 239|0x000000063bc00000, 0x000000063bc00000, 0x000000063c000000|  0%| F|  |TAMS 0x000000063bc00000| PB 0x000000063bc00000| Untracked |  0
| 240|0x000000063c000000, 0x000000063c000000, 0x000000063c400000|  0%| F|  |TAMS 0x000000063c000000| PB 0x000000063c000000| Untracked |  0
| 241|0x000000063c400000, 0x000000063c400000, 0x000000063c800000|  0%| F|  |TAMS 0x000000063c400000| PB 0x000000063c400000| Untracked |  0
| 242|0x000000063c800000, 0x000000063c800000, 0x000000063cc00000|  0%| F|  |TAMS 0x000000063c800000| PB 0x000000063c800000| Untracked |  0
| 243|0x000000063cc00000, 0x000000063cc00000, 0x000000063d000000|  0%| F|  |TAMS 0x000000063cc00000| PB 0x000000063cc00000| Untracked |  0
| 244|0x000000063d000000, 0x000000063d000000, 0x000000063d400000|  0%| F|  |TAMS 0x000000063d000000| PB 0x000000063d000000| Untracked |  0
| 245|0x000000063d400000, 0x000000063d400000, 0x000000063d800000|  0%| F|  |TAMS 0x000000063d400000| PB 0x000000063d400000| Untracked |  0
| 246|0x000000063d800000, 0x000000063d800000, 0x000000063dc00000|  0%| F|  |TAMS 0x000000063d800000| PB 0x000000063d800000| Untracked |  0
| 247|0x000000063dc00000, 0x000000063dc00000, 0x000000063e000000|  0%| F|  |TAMS 0x000000063dc00000| PB 0x000000063dc00000| Untracked |  0
| 248|0x000000063e000000, 0x000000063e000000, 0x000000063e400000|  0%| F|  |TAMS 0x000000063e000000| PB 0x000000063e000000| Untracked |  0
| 249|0x000000063e400000, 0x000000063e400000, 0x000000063e800000|  0%| F|  |TAMS 0x000000063e400000| PB 0x000000063e400000| Untracked |  0
| 250|0x000000063e800000, 0x000000063e800000, 0x000000063ec00000|  0%| F|  |TAMS 0x000000063e800000| PB 0x000000063e800000| Untracked |  0
| 251|0x000000063ec00000, 0x000000063ec00000, 0x000000063f000000|  0%| F|  |TAMS 0x000000063ec00000| PB 0x000000063ec00000| Untracked |  0
| 252|0x000000063f000000, 0x000000063f000000, 0x000000063f400000|  0%| F|  |TAMS 0x000000063f000000| PB 0x000000063f000000| Untracked |  0
| 253|0x000000063f400000, 0x000000063f400000, 0x000000063f800000|  0%| F|  |TAMS 0x000000063f400000| PB 0x000000063f400000| Untracked |  0
| 254|0x000000063f800000, 0x000000063f800000, 0x000000063fc00000|  0%| F|  |TAMS 0x000000063f800000| PB 0x000000063f800000| Untracked |  0
| 255|0x000000063fc00000, 0x000000063fc00000, 0x0000000640000000|  0%| F|  |TAMS 0x000000063fc00000| PB 0x000000063fc00000| Untracked |  0
| 256|0x0000000640000000, 0x0000000640000000, 0x0000000640400000|  0%| F|  |TAMS 0x0000000640000000| PB 0x0000000640000000| Untracked |  0
| 257|0x0000000640400000, 0x0000000640400000, 0x0000000640800000|  0%| F|  |TAMS 0x0000000640400000| PB 0x0000000640400000| Untracked |  0
| 258|0x0000000640800000, 0x0000000640800000, 0x0000000640c00000|  0%| F|  |TAMS 0x0000000640800000| PB 0x0000000640800000| Untracked |  0
| 259|0x0000000640c00000, 0x0000000640c00000, 0x0000000641000000|  0%| F|  |TAMS 0x0000000640c00000| PB 0x0000000640c00000| Untracked |  0
| 260|0x0000000641000000, 0x0000000641000000, 0x0000000641400000|  0%| F|  |TAMS 0x0000000641000000| PB 0x0000000641000000| Untracked |  0
| 261|0x0000000641400000, 0x0000000641400000, 0x0000000641800000|  0%| F|  |TAMS 0x0000000641400000| PB 0x0000000641400000| Untracked |  0
| 262|0x0000000641800000, 0x0000000641800000, 0x0000000641c00000|  0%| F|  |TAMS 0x0000000641800000| PB 0x0000000641800000| Untracked |  0
| 263|0x0000000641c00000, 0x0000000641c00000, 0x0000000642000000|  0%| F|  |TAMS 0x0000000641c00000| PB 0x0000000641c00000| Untracked |  0
| 264|0x0000000642000000, 0x0000000642000000, 0x0000000642400000|  0%| F|  |TAMS 0x0000000642000000| PB 0x0000000642000000| Untracked |  0
| 265|0x0000000642400000, 0x0000000642400000, 0x0000000642800000|  0%| F|  |TAMS 0x0000000642400000| PB 0x0000000642400000| Untracked |  0
| 266|0x0000000642800000, 0x0000000642800000, 0x0000000642c00000|  0%| F|  |TAMS 0x0000000642800000| PB 0x0000000642800000| Untracked |  0
| 267|0x0000000642c00000, 0x0000000642c00000, 0x0000000643000000|  0%| F|  |TAMS 0x0000000642c00000| PB 0x0000000642c00000| Untracked |  0
| 268|0x0000000643000000, 0x0000000643000000, 0x0000000643400000|  0%| F|  |TAMS 0x0000000643000000| PB 0x0000000643000000| Untracked |  0
| 269|0x0000000643400000, 0x0000000643400000, 0x0000000643800000|  0%| F|  |TAMS 0x0000000643400000| PB 0x0000000643400000| Untracked |  0
| 270|0x0000000643800000, 0x0000000643800000, 0x0000000643c00000|  0%| F|  |TAMS 0x0000000643800000| PB 0x0000000643800000| Untracked |  0
| 271|0x0000000643c00000, 0x0000000643c00000, 0x0000000644000000|  0%| F|  |TAMS 0x0000000643c00000| PB 0x0000000643c00000| Untracked |  0
| 272|0x0000000644000000, 0x0000000644000000, 0x0000000644400000|  0%| F|  |TAMS 0x0000000644000000| PB 0x0000000644000000| Untracked |  0
| 273|0x0000000644400000, 0x0000000644400000, 0x0000000644800000|  0%| F|  |TAMS 0x0000000644400000| PB 0x0000000644400000| Untracked |  0
| 274|0x0000000644800000, 0x0000000644800000, 0x0000000644c00000|  0%| F|  |TAMS 0x0000000644800000| PB 0x0000000644800000| Untracked |  0
| 275|0x0000000644c00000, 0x0000000644c00000, 0x0000000645000000|  0%| F|  |TAMS 0x0000000644c00000| PB 0x0000000644c00000| Untracked |  0
| 276|0x0000000645000000, 0x0000000645000000, 0x0000000645400000|  0%| F|  |TAMS 0x0000000645000000| PB 0x0000000645000000| Untracked |  0
| 277|0x0000000645400000, 0x0000000645400000, 0x0000000645800000|  0%| F|  |TAMS 0x0000000645400000| PB 0x0000000645400000| Untracked |  0
| 278|0x0000000645800000, 0x0000000645800000, 0x0000000645c00000|  0%| F|  |TAMS 0x0000000645800000| PB 0x0000000645800000| Untracked |  0
| 279|0x0000000645c00000, 0x0000000645c00000, 0x0000000646000000|  0%| F|  |TAMS 0x0000000645c00000| PB 0x0000000645c00000| Untracked |  0
| 280|0x0000000646000000, 0x0000000646000000, 0x0000000646400000|  0%| F|  |TAMS 0x0000000646000000| PB 0x0000000646000000| Untracked |  0
| 281|0x0000000646400000, 0x0000000646400000, 0x0000000646800000|  0%| F|  |TAMS 0x0000000646400000| PB 0x0000000646400000| Untracked |  0
| 282|0x0000000646800000, 0x0000000646800000, 0x0000000646c00000|  0%| F|  |TAMS 0x0000000646800000| PB 0x0000000646800000| Untracked |  0
| 283|0x0000000646c00000, 0x0000000646c00000, 0x0000000647000000|  0%| F|  |TAMS 0x0000000646c00000| PB 0x0000000646c00000| Untracked |  0
| 284|0x0000000647000000, 0x0000000647000000, 0x0000000647400000|  0%| F|  |TAMS 0x0000000647000000| PB 0x0000000647000000| Untracked |  0
| 285|0x0000000647400000, 0x0000000647400000, 0x0000000647800000|  0%| F|  |TAMS 0x0000000647400000| PB 0x0000000647400000| Untracked |  0
| 286|0x0000000647800000, 0x0000000647800000, 0x0000000647c00000|  0%| F|  |TAMS 0x0000000647800000| PB 0x0000000647800000| Untracked |  0
| 287|0x0000000647c00000, 0x0000000647c00000, 0x0000000648000000|  0%| F|  |TAMS 0x0000000647c00000| PB 0x0000000647c00000| Untracked |  0
| 288|0x0000000648000000, 0x0000000648000000, 0x0000000648400000|  0%| F|  |TAMS 0x0000000648000000| PB 0x0000000648000000| Untracked |  0
| 289|0x0000000648400000, 0x0000000648400000, 0x0000000648800000|  0%| F|  |TAMS 0x0000000648400000| PB 0x0000000648400000| Untracked |  0
| 290|0x0000000648800000, 0x0000000648800000, 0x0000000648c00000|  0%| F|  |TAMS 0x0000000648800000| PB 0x0000000648800000| Untracked |  0
| 291|0x0000000648c00000, 0x0000000648c00000, 0x0000000649000000|  0%| F|  |TAMS 0x0000000648c00000| PB 0x0000000648c00000| Untracked |  0
| 292|0x0000000649000000, 0x0000000649000000, 0x0000000649400000|  0%| F|  |TAMS 0x0000000649000000| PB 0x0000000649000000| Untracked |  0
| 293|0x0000000649400000, 0x0000000649400000, 0x0000000649800000|  0%| F|  |TAMS 0x0000000649400000| PB 0x0000000649400000| Untracked |  0
| 294|0x0000000649800000, 0x0000000649800000, 0x0000000649c00000|  0%| F|  |TAMS 0x0000000649800000| PB 0x0000000649800000| Untracked |  0
| 295|0x0000000649c00000, 0x0000000649c00000, 0x000000064a000000|  0%| F|  |TAMS 0x0000000649c00000| PB 0x0000000649c00000| Untracked |  0
| 296|0x000000064a000000, 0x000000064a000000, 0x000000064a400000|  0%| F|  |TAMS 0x000000064a000000| PB 0x000000064a000000| Untracked |  0
| 297|0x000000064a400000, 0x000000064a400000, 0x000000064a800000|  0%| F|  |TAMS 0x000000064a400000| PB 0x000000064a400000| Untracked |  0
| 298|0x000000064a800000, 0x000000064a800000, 0x000000064ac00000|  0%| F|  |TAMS 0x000000064a800000| PB 0x000000064a800000| Untracked |  0
| 299|0x000000064ac00000, 0x000000064ac00000, 0x000000064b000000|  0%| F|  |TAMS 0x000000064ac00000| PB 0x000000064ac00000| Untracked |  0
| 300|0x000000064b000000, 0x000000064b000000, 0x000000064b400000|  0%| F|  |TAMS 0x000000064b000000| PB 0x000000064b000000| Untracked |  0
| 301|0x000000064b400000, 0x000000064b400000, 0x000000064b800000|  0%| F|  |TAMS 0x000000064b400000| PB 0x000000064b400000| Untracked |  0
| 302|0x000000064b800000, 0x000000064b800000, 0x000000064bc00000|  0%| F|  |TAMS 0x000000064b800000| PB 0x000000064b800000| Untracked |  0
| 303|0x000000064bc00000, 0x000000064bc00000, 0x000000064c000000|  0%| F|  |TAMS 0x000000064bc00000| PB 0x000000064bc00000| Untracked |  0
| 304|0x000000064c000000, 0x000000064c000000, 0x000000064c400000|  0%| F|  |TAMS 0x000000064c000000| PB 0x000000064c000000| Untracked |  0
| 305|0x000000064c400000, 0x000000064c400000, 0x000000064c800000|  0%| F|  |TAMS 0x000000064c400000| PB 0x000000064c400000| Untracked |  0
| 306|0x000000064c800000, 0x000000064c800000, 0x000000064cc00000|  0%| F|  |TAMS 0x000000064c800000| PB 0x000000064c800000| Untracked |  0
| 307|0x000000064cc00000, 0x000000064cc00000, 0x000000064d000000|  0%| F|  |TAMS 0x000000064cc00000| PB 0x000000064cc00000| Untracked |  0
| 308|0x000000064d000000, 0x000000064d000000, 0x000000064d400000|  0%| F|  |TAMS 0x000000064d000000| PB 0x000000064d000000| Untracked |  0
| 309|0x000000064d400000, 0x000000064d400000, 0x000000064d800000|  0%| F|  |TAMS 0x000000064d400000| PB 0x000000064d400000| Untracked |  0
| 310|0x000000064d800000, 0x000000064d800000, 0x000000064dc00000|  0%| F|  |TAMS 0x000000064d800000| PB 0x000000064d800000| Untracked |  0
| 311|0x000000064dc00000, 0x000000064dc00000, 0x000000064e000000|  0%| F|  |TAMS 0x000000064dc00000| PB 0x000000064dc00000| Untracked |  0
| 312|0x000000064e000000, 0x000000064e000000, 0x000000064e400000|  0%| F|  |TAMS 0x000000064e000000| PB 0x000000064e000000| Untracked |  0
| 313|0x000000064e400000, 0x000000064e400000, 0x000000064e800000|  0%| F|  |TAMS 0x000000064e400000| PB 0x000000064e400000| Untracked |  0
| 314|0x000000064e800000, 0x000000064e800000, 0x000000064ec00000|  0%| F|  |TAMS 0x000000064e800000| PB 0x000000064e800000| Untracked |  0
| 315|0x000000064ec00000, 0x000000064ec00000, 0x000000064f000000|  0%| F|  |TAMS 0x000000064ec00000| PB 0x000000064ec00000| Untracked |  0
| 316|0x000000064f000000, 0x000000064f000000, 0x000000064f400000|  0%| F|  |TAMS 0x000000064f000000| PB 0x000000064f000000| Untracked |  0
| 317|0x000000064f400000, 0x000000064f400000, 0x000000064f800000|  0%| F|  |TAMS 0x000000064f400000| PB 0x000000064f400000| Untracked |  0
| 318|0x000000064f800000, 0x000000064f800000, 0x000000064fc00000|  0%| F|  |TAMS 0x000000064f800000| PB 0x000000064f800000| Untracked |  0
| 319|0x000000064fc00000, 0x000000064fc00000, 0x0000000650000000|  0%| F|  |TAMS 0x000000064fc00000| PB 0x000000064fc00000| Untracked |  0
| 320|0x0000000650000000, 0x0000000650000000, 0x0000000650400000|  0%| F|  |TAMS 0x0000000650000000| PB 0x0000000650000000| Untracked |  0
| 321|0x0000000650400000, 0x0000000650400000, 0x0000000650800000|  0%| F|  |TAMS 0x0000000650400000| PB 0x0000000650400000| Untracked |  0
| 322|0x0000000650800000, 0x0000000650800000, 0x0000000650c00000|  0%| F|  |TAMS 0x0000000650800000| PB 0x0000000650800000| Untracked |  0
| 323|0x0000000650c00000, 0x0000000650c00000, 0x0000000651000000|  0%| F|  |TAMS 0x0000000650c00000| PB 0x0000000650c00000| Untracked |  0
| 324|0x0000000651000000, 0x0000000651000000, 0x0000000651400000|  0%| F|  |TAMS 0x0000000651000000| PB 0x0000000651000000| Untracked |  0
| 325|0x0000000651400000, 0x0000000651400000, 0x0000000651800000|  0%| F|  |TAMS 0x0000000651400000| PB 0x0000000651400000| Untracked |  0
| 326|0x0000000651800000, 0x0000000651800000, 0x0000000651c00000|  0%| F|  |TAMS 0x0000000651800000| PB 0x0000000651800000| Untracked |  0
| 327|0x0000000651c00000, 0x0000000651c00000, 0x0000000652000000|  0%| F|  |TAMS 0x0000000651c00000| PB 0x0000000651c00000| Untracked |  0
| 328|0x0000000652000000, 0x0000000652000000, 0x0000000652400000|  0%| F|  |TAMS 0x0000000652000000| PB 0x0000000652000000| Untracked |  0
| 329|0x0000000652400000, 0x0000000652400000, 0x0000000652800000|  0%| F|  |TAMS 0x0000000652400000| PB 0x0000000652400000| Untracked |  0
| 330|0x0000000652800000, 0x0000000652800000, 0x0000000652c00000|  0%| F|  |TAMS 0x0000000652800000| PB 0x0000000652800000| Untracked |  0
| 331|0x0000000652c00000, 0x0000000652c00000, 0x0000000653000000|  0%| F|  |TAMS 0x0000000652c00000| PB 0x0000000652c00000| Untracked |  0
| 332|0x0000000653000000, 0x0000000653000000, 0x0000000653400000|  0%| F|  |TAMS 0x0000000653000000| PB 0x0000000653000000| Untracked |  0
| 333|0x0000000653400000, 0x0000000653400000, 0x0000000653800000|  0%| F|  |TAMS 0x0000000653400000| PB 0x0000000653400000| Untracked |  0
| 334|0x0000000653800000, 0x0000000653800000, 0x0000000653c00000|  0%| F|  |TAMS 0x0000000653800000| PB 0x0000000653800000| Untracked |  0
| 335|0x0000000653c00000, 0x0000000653c00000, 0x0000000654000000|  0%| F|  |TAMS 0x0000000653c00000| PB 0x0000000653c00000| Untracked |  0
| 336|0x0000000654000000, 0x0000000654000000, 0x0000000654400000|  0%| F|  |TAMS 0x0000000654000000| PB 0x0000000654000000| Untracked |  0
| 337|0x0000000654400000, 0x0000000654400000, 0x0000000654800000|  0%| F|  |TAMS 0x0000000654400000| PB 0x0000000654400000| Untracked |  0
| 338|0x0000000654800000, 0x0000000654800000, 0x0000000654c00000|  0%| F|  |TAMS 0x0000000654800000| PB 0x0000000654800000| Untracked |  0
| 339|0x0000000654c00000, 0x0000000654c00000, 0x0000000655000000|  0%| F|  |TAMS 0x0000000654c00000| PB 0x0000000654c00000| Untracked |  0
| 340|0x0000000655000000, 0x0000000655000000, 0x0000000655400000|  0%| F|  |TAMS 0x0000000655000000| PB 0x0000000655000000| Untracked |  0
| 341|0x0000000655400000, 0x0000000655400000, 0x0000000655800000|  0%| F|  |TAMS 0x0000000655400000| PB 0x0000000655400000| Untracked |  0
| 342|0x0000000655800000, 0x0000000655800000, 0x0000000655c00000|  0%| F|  |TAMS 0x0000000655800000| PB 0x0000000655800000| Untracked |  0
| 343|0x0000000655c00000, 0x0000000655c00000, 0x0000000656000000|  0%| F|  |TAMS 0x0000000655c00000| PB 0x0000000655c00000| Untracked |  0
| 344|0x0000000656000000, 0x0000000656000000, 0x0000000656400000|  0%| F|  |TAMS 0x0000000656000000| PB 0x0000000656000000| Untracked |  0
| 345|0x0000000656400000, 0x0000000656400000, 0x0000000656800000|  0%| F|  |TAMS 0x0000000656400000| PB 0x0000000656400000| Untracked |  0
| 346|0x0000000656800000, 0x0000000656800000, 0x0000000656c00000|  0%| F|  |TAMS 0x0000000656800000| PB 0x0000000656800000| Untracked |  0
| 347|0x0000000656c00000, 0x0000000656c00000, 0x0000000657000000|  0%| F|  |TAMS 0x0000000656c00000| PB 0x0000000656c00000| Untracked |  0
| 348|0x0000000657000000, 0x0000000657000000, 0x0000000657400000|  0%| F|  |TAMS 0x0000000657000000| PB 0x0000000657000000| Untracked |  0
| 349|0x0000000657400000, 0x0000000657400000, 0x0000000657800000|  0%| F|  |TAMS 0x0000000657400000| PB 0x0000000657400000| Untracked |  0
| 350|0x0000000657800000, 0x0000000657800000, 0x0000000657c00000|  0%| F|  |TAMS 0x0000000657800000| PB 0x0000000657800000| Untracked |  0
| 351|0x0000000657c00000, 0x0000000657c00000, 0x0000000658000000|  0%| F|  |TAMS 0x0000000657c00000| PB 0x0000000657c00000| Untracked |  0
| 352|0x0000000658000000, 0x0000000658000000, 0x0000000658400000|  0%| F|  |TAMS 0x0000000658000000| PB 0x0000000658000000| Untracked |  0
| 353|0x0000000658400000, 0x0000000658400000, 0x0000000658800000|  0%| F|  |TAMS 0x0000000658400000| PB 0x0000000658400000| Untracked |  0
| 354|0x0000000658800000, 0x0000000658800000, 0x0000000658c00000|  0%| F|  |TAMS 0x0000000658800000| PB 0x0000000658800000| Untracked |  0
| 355|0x0000000658c00000, 0x0000000658c00000, 0x0000000659000000|  0%| F|  |TAMS 0x0000000658c00000| PB 0x0000000658c00000| Untracked |  0
| 356|0x0000000659000000, 0x0000000659000000, 0x0000000659400000|  0%| F|  |TAMS 0x0000000659000000| PB 0x0000000659000000| Untracked |  0
| 357|0x0000000659400000, 0x0000000659400000, 0x0000000659800000|  0%| F|  |TAMS 0x0000000659400000| PB 0x0000000659400000| Untracked |  0
| 358|0x0000000659800000, 0x0000000659800000, 0x0000000659c00000|  0%| F|  |TAMS 0x0000000659800000| PB 0x0000000659800000| Untracked |  0
| 359|0x0000000659c00000, 0x0000000659c00000, 0x000000065a000000|  0%| F|  |TAMS 0x0000000659c00000| PB 0x0000000659c00000| Untracked |  0
| 360|0x000000065a000000, 0x000000065a000000, 0x000000065a400000|  0%| F|  |TAMS 0x000000065a000000| PB 0x000000065a000000| Untracked |  0
| 361|0x000000065a400000, 0x000000065a400000, 0x000000065a800000|  0%| F|  |TAMS 0x000000065a400000| PB 0x000000065a400000| Untracked |  0
| 362|0x000000065a800000, 0x000000065a800000, 0x000000065ac00000|  0%| F|  |TAMS 0x000000065a800000| PB 0x000000065a800000| Untracked |  0
| 363|0x000000065ac00000, 0x000000065ac00000, 0x000000065b000000|  0%| F|  |TAMS 0x000000065ac00000| PB 0x000000065ac00000| Untracked |  0
| 364|0x000000065b000000, 0x000000065b000000, 0x000000065b400000|  0%| F|  |TAMS 0x000000065b000000| PB 0x000000065b000000| Untracked |  0
| 365|0x000000065b400000, 0x000000065b400000, 0x000000065b800000|  0%| F|  |TAMS 0x000000065b400000| PB 0x000000065b400000| Untracked |  0
| 366|0x000000065b800000, 0x000000065b800000, 0x000000065bc00000|  0%| F|  |TAMS 0x000000065b800000| PB 0x000000065b800000| Untracked |  0
| 367|0x000000065bc00000, 0x000000065bc00000, 0x000000065c000000|  0%| F|  |TAMS 0x000000065bc00000| PB 0x000000065bc00000| Untracked |  0
| 368|0x000000065c000000, 0x000000065c000000, 0x000000065c400000|  0%| F|  |TAMS 0x000000065c000000| PB 0x000000065c000000| Untracked |  0
| 369|0x000000065c400000, 0x000000065c400000, 0x000000065c800000|  0%| F|  |TAMS 0x000000065c400000| PB 0x000000065c400000| Untracked |  0
| 370|0x000000065c800000, 0x000000065c800000, 0x000000065cc00000|  0%| F|  |TAMS 0x000000065c800000| PB 0x000000065c800000| Untracked |  0
| 371|0x000000065cc00000, 0x000000065cc00000, 0x000000065d000000|  0%| F|  |TAMS 0x000000065cc00000| PB 0x000000065cc00000| Untracked |  0
| 372|0x000000065d000000, 0x000000065d000000, 0x000000065d400000|  0%| F|  |TAMS 0x000000065d000000| PB 0x000000065d000000| Untracked |  0
| 373|0x000000065d400000, 0x000000065d800000, 0x000000065d800000|100%| S|CS|TAMS 0x000000065d400000| PB 0x000000065d400000| Complete |  0
| 374|0x000000065d800000, 0x000000065dc00000, 0x000000065dc00000|100%| S|CS|TAMS 0x000000065d800000| PB 0x000000065d800000| Complete |  0
| 375|0x000000065dc00000, 0x000000065dc00000, 0x000000065e000000|  0%| F|  |TAMS 0x000000065dc00000| PB 0x000000065dc00000| Untracked |  0
| 376|0x000000065e000000, 0x000000065e000000, 0x000000065e400000|  0%| F|  |TAMS 0x000000065e000000| PB 0x000000065e000000| Untracked |  0
| 377|0x000000065e400000, 0x000000065e400000, 0x000000065e800000|  0%| F|  |TAMS 0x000000065e400000| PB 0x000000065e400000| Untracked |  0
| 378|0x000000065e800000, 0x000000065e800000, 0x000000065ec00000|  0%| F|  |TAMS 0x000000065e800000| PB 0x000000065e800000| Untracked |  0
| 379|0x000000065ec00000, 0x000000065ec00000, 0x000000065f000000|  0%| F|  |TAMS 0x000000065ec00000| PB 0x000000065ec00000| Untracked |  0
| 380|0x000000065f000000, 0x000000065f000000, 0x000000065f400000|  0%| F|  |TAMS 0x000000065f000000| PB 0x000000065f000000| Untracked |  0
| 381|0x000000065f400000, 0x000000065f400000, 0x000000065f800000|  0%| F|  |TAMS 0x000000065f400000| PB 0x000000065f400000| Untracked |  0
| 382|0x000000065f800000, 0x000000065f800000, 0x000000065fc00000|  0%| F|  |TAMS 0x000000065f800000| PB 0x000000065f800000| Untracked |  0
| 383|0x000000065fc00000, 0x000000065fc00000, 0x0000000660000000|  0%| F|  |TAMS 0x000000065fc00000| PB 0x000000065fc00000| Untracked |  0
| 384|0x0000000660000000, 0x0000000660000000, 0x0000000660400000|  0%| F|  |TAMS 0x0000000660000000| PB 0x0000000660000000| Untracked |  0
| 385|0x0000000660400000, 0x0000000660400000, 0x0000000660800000|  0%| F|  |TAMS 0x0000000660400000| PB 0x0000000660400000| Untracked |  0
| 386|0x0000000660800000, 0x0000000660800000, 0x0000000660c00000|  0%| F|  |TAMS 0x0000000660800000| PB 0x0000000660800000| Untracked |  0
| 387|0x0000000660c00000, 0x0000000660c00000, 0x0000000661000000|  0%| F|  |TAMS 0x0000000660c00000| PB 0x0000000660c00000| Untracked |  0
| 388|0x0000000661000000, 0x0000000661000000, 0x0000000661400000|  0%| F|  |TAMS 0x0000000661000000| PB 0x0000000661000000| Untracked |  0
| 389|0x0000000661400000, 0x0000000661400000, 0x0000000661800000|  0%| F|  |TAMS 0x0000000661400000| PB 0x0000000661400000| Untracked |  0
| 390|0x0000000661800000, 0x0000000661800000, 0x0000000661c00000|  0%| F|  |TAMS 0x0000000661800000| PB 0x0000000661800000| Untracked |  0
| 391|0x0000000661c00000, 0x0000000661c00000, 0x0000000662000000|  0%| F|  |TAMS 0x0000000661c00000| PB 0x0000000661c00000| Untracked |  0
| 392|0x0000000662000000, 0x0000000662000000, 0x0000000662400000|  0%| F|  |TAMS 0x0000000662000000| PB 0x0000000662000000| Untracked |  0
| 393|0x0000000662400000, 0x0000000662400000, 0x0000000662800000|  0%| F|  |TAMS 0x0000000662400000| PB 0x0000000662400000| Untracked |  0
| 394|0x0000000662800000, 0x0000000662800000, 0x0000000662c00000|  0%| F|  |TAMS 0x0000000662800000| PB 0x0000000662800000| Untracked |  0
| 395|0x0000000662c00000, 0x0000000662c00000, 0x0000000663000000|  0%| F|  |TAMS 0x0000000662c00000| PB 0x0000000662c00000| Untracked |  0
| 396|0x0000000663000000, 0x0000000663000000, 0x0000000663400000|  0%| F|  |TAMS 0x0000000663000000| PB 0x0000000663000000| Untracked |  0
| 397|0x0000000663400000, 0x0000000663400000, 0x0000000663800000|  0%| F|  |TAMS 0x0000000663400000| PB 0x0000000663400000| Untracked |  0
| 398|0x0000000663800000, 0x0000000663800000, 0x0000000663c00000|  0%| F|  |TAMS 0x0000000663800000| PB 0x0000000663800000| Untracked |  0
| 399|0x0000000663c00000, 0x0000000663c00000, 0x0000000664000000|  0%| F|  |TAMS 0x0000000663c00000| PB 0x0000000663c00000| Untracked |  0
| 400|0x0000000664000000, 0x0000000664000000, 0x0000000664400000|  0%| F|  |TAMS 0x0000000664000000| PB 0x0000000664000000| Untracked |  0
| 401|0x0000000664400000, 0x0000000664400000, 0x0000000664800000|  0%| F|  |TAMS 0x0000000664400000| PB 0x0000000664400000| Untracked |  0
| 402|0x0000000664800000, 0x0000000664800000, 0x0000000664c00000|  0%| F|  |TAMS 0x0000000664800000| PB 0x0000000664800000| Untracked |  0
| 403|0x0000000664c00000, 0x0000000664c00000, 0x0000000665000000|  0%| F|  |TAMS 0x0000000664c00000| PB 0x0000000664c00000| Untracked |  0
| 404|0x0000000665000000, 0x0000000665000000, 0x0000000665400000|  0%| F|  |TAMS 0x0000000665000000| PB 0x0000000665000000| Untracked |  0
| 405|0x0000000665400000, 0x0000000665400000, 0x0000000665800000|  0%| F|  |TAMS 0x0000000665400000| PB 0x0000000665400000| Untracked |  0
| 406|0x0000000665800000, 0x0000000665800000, 0x0000000665c00000|  0%| F|  |TAMS 0x0000000665800000| PB 0x0000000665800000| Untracked |  0
| 407|0x0000000665c00000, 0x0000000665c00000, 0x0000000666000000|  0%| F|  |TAMS 0x0000000665c00000| PB 0x0000000665c00000| Untracked |  0
| 408|0x0000000666000000, 0x0000000666000000, 0x0000000666400000|  0%| F|  |TAMS 0x0000000666000000| PB 0x0000000666000000| Untracked |  0
| 409|0x0000000666400000, 0x0000000666400000, 0x0000000666800000|  0%| F|  |TAMS 0x0000000666400000| PB 0x0000000666400000| Untracked |  0
| 410|0x0000000666800000, 0x0000000666800000, 0x0000000666c00000|  0%| F|  |TAMS 0x0000000666800000| PB 0x0000000666800000| Untracked |  0
| 411|0x0000000666c00000, 0x0000000666c00000, 0x0000000667000000|  0%| F|  |TAMS 0x0000000666c00000| PB 0x0000000666c00000| Untracked |  0
| 412|0x0000000667000000, 0x0000000667000000, 0x0000000667400000|  0%| F|  |TAMS 0x0000000667000000| PB 0x0000000667000000| Untracked |  0
| 413|0x0000000667400000, 0x0000000667400000, 0x0000000667800000|  0%| F|  |TAMS 0x0000000667400000| PB 0x0000000667400000| Untracked |  0
| 414|0x0000000667800000, 0x0000000667800000, 0x0000000667c00000|  0%| F|  |TAMS 0x0000000667800000| PB 0x0000000667800000| Untracked |  0

Card table byte_map: [0x0000022d69240000,0x0000022d6a240000] _byte_map_base: 0x0000022d66240000

Marking Bits: (CMBitMap*) 0x0000022d3f98cf90
 Bits: [0x0000022d6a240000, 0x0000022d72240000)

Polling page: 0x0000022d3d590000

Metaspace:

Usage:
  Non-class:    194.98 MB used.
      Class:     28.56 MB used.
       Both:    223.54 MB used.

Virtual space:
  Non-class space:      256.00 MB reserved,     196.81 MB ( 77%) committed,  4 nodes.
      Class space:        1.00 GB reserved,      30.19 MB (  3%) committed,  1 nodes.
             Both:        1.25 GB reserved,     227.00 MB ( 18%) committed. 

Chunk freelists:
   Non-Class:  11.23 MB
       Class:  1.70 MB
        Both:  12.92 MB

MaxMetaspaceSize: 4.00 GB
CompressedClassSpaceSize: 1.00 GB
Initial GC threshold: 21.00 MB
Current GC threshold: 375.88 MB
CDS: on
 - commit_granule_bytes: 65536.
 - commit_granule_words: 8192.
 - virtual_space_node_default_size: 8388608.
 - enlarge_chunks_in_place: 1.
 - use_allocation_guard: 0.


Internal statistics:

num_allocs_failed_limit: 45.
num_arena_births: 5964.
num_arena_deaths: 38.
num_vsnodes_births: 5.
num_vsnodes_deaths: 0.
num_space_committed: 3630.
num_space_uncommitted: 0.
num_chunks_returned_to_freelist: 141.
num_chunks_taken_from_freelist: 15496.
num_chunk_merges: 52.
num_chunk_splits: 10780.
num_chunks_enlarged: 7617.
num_inconsistent_stats: 0.

CodeHeap 'non-profiled nmethods': size=259328Kb used=24991Kb max_used=24991Kb free=234336Kb
 bounds [0x0000022d582e0000, 0x0000022d59b50000, 0x0000022d68020000]
CodeHeap 'profiled nmethods': size=259264Kb used=68098Kb max_used=69222Kb free=191165Kb
 bounds [0x0000022d48020000, 0x0000022d4c3c0000, 0x0000022d57d50000]
CodeHeap 'non-nmethods': size=5696Kb used=3381Kb max_used=3497Kb free=2314Kb
 bounds [0x0000022d57d50000, 0x0000022d580e0000, 0x0000022d582e0000]
CodeCache: size=524288Kb, used=96470Kb, max_used=97710Kb, free=427815Kb
 total_blobs=36315, nmethods=34924, adapters=1292, full_count=0
Compilation: enabled, stopped_count=0, restarted_count=0

Compilation events (20 events):
Event: 2602.519 Thread 0x0000022d723fa270 nmethod 50285 0x0000022d59b46008 code [0x0000022d59b46120, 0x0000022d59b461f0]
Event: 2602.520 Thread 0x0000022d723fa270 50287       1       com.android.build.gradle.internal.lint.AndroidLintTask$VariantCreationAction::getType (3 bytes)
Event: 2602.521 Thread 0x0000022d723fa270 nmethod 50287 0x0000022d59b46308 code [0x0000022d59b46420, 0x0000022d59b464f0]
Event: 2602.524 Thread 0x0000022d723f87b0 50288       4       com.google.common.collect.AbstractIterator::hasNext (61 bytes)
Event: 2602.528 Thread 0x0000022d723fa270 50289       1       com.android.build.api.variant.impl.VariantOutputConfigurationImpl::getFilters (5 bytes)
Event: 2602.528 Thread 0x0000022d723fa270 nmethod 50289 0x0000022d59b46608 code [0x0000022d59b46720, 0x0000022d59b467f0]
Event: 2602.537 Thread 0x0000022d723f87b0 nmethod 50288 0x0000022d59b46908 code [0x0000022d59b46aa0, 0x0000022d59b47358]
Event: 2602.538 Thread 0x0000022d723f87b0 50291       4       com.android.build.api.variant.impl.LibraryVariantImpl_Decorated::getArtifacts (40 bytes)
Event: 2602.539 Thread 0x0000022d723f87b0 nmethod 50291 0x0000022d59b47488 code [0x0000022d59b47580, 0x0000022d59b47628]
Event: 2602.539 Thread 0x0000022d723f87b0 50290       4       org.gradle.api.internal.DefaultNamedDomainObjectCollection::assertElementNotPresent (45 bytes)
Event: 2602.540 Thread 0x0000022d723f87b0 nmethod 50290 0x0000022d59b47788 code [0x0000022d59b47880, 0x0000022d59b47940]
Event: 2602.545 Thread 0x0000022d723fa270 50292       3       org.gradle.internal.metaobject.BeanDynamicObject::<init> (15 bytes)
Event: 2602.545 Thread 0x0000022d723fa270 nmethod 50292 0x0000022d49192788 code [0x0000022d491928c0, 0x0000022d49192a28]
Event: 2602.549 Thread 0x0000022d723fa270 50293       3       org.gradle.internal.component.local.model.DefaultLocalVariantGraphResolveState::getAttributes (10 bytes)
Event: 2602.550 Thread 0x0000022d723fa270 nmethod 50293 0x0000022d49192488 code [0x0000022d491925a0, 0x0000022d49192720]
Event: 2602.551 Thread 0x0000022d723fa270 50294       3       org.gradle.api.internal.project.DefaultProject::getGroup (118 bytes)
Event: 2602.554 Thread 0x0000022d723fa270 nmethod 50294 0x0000022d49190688 code [0x0000022d491909e0, 0x0000022d491922c0]
Event: 2602.554 Thread 0x0000022d723fa270 50295       1       org.gradle.api.internal.artifacts.dependencies.AbstractModuleDependency::isEndorsingStrictVersions (5 bytes)
Event: 2602.554 Thread 0x0000022d723fa270 nmethod 50295 0x0000022d59b47a88 code [0x0000022d59b47ba0, 0x0000022d59b47c70]
Event: 2602.559 Thread 0x0000022d723f87b0 50296       4       com.google.common.cache.LocalCache$Segment::drainValueReferenceQueue (43 bytes)

GC Heap History (20 events):
Event: 2396.628 GC heap after
{Heap after GC invocations=162 (full 0):
 garbage-first heap   total reserved 8388608K, committed 1695744K, used 535559K [0x0000000600000000, 0x0000000800000000)
  region size 4096K, 2 young (8192K), 2 survivors (8192K)
 Metaspace       used 213865K, committed 217280K, reserved 1245184K
  class space    used 27390K, committed 29056K, reserved 1048576K
}
Event: 2448.105 GC heap before
{Heap before GC invocations=162 (full 0):
 garbage-first heap   total reserved 8388608K, committed 1695744K, used 1555463K [0x0000000600000000, 0x0000000800000000)
  region size 4096K, 248 young (1015808K), 2 survivors (8192K)
 Metaspace       used 215912K, committed 219392K, reserved 1245184K
  class space    used 27552K, committed 29248K, reserved 1048576K
}
Event: 2448.198 GC heap after
{Heap after GC invocations=163 (full 0):
 garbage-first heap   total reserved 8388608K, committed 1695744K, used 559357K [0x0000000600000000, 0x0000000800000000)
  region size 4096K, 8 young (32768K), 8 survivors (32768K)
 Metaspace       used 215912K, committed 219392K, reserved 1245184K
  class space    used 27552K, committed 29248K, reserved 1048576K
}
Event: 2451.597 GC heap before
{Heap before GC invocations=163 (full 0):
 garbage-first heap   total reserved 8388608K, committed 1695744K, used 1399037K [0x0000000600000000, 0x0000000800000000)
  region size 4096K, 213 young (872448K), 8 survivors (32768K)
 Metaspace       used 215919K, committed 219456K, reserved 1245184K
  class space    used 27552K, committed 29248K, reserved 1048576K
}
Event: 2451.677 GC heap after
{Heap after GC invocations=164 (full 0):
 garbage-first heap   total reserved 8388608K, committed 1695744K, used 587563K [0x0000000600000000, 0x0000000800000000)
  region size 4096K, 15 young (61440K), 15 survivors (61440K)
 Metaspace       used 215919K, committed 219456K, reserved 1245184K
  class space    used 27552K, committed 29248K, reserved 1048576K
}
Event: 2452.397 GC heap before
{Heap before GC invocations=164 (full 0):
 garbage-first heap   total reserved 8388608K, committed 1695744K, used 804651K [0x0000000600000000, 0x0000000800000000)
  region size 4096K, 68 young (278528K), 15 survivors (61440K)
 Metaspace       used 215919K, committed 219456K, reserved 1245184K
  class space    used 27552K, committed 29248K, reserved 1048576K
}
Event: 2452.520 GC heap after
{Heap after GC invocations=165 (full 0):
 garbage-first heap   total reserved 8388608K, committed 1695744K, used 590952K [0x0000000600000000, 0x0000000800000000)
  region size 4096K, 2 young (8192K), 2 survivors (8192K)
 Metaspace       used 215919K, committed 219456K, reserved 1245184K
  class space    used 27552K, committed 29248K, reserved 1048576K
}
Event: 2455.892 GC heap before
{Heap before GC invocations=165 (full 0):
 garbage-first heap   total reserved 8388608K, committed 1695744K, used 1487976K [0x0000000600000000, 0x0000000800000000)
  region size 4096K, 222 young (909312K), 2 survivors (8192K)
 Metaspace       used 215919K, committed 219456K, reserved 1245184K
  class space    used 27552K, committed 29248K, reserved 1048576K
}
Event: 2455.957 GC heap after
{Heap after GC invocations=166 (full 0):
 garbage-first heap   total reserved 8388608K, committed 1695744K, used 595306K [0x0000000600000000, 0x0000000800000000)
  region size 4096K, 3 young (12288K), 3 survivors (12288K)
 Metaspace       used 215919K, committed 219456K, reserved 1245184K
  class space    used 27552K, committed 29248K, reserved 1048576K
}
Event: 2462.845 GC heap before
{Heap before GC invocations=166 (full 0):
 garbage-first heap   total reserved 8388608K, committed 1695744K, used 1537386K [0x0000000600000000, 0x0000000800000000)
  region size 4096K, 233 young (954368K), 3 survivors (12288K)
 Metaspace       used 215919K, committed 219456K, reserved 1245184K
  class space    used 27552K, committed 29248K, reserved 1048576K
}
Event: 2462.862 GC heap after
{Heap after GC invocations=167 (full 0):
 garbage-first heap   total reserved 8388608K, committed 1695744K, used 593583K [0x0000000600000000, 0x0000000800000000)
  region size 4096K, 2 young (8192K), 2 survivors (8192K)
 Metaspace       used 215919K, committed 219456K, reserved 1245184K
  class space    used 27552K, committed 29248K, reserved 1048576K
}
Event: 2468.202 GC heap before
{Heap before GC invocations=167 (full 0):
 garbage-first heap   total reserved 8388608K, committed 1695744K, used 1560239K [0x0000000600000000, 0x0000000800000000)
  region size 4096K, 238 young (974848K), 2 survivors (8192K)
 Metaspace       used 215929K, committed 219456K, reserved 1245184K
  class space    used 27552K, committed 29248K, reserved 1048576K
}
Event: 2468.220 GC heap after
{Heap after GC invocations=168 (full 0):
 garbage-first heap   total reserved 8388608K, committed 1695744K, used 595490K [0x0000000600000000, 0x0000000800000000)
  region size 4096K, 3 young (12288K), 3 survivors (12288K)
 Metaspace       used 215929K, committed 219456K, reserved 1245184K
  class space    used 27552K, committed 29248K, reserved 1048576K
}
Event: 2578.082 GC heap before
{Heap before GC invocations=168 (full 0):
 garbage-first heap   total reserved 8388608K, committed 1695744K, used 1459746K [0x0000000600000000, 0x0000000800000000)
  region size 4096K, 215 young (880640K), 3 survivors (12288K)
 Metaspace       used 227377K, committed 230912K, reserved 1310720K
  class space    used 29192K, committed 30848K, reserved 1048576K
}
Event: 2578.196 GC heap after
{Heap after GC invocations=169 (full 0):
 garbage-first heap   total reserved 8388608K, committed 1695744K, used 628776K [0x0000000600000000, 0x0000000800000000)
  region size 4096K, 13 young (53248K), 13 survivors (53248K)
 Metaspace       used 227377K, committed 230912K, reserved 1310720K
  class space    used 29192K, committed 30848K, reserved 1048576K
}
Event: 2599.351 GC heap before
{Heap before GC invocations=170 (full 0):
 garbage-first heap   total reserved 8388608K, committed 1695744K, used 1591336K [0x0000000600000000, 0x0000000800000000)
  region size 4096K, 238 young (974848K), 13 survivors (53248K)
 Metaspace       used 228669K, committed 232192K, reserved 1310720K
  class space    used 29229K, committed 30912K, reserved 1048576K
}
Event: 2600.137 GC heap after
{Heap after GC invocations=171 (full 0):
 garbage-first heap   total reserved 8388608K, committed 1699840K, used 683695K [0x0000000600000000, 0x0000000800000000)
  region size 4096K, 25 young (102400K), 25 survivors (102400K)
 Metaspace       used 228669K, committed 232192K, reserved 1310720K
  class space    used 29229K, committed 30912K, reserved 1048576K
}
Event: 2600.200 GC heap before
{Heap before GC invocations=171 (full 0):
 garbage-first heap   total reserved 8388608K, committed 1699840K, used 687791K [0x0000000600000000, 0x0000000800000000)
  region size 4096K, 26 young (106496K), 25 survivors (102400K)
 Metaspace       used 228669K, committed 232192K, reserved 1310720K
  class space    used 29229K, committed 30912K, reserved 1048576K
}
Event: 2600.379 GC heap after
{Heap after GC invocations=172 (full 0):
 garbage-first heap   total reserved 8388608K, committed 1699840K, used 663552K [0x0000000600000000, 0x0000000800000000)
  region size 4096K, 2 young (8192K), 2 survivors (8192K)
 Metaspace       used 228669K, committed 232192K, reserved 1310720K
  class space    used 29229K, committed 30912K, reserved 1048576K
}
Event: 2602.562 GC heap before
{Heap before GC invocations=172 (full 0):
 garbage-first heap   total reserved 8388608K, committed 1699840K, used 819200K [0x0000000600000000, 0x0000000800000000)
  region size 4096K, 40 young (163840K), 2 survivors (8192K)
 Metaspace       used 228899K, committed 232448K, reserved 1310720K
  class space    used 29240K, committed 30912K, reserved 1048576K
}

Dll operation events (17 events):
Event: 0.056 Loaded shared library C:\Program Files\Java\jdk-23\bin\java.dll
Event: 0.116 Loaded shared library C:\Program Files\Java\jdk-23\bin\jsvml.dll
Event: 0.264 Loaded shared library C:\Program Files\Java\jdk-23\bin\zip.dll
Event: 0.279 Loaded shared library C:\Program Files\Java\jdk-23\bin\instrument.dll
Event: 0.293 Loaded shared library C:\Program Files\Java\jdk-23\bin\net.dll
Event: 0.298 Loaded shared library C:\Program Files\Java\jdk-23\bin\nio.dll
Event: 0.307 Loaded shared library C:\Program Files\Java\jdk-23\bin\zip.dll
Event: 0.944 Loaded shared library C:\Program Files\Java\jdk-23\bin\jimage.dll
Event: 1.291 Loaded shared library C:\Program Files\Java\jdk-23\bin\verify.dll
Event: 1.579 Loaded shared library C:\Users\User\.gradle\native\1def1411415f61bf3af743bc5b6707747c0891f09f0c88961ee8f79bc544acac\windows-amd64\native-platform.dll
Event: 1.631 Loaded shared library C:\Users\User\.gradle\native\0.2.7\x86_64-windows-gnu\gradle-fileevents.dll
Event: 4.023 Loaded shared library C:\Program Files\Java\jdk-23\bin\management.dll
Event: 4.033 Loaded shared library C:\Program Files\Java\jdk-23\bin\management_ext.dll
Event: 4.346 Loaded shared library C:\Program Files\Java\jdk-23\bin\extnet.dll
Event: 5.006 Loaded shared library C:\Program Files\Java\jdk-23\bin\sunmscapi.dll
Event: 286.075 Loaded shared library C:\Program Files\Java\jdk-23\bin\rmi.dll
Event: 458.363 Loaded shared library C:\Users\User\AppData\Local\Temp\jna-2645995\jna2801529163091035840.dll

Deoptimization events (20 events):
Event: 2597.427 Thread 0x0000022dbba43300 DEOPT PACKING pc=0x0000022d58bf1ce8 sp=0x00000098859fa000
Event: 2597.427 Thread 0x0000022dbba43300 DEOPT UNPACKING pc=0x0000022d57da4402 sp=0x00000098859fa010 mode 2
Event: 2597.428 Thread 0x0000022dbba43300 Uncommon trap: trap_request=0xffffffd6 fr.pc=0x0000022d58bf1848 relative=0x0000000000002ac8
Event: 2597.428 Thread 0x0000022dbba43300 Uncommon trap: reason=array_check action=maybe_recompile pc=0x0000022d58bf1848 method=org.gradle.internal.service.DefaultServiceRegistry$FactoryService.bind()V @ 281 c2
Event: 2597.428 Thread 0x0000022dbba43300 DEOPT PACKING pc=0x0000022d58bf1848 sp=0x00000098859f9720
Event: 2597.428 Thread 0x0000022dbba43300 DEOPT UNPACKING pc=0x0000022d57da4402 sp=0x00000098859f9730 mode 2
Event: 2597.522 Thread 0x0000022dbe0d87c0 Uncommon trap: trap_request=0xffffff45 fr.pc=0x0000022d5986a198 relative=0x0000000000000ff8
Event: 2597.522 Thread 0x0000022dbe0d87c0 Uncommon trap: reason=unstable_if action=reinterpret pc=0x0000022d5986a198 method=java.util.concurrent.ConcurrentHashMap.putVal(Ljava/lang/Object;Ljava/lang/Object;Z)Ljava/lang/Object; @ 197 c2
Event: 2597.522 Thread 0x0000022dbe0d87c0 DEOPT PACKING pc=0x0000022d5986a198 sp=0x0000009888ffe0e0
Event: 2597.522 Thread 0x0000022dbe0d87c0 DEOPT UNPACKING pc=0x0000022d57da4402 sp=0x0000009888ffe060 mode 2
Event: 2601.871 Thread 0x0000022dbba43300 DEOPT PACKING pc=0x0000022d4abe6d36 sp=0x00000098859f4700
Event: 2601.871 Thread 0x0000022dbba43300 DEOPT UNPACKING pc=0x0000022d57da4b22 sp=0x00000098859f3c20 mode 0
Event: 2601.980 Thread 0x0000022dbba43300 Uncommon trap: trap_request=0xffffff66 fr.pc=0x0000022d58d0e230 relative=0x00000000000041f0
Event: 2601.980 Thread 0x0000022dbba43300 Uncommon trap: reason=speculate_class_check action=maybe_recompile pc=0x0000022d58d0e230 method=org.jetbrains.kotlin.types.KotlinType.getAnnotations()Lorg/jetbrains/kotlin/descriptors/annotations/Annotations; @ 1 c2
Event: 2601.980 Thread 0x0000022dbba43300 DEOPT PACKING pc=0x0000022d58d0e230 sp=0x00000098859f4e90
Event: 2601.980 Thread 0x0000022dbba43300 DEOPT UNPACKING pc=0x0000022d57da4402 sp=0x00000098859f4b28 mode 2
Event: 2601.982 Thread 0x0000022dbba43300 Uncommon trap: trap_request=0xffffff66 fr.pc=0x0000022d58d0e230 relative=0x00000000000041f0
Event: 2601.982 Thread 0x0000022dbba43300 Uncommon trap: reason=speculate_class_check action=maybe_recompile pc=0x0000022d58d0e230 method=org.jetbrains.kotlin.types.KotlinType.getAnnotations()Lorg/jetbrains/kotlin/descriptors/annotations/Annotations; @ 1 c2
Event: 2601.982 Thread 0x0000022dbba43300 DEOPT PACKING pc=0x0000022d58d0e230 sp=0x00000098859f4e90
Event: 2601.982 Thread 0x0000022dbba43300 DEOPT UNPACKING pc=0x0000022d57da4402 sp=0x00000098859f4b28 mode 2

Classes loaded (20 events):
Event: 2576.842 Loading class java/net/Collections
Event: 2576.842 Loading class java/net/Collections done
Event: 2576.887 Loading class java/lang/Map
Event: 2576.887 Loading class java/lang/Map done
Event: 2576.894 Loading class java/io/Map
Event: 2576.894 Loading class java/io/Map done
Event: 2576.897 Loading class java/net/Map
Event: 2576.897 Loading class java/net/Map done
Event: 2576.905 Loading class java/lang/HashMap
Event: 2576.905 Loading class java/lang/HashMap done
Event: 2576.912 Loading class java/io/HashMap
Event: 2576.912 Loading class java/io/HashMap done
Event: 2576.916 Loading class java/net/HashMap
Event: 2576.917 Loading class java/net/HashMap done
Event: 2576.953 Loading class java/lang/LinkedList
Event: 2576.953 Loading class java/lang/LinkedList done
Event: 2576.961 Loading class java/io/LinkedList
Event: 2576.961 Loading class java/io/LinkedList done
Event: 2576.964 Loading class java/net/LinkedList
Event: 2576.964 Loading class java/net/LinkedList done

Classes unloaded (20 events):
Event: 2580.635 Thread 0x0000022d723ca290 Unloading class 0x0000022d77c813b0 '_BuildScript_$_run_closure2$_closure6$_closure11'
Event: 2580.635 Thread 0x0000022d723ca290 Unloading class 0x0000022d77c80fc0 '_BuildScript_$_run_closure2$_closure6'
Event: 2580.635 Thread 0x0000022d723ca290 Unloading class 0x0000022d77c80bd0 '_BuildScript_$_run_closure2$_closure5$_closure10'
Event: 2580.635 Thread 0x0000022d723ca290 Unloading class 0x0000022d77c807e0 '_BuildScript_$_run_closure2$_closure5'
Event: 2580.635 Thread 0x0000022d723ca290 Unloading class 0x0000022d77c803f0 '_BuildScript_$_run_closure2$_closure4'
Event: 2580.635 Thread 0x0000022d723ca290 Unloading class 0x0000022d77c80000 '_BuildScript_$_run_closure2'
Event: 2580.635 Thread 0x0000022d723ca290 Unloading class 0x0000022d77c7f930 '_BuildScript_$_run_closure1$_closure3'
Event: 2580.635 Thread 0x0000022d723ca290 Unloading class 0x0000022d77c7f540 '_BuildScript_$_run_closure1'
Event: 2580.635 Thread 0x0000022d723ca290 Unloading class 0x0000022d77c7f000 '_BuildScript_'
Event: 2580.635 Thread 0x0000022d723ca290 Unloading class 0x0000022d77c7d000 '_BuildScript_$_run_closure1$_closure2'
Event: 2580.635 Thread 0x0000022d723ca290 Unloading class 0x0000022d77c7c400 '_BuildScript_$_run_closure1'
Event: 2580.635 Thread 0x0000022d723ca290 Unloading class 0x0000022d77c7c800 '_BuildScript_'
Event: 2580.636 Thread 0x0000022d723ca290 Unloading class 0x0000022d77bf43f0 '_BuildScript_$_run_closure3'
Event: 2580.636 Thread 0x0000022d723ca290 Unloading class 0x0000022d77bf4000 '_BuildScript_$_run_closure2$_closure7'
Event: 2580.636 Thread 0x0000022d723ca290 Unloading class 0x0000022d77c5bbd0 '_BuildScript_$_run_closure2$_closure6'
Event: 2580.636 Thread 0x0000022d723ca290 Unloading class 0x0000022d77c5b7e0 '_BuildScript_$_run_closure2$_closure5'
Event: 2580.636 Thread 0x0000022d723ca290 Unloading class 0x0000022d77c5b3f0 '_BuildScript_$_run_closure2'
Event: 2580.636 Thread 0x0000022d723ca290 Unloading class 0x0000022d77c5b000 '_BuildScript_$_run_closure1$_closure4'
Event: 2580.637 Thread 0x0000022d723ca290 Unloading class 0x0000022d77becc00 '_BuildScript_$_run_closure1'
Event: 2580.637 Thread 0x0000022d723ca290 Unloading class 0x0000022d77c5c000 '_BuildScript_'

Classes redefined (0 events):
No events

Internal exceptions (20 events):
Event: 2596.789 Thread 0x0000022dbba43300 Exception <a 'sun/nio/fs/WindowsException'{0x0000000637f88b18}> (0x0000000637f88b18) 
thrown [s\open\src\hotspot\share\prims\jni.cpp, line 520]
Event: 2600.639 Thread 0x0000022dbba43300 Exception <a 'sun/nio/fs/WindowsException'{0x00000006676c3af0}> (0x00000006676c3af0) 
thrown [s\open\src\hotspot\share\prims\jni.cpp, line 520]
Event: 2600.639 Thread 0x0000022dbba43300 Exception <a 'sun/nio/fs/WindowsException'{0x00000006676c55c8}> (0x00000006676c55c8) 
thrown [s\open\src\hotspot\share\prims\jni.cpp, line 520]
Event: 2602.321 Thread 0x0000022dbba43300 Exception <a 'sun/nio/fs/WindowsException'{0x000000065e5a49a0}> (0x000000065e5a49a0) 
thrown [s\open\src\hotspot\share\prims\jni.cpp, line 520]
Event: 2602.322 Thread 0x0000022dbba43300 Exception <a 'sun/nio/fs/WindowsException'{0x000000065e5a6338}> (0x000000065e5a6338) 
thrown [s\open\src\hotspot\share\prims\jni.cpp, line 520]
Event: 2602.324 Thread 0x0000022dbba43300 Exception <a 'sun/nio/fs/WindowsException'{0x000000065e5b10c0}> (0x000000065e5b10c0) 
thrown [s\open\src\hotspot\share\prims\jni.cpp, line 520]
Event: 2602.329 Thread 0x0000022dbba43300 Exception <a 'sun/nio/fs/WindowsException'{0x000000065e5b9478}> (0x000000065e5b9478) 
thrown [s\open\src\hotspot\share\prims\jni.cpp, line 520]
Event: 2602.333 Thread 0x0000022dbba43300 Exception <a 'sun/nio/fs/WindowsException'{0x000000065e5c2530}> (0x000000065e5c2530) 
thrown [s\open\src\hotspot\share\prims\jni.cpp, line 520]
Event: 2602.337 Thread 0x0000022dbba43300 Exception <a 'sun/nio/fs/WindowsException'{0x000000065e5cad10}> (0x000000065e5cad10) 
thrown [s\open\src\hotspot\share\prims\jni.cpp, line 520]
Event: 2602.339 Thread 0x0000022dbba43300 Exception <a 'sun/nio/fs/WindowsException'{0x000000065e5d4070}> (0x000000065e5d4070) 
thrown [s\open\src\hotspot\share\prims\jni.cpp, line 520]
Event: 2602.342 Thread 0x0000022dbba43300 Exception <a 'sun/nio/fs/WindowsException'{0x000000065e5dccc0}> (0x000000065e5dccc0) 
thrown [s\open\src\hotspot\share\prims\jni.cpp, line 520]
Event: 2602.352 Thread 0x0000022dbba43300 Exception <a 'sun/nio/fs/WindowsException'{0x000000065e5e3de0}> (0x000000065e5e3de0) 
thrown [s\open\src\hotspot\share\prims\jni.cpp, line 520]
Event: 2602.354 Thread 0x0000022dbba43300 Exception <a 'sun/nio/fs/WindowsException'{0x000000065e5ec248}> (0x000000065e5ec248) 
thrown [s\open\src\hotspot\share\prims\jni.cpp, line 520]
Event: 2602.357 Thread 0x0000022dbba43300 Exception <a 'sun/nio/fs/WindowsException'{0x000000065e5f5410}> (0x000000065e5f5410) 
thrown [s\open\src\hotspot\share\prims\jni.cpp, line 520]
Event: 2602.360 Thread 0x0000022dbba43300 Exception <a 'sun/nio/fs/WindowsException'{0x000000065e5fde90}> (0x000000065e5fde90) 
thrown [s\open\src\hotspot\share\prims\jni.cpp, line 520]
Event: 2602.363 Thread 0x0000022dbba43300 Exception <a 'sun/nio/fs/WindowsException'{0x000000065e606388}> (0x000000065e606388) 
thrown [s\open\src\hotspot\share\prims\jni.cpp, line 520]
Event: 2602.366 Thread 0x0000022dbba43300 Exception <a 'sun/nio/fs/WindowsException'{0x000000065e610908}> (0x000000065e610908) 
thrown [s\open\src\hotspot\share\prims\jni.cpp, line 520]
Event: 2602.369 Thread 0x0000022dbba43300 Exception <a 'sun/nio/fs/WindowsException'{0x000000065e619568}> (0x000000065e619568) 
thrown [s\open\src\hotspot\share\prims\jni.cpp, line 520]
Event: 2602.371 Thread 0x0000022dbba43300 Exception <a 'sun/nio/fs/WindowsException'{0x000000065e623160}> (0x000000065e623160) 
thrown [s\open\src\hotspot\share\prims\jni.cpp, line 520]
Event: 2602.376 Thread 0x0000022dbba43300 Exception <a 'sun/nio/fs/WindowsException'{0x000000065e62a1b8}> (0x000000065e62a1b8) 
thrown [s\open\src\hotspot\share\prims\jni.cpp, line 520]

VM Operations (20 events):
Event: 2573.820 Executing VM operation: HandshakeAllThreads (Deoptimize) done
Event: 2574.087 Executing VM operation: HandshakeAllThreads (Deoptimize)
Event: 2574.087 Executing VM operation: HandshakeAllThreads (Deoptimize) done
Event: 2577.448 Executing VM operation: HandshakeAllThreads (Deoptimize)
Event: 2577.448 Executing VM operation: HandshakeAllThreads (Deoptimize) done
Event: 2578.082 Executing VM operation: G1TryInitiateConcMark (G1 Humongous Allocation)
Event: 2578.196 Executing VM operation: G1TryInitiateConcMark (G1 Humongous Allocation) done
Event: 2580.631 Executing VM operation: G1PauseRemark
Event: 2581.623 Executing VM operation: G1PauseRemark done
Event: 2583.211 Executing VM operation: G1PauseCleanup
Event: 2583.214 Executing VM operation: G1PauseCleanup done
Event: 2586.965 Executing VM operation: HandshakeAllThreads (HandshakeForDeflation)
Event: 2586.966 Executing VM operation: HandshakeAllThreads (HandshakeForDeflation) done
Event: 2586.966 Executing VM operation: RendezvousGCThreads
Event: 2586.966 Executing VM operation: RendezvousGCThreads done
Event: 2599.351 Executing VM operation: G1CollectForAllocation (G1 Evacuation Pause)
Event: 2600.137 Executing VM operation: G1CollectForAllocation (G1 Evacuation Pause) done
Event: 2600.199 Executing VM operation: G1CollectForAllocation (G1 Evacuation Pause)
Event: 2600.380 Executing VM operation: G1CollectForAllocation (G1 Evacuation Pause) done
Event: 2602.562 Executing VM operation: G1CollectForAllocation (G1 Evacuation Pause)

Memory protections (0 events):
No events

Nmethod flushes (20 events):
Event: 2581.589 Thread 0x0000022d723ca290 flushing  nmethod 0x0000022d4933f108
Event: 2581.589 Thread 0x0000022d723ca290 flushing  nmethod 0x0000022d4937da88
Event: 2581.589 Thread 0x0000022d723ca290 flushing  nmethod 0x0000022d49385308
Event: 2581.589 Thread 0x0000022d723ca290 flushing  nmethod 0x0000022d49387b08
Event: 2581.589 Thread 0x0000022d723ca290 flushing  nmethod 0x0000022d496ba588
Event: 2581.589 Thread 0x0000022d723ca290 flushing  nmethod 0x0000022d49747708
Event: 2581.589 Thread 0x0000022d723ca290 flushing  nmethod 0x0000022d4977e608
Event: 2581.589 Thread 0x0000022d723ca290 flushing  nmethod 0x0000022d4a02ea88
Event: 2581.589 Thread 0x0000022d723ca290 flushing  nmethod 0x0000022d4a073688
Event: 2581.589 Thread 0x0000022d723ca290 flushing  nmethod 0x0000022d4a0b2a08
Event: 2581.589 Thread 0x0000022d723ca290 flushing  nmethod 0x0000022d4a0c7588
Event: 2581.589 Thread 0x0000022d723ca290 flushing  nmethod 0x0000022d4a109108
Event: 2581.589 Thread 0x0000022d723ca290 flushing  nmethod 0x0000022d4a149c08
Event: 2581.589 Thread 0x0000022d723ca290 flushing  nmethod 0x0000022d4a151108
Event: 2581.590 Thread 0x0000022d723ca290 flushing  nmethod 0x0000022d4aa3bb08
Event: 2581.590 Thread 0x0000022d723ca290 flushing  nmethod 0x0000022d4b649808
Event: 2581.590 Thread 0x0000022d723ca290 flushing  nmethod 0x0000022d4b8e2b88
Event: 2581.590 Thread 0x0000022d723ca290 flushing  nmethod 0x0000022d4bcd6708
Event: 2581.590 Thread 0x0000022d723ca290 flushing  nmethod 0x0000022d4bfd1388
Event: 2581.590 Thread 0x0000022d723ca290 flushing  nmethod 0x0000022d4c25fb88

Events (20 events):
Event: 2592.686 Thread 0x0000022dcf812490 Thread exited: 0x0000022dcf812490
Event: 2595.099 Thread 0x0000022d723fa270 Thread added: 0x0000022dd08d25d0
Event: 2595.363 Thread 0x0000022dd08d25d0 Thread exited: 0x0000022dd08d25d0
Event: 2596.370 Thread 0x0000022d723fa270 Thread added: 0x0000022dd08ccd40
Event: 2597.473 Thread 0x0000022dbba43300 Thread added: 0x0000022dbba55f20
Event: 2597.474 Thread 0x0000022dbba43300 Thread added: 0x0000022dbba565b0
Event: 2597.474 Thread 0x0000022dbba43300 Thread added: 0x0000022dbba537c0
Event: 2597.492 Thread 0x0000022dbba43300 Thread added: 0x0000022dbe0d8e50
Event: 2597.494 Thread 0x0000022dbba43300 Thread added: 0x0000022dbe0d87c0
Event: 2597.495 Thread 0x0000022dbba43300 Thread added: 0x0000022dbe0d7aa0
Event: 2597.556 Thread 0x0000022dbba43300 Thread added: 0x0000022dd18f1fb0
Event: 2597.892 Thread 0x0000022dbba43300 Thread added: 0x0000022dd18fa2f0
Event: 2597.892 Thread 0x0000022dbba43300 Thread added: 0x0000022dd18fa980
Event: 2597.892 Thread 0x0000022dbba43300 Thread added: 0x0000022dd7dab490
Event: 2597.931 Thread 0x0000022dbba43300 Thread added: 0x0000022dd7db5210
Event: 2597.931 Thread 0x0000022dbba43300 Thread added: 0x0000022dd7db0350
Event: 2597.932 Thread 0x0000022dbba43300 Thread added: 0x0000022dbd3cc350
Event: 2599.072 Thread 0x0000022dd08ccd40 Thread exited: 0x0000022dd08ccd40
Event: 2601.454 Thread 0x0000022d723fa270 Thread added: 0x0000022dd6918c50
Event: 2602.456 Thread 0x0000022dd6918c50 Thread exited: 0x0000022dd6918c50


Dynamic libraries:
0x00007ff6344c0000 - 0x00007ff6344d0000 	C:\Program Files\Java\jdk-23\bin\java.exe
0x00007ffe0a850000 - 0x00007ffe0aa48000 	C:\WINDOWS\SYSTEM32\ntdll.dll
0x00007ffe09000000 - 0x00007ffe090bd000 	C:\WINDOWS\System32\KERNEL32.DLL
0x00007ffe08030000 - 0x00007ffe08326000 	C:\WINDOWS\System32\KERNELBASE.dll
0x00007ffe02380000 - 0x00007ffe02410000 	C:\WINDOWS\SYSTEM32\apphelp.dll
0x00007ffe083a0000 - 0x00007ffe084a0000 	C:\WINDOWS\System32\ucrtbase.dll
0x00007ffde4bc0000 - 0x00007ffde4bdb000 	C:\Program Files\Java\jdk-23\bin\VCRUNTIME140.dll
0x00007ffde4b70000 - 0x00007ffde4b87000 	C:\Program Files\Java\jdk-23\bin\jli.dll
0x00007ffe08880000 - 0x00007ffe08a1f000 	C:\WINDOWS\System32\USER32.dll
0x00007ffe08000000 - 0x00007ffe08022000 	C:\WINDOWS\System32\win32u.dll
0x00007ffdef460000 - 0x00007ffdef6fa000 	C:\WINDOWS\WinSxS\amd64_microsoft.windows.common-controls_6595b64144ccf1df_6.0.19041.4355_none_60b8b9eb71f62e16\COMCTL32.dll
0x00007ffe0a740000 - 0x00007ffe0a76b000 	C:\WINDOWS\System32\GDI32.dll
0x00007ffe0a770000 - 0x00007ffe0a80e000 	C:\WINDOWS\System32\msvcrt.dll
0x00007ffe085d0000 - 0x00007ffe086e7000 	C:\WINDOWS\System32\gdi32full.dll
0x00007ffe08530000 - 0x00007ffe085cd000 	C:\WINDOWS\System32\msvcp_win.dll
0x00007ffe0a700000 - 0x00007ffe0a732000 	C:\WINDOWS\System32\IMM32.DLL
0x00007ffdfebd0000 - 0x00007ffdfebdc000 	C:\Program Files\Java\jdk-23\bin\vcruntime140_1.dll
0x00007ffdc1b00000 - 0x00007ffdc1b8e000 	C:\Program Files\Java\jdk-23\bin\msvcp140.dll
0x00007ffd4aba0000 - 0x00007ffd4b8f0000 	C:\Program Files\Java\jdk-23\bin\server\jvm.dll
0x00007ffe09f50000 - 0x00007ffe0a000000 	C:\WINDOWS\System32\ADVAPI32.dll
0x00007ffe09e00000 - 0x00007ffe09ea0000 	C:\WINDOWS\System32\sechost.dll
0x00007ffe0a000000 - 0x00007ffe0a123000 	C:\WINDOWS\System32\RPCRT4.dll
0x00007ffe086f0000 - 0x00007ffe08717000 	C:\WINDOWS\System32\bcrypt.dll
0x00007ffe090c0000 - 0x00007ffe0912b000 	C:\WINDOWS\System32\WS2_32.dll
0x00007ffe07480000 - 0x00007ffe074cb000 	C:\WINDOWS\SYSTEM32\POWRPROF.dll
0x00007ffdef950000 - 0x00007ffdef977000 	C:\WINDOWS\SYSTEM32\WINMM.dll
0x00007ffdfa290000 - 0x00007ffdfa29a000 	C:\WINDOWS\SYSTEM32\VERSION.dll
0x00007ffe072f0000 - 0x00007ffe07302000 	C:\WINDOWS\SYSTEM32\UMPDC.dll
0x00007ffe06710000 - 0x00007ffe06722000 	C:\WINDOWS\SYSTEM32\kernel.appcore.dll
0x00007ffdfd610000 - 0x00007ffdfd61a000 	C:\Program Files\Java\jdk-23\bin\jimage.dll
0x00007ffe064f0000 - 0x00007ffe066d4000 	C:\WINDOWS\SYSTEM32\DBGHELP.DLL
0x00007ffdeedf0000 - 0x00007ffdeee24000 	C:\WINDOWS\SYSTEM32\dbgcore.DLL
0x00007ffe084a0000 - 0x00007ffe08522000 	C:\WINDOWS\System32\bcryptPrimitives.dll
0x00007ffdf8c00000 - 0x00007ffdf8c0f000 	C:\Program Files\Java\jdk-23\bin\instrument.dll
0x00007ffde4940000 - 0x00007ffde495e000 	C:\Program Files\Java\jdk-23\bin\java.dll
0x00007ffe09c60000 - 0x00007ffe09d8b000 	C:\WINDOWS\System32\ole32.dll
0x00007ffe08a20000 - 0x00007ffe08d73000 	C:\WINDOWS\System32\combase.dll
0x00007ffe09190000 - 0x00007ffe098fb000 	C:\WINDOWS\System32\SHELL32.dll
0x00007ffe05c90000 - 0x00007ffe0642d000 	C:\WINDOWS\SYSTEM32\windows.storage.dll
0x00007ffe07920000 - 0x00007ffe0794e000 	C:\WINDOWS\SYSTEM32\Wldp.dll
0x00007ffe09b90000 - 0x00007ffe09c5d000 	C:\WINDOWS\System32\OLEAUT32.dll
0x00007ffe09ea0000 - 0x00007ffe09f4d000 	C:\WINDOWS\System32\SHCORE.dll
0x00007ffe09130000 - 0x00007ffe09185000 	C:\WINDOWS\System32\shlwapi.dll
0x00007ffe07e30000 - 0x00007ffe07e54000 	C:\WINDOWS\SYSTEM32\profapi.dll
0x00007ffdc0cc0000 - 0x00007ffdc0d97000 	C:\Program Files\Java\jdk-23\bin\jsvml.dll
0x00007ffde2aa0000 - 0x00007ffde2ab7000 	C:\Program Files\Java\jdk-23\bin\zip.dll
0x00007ffdf21f0000 - 0x00007ffdf2200000 	C:\Program Files\Java\jdk-23\bin\net.dll
0x00007ffe07680000 - 0x00007ffe076ea000 	C:\WINDOWS\system32\mswsock.dll
0x00007ffde28d0000 - 0x00007ffde28e6000 	C:\Program Files\Java\jdk-23\bin\nio.dll
0x00007ffde29b0000 - 0x00007ffde29c0000 	C:\Program Files\Java\jdk-23\bin\verify.dll
0x00007ffddf820000 - 0x00007ffddf847000 	C:\Users\User\.gradle\native\1def1411415f61bf3af743bc5b6707747c0891f09f0c88961ee8f79bc544acac\windows-amd64\native-platform.dll
0x00007ffdc1900000 - 0x00007ffdc1978000 	C:\Users\User\.gradle\native\0.2.7\x86_64-windows-gnu\gradle-fileevents.dll
0x00007ffde2760000 - 0x00007ffde276a000 	C:\Program Files\Java\jdk-23\bin\management.dll
0x00007ffde21a0000 - 0x00007ffde21ab000 	C:\Program Files\Java\jdk-23\bin\management_ext.dll
0x00007ffe0a280000 - 0x00007ffe0a288000 	C:\WINDOWS\System32\PSAPI.DLL
0x00007ffe07310000 - 0x00007ffe0734b000 	C:\WINDOWS\SYSTEM32\IPHLPAPI.DLL
0x00007ffe09d90000 - 0x00007ffe09d98000 	C:\WINDOWS\System32\NSI.dll
0x00007ffde1fa0000 - 0x00007ffde1fa9000 	C:\Program Files\Java\jdk-23\bin\extnet.dll
0x00007ffe07870000 - 0x00007ffe07888000 	C:\WINDOWS\SYSTEM32\CRYPTSP.dll
0x00007ffe06ed0000 - 0x00007ffe06f04000 	C:\WINDOWS\system32\rsaenh.dll
0x00007ffe07de0000 - 0x00007ffe07e0e000 	C:\WINDOWS\SYSTEM32\USERENV.dll
0x00007ffe07890000 - 0x00007ffe0789c000 	C:\WINDOWS\SYSTEM32\CRYPTBASE.dll
0x00007ffde1be0000 - 0x00007ffde1bee000 	C:\Program Files\Java\jdk-23\bin\sunmscapi.dll
0x00007ffe08720000 - 0x00007ffe0887e000 	C:\WINDOWS\System32\CRYPT32.dll
0x00007ffe07990000 - 0x00007ffe079b9000 	C:\WINDOWS\SYSTEM32\ncrypt.dll
0x00007ffe07950000 - 0x00007ffe0798b000 	C:\WINDOWS\SYSTEM32\NTASN1.dll
0x00007ffde2bd0000 - 0x00007ffde2bd7000 	C:\WINDOWS\system32\wshunix.dll
0x00007ffe07070000 - 0x00007ffe070a3000 	C:\WINDOWS\SYSTEM32\ntmarta.dll
0x00007ffe07360000 - 0x00007ffe0742b000 	C:\WINDOWS\SYSTEM32\DNSAPI.dll
0x00007ffdfc200000 - 0x00007ffdfc20a000 	C:\Windows\System32\rasadhlp.dll
0x00007ffdf27c0000 - 0x00007ffdf2840000 	C:\WINDOWS\System32\fwpuclnt.dll
0x00007ffde11a0000 - 0x00007ffde11b7000 	C:\WINDOWS\system32\napinsp.dll
0x00007ffddf800000 - 0x00007ffddf81b000 	C:\WINDOWS\system32\pnrpnsp.dll
0x00007ffdff900000 - 0x00007ffdff915000 	C:\WINDOWS\system32\wshbth.dll
0x00007ffe00380000 - 0x00007ffe0039d000 	C:\WINDOWS\system32\NLAapi.dll
0x00007ffdcae10000 - 0x00007ffdcae22000 	C:\WINDOWS\System32\winrnr.dll
0x00007ffdff6d0000 - 0x00007ffdff6d7000 	C:\Program Files\Java\jdk-23\bin\rmi.dll
0x00007ffdfec50000 - 0x00007ffdfec91000 	C:\Users\User\AppData\Local\Temp\jna-2645995\jna2801529163091035840.dll

dbghelp: loaded successfully - version: 4.0.5 - missing functions: none
symbol engine: initialized successfully - sym options: 0x614 - pdb path: .;C:\Program Files\Java\jdk-23\bin;C:\WINDOWS\SYSTEM32;C:\WINDOWS\WinSxS\amd64_microsoft.windows.common-controls_6595b64144ccf1df_6.0.19041.4355_none_60b8b9eb71f62e16;C:\Program Files\Java\jdk-23\bin\server;C:\Users\User\.gradle\native\1def1411415f61bf3af743bc5b6707747c0891f09f0c88961ee8f79bc544acac\windows-amd64;C:\Users\User\.gradle\native\0.2.7\x86_64-windows-gnu;C:\Users\User\AppData\Local\Temp\jna-2645995

VM Arguments:
jvm_args: --add-opens=java.base/java.lang=ALL-UNNAMED --add-opens=java.base/java.lang.invoke=ALL-UNNAMED --add-opens=java.base/java.util=ALL-UNNAMED --add-opens=java.prefs/java.util.prefs=ALL-UNNAMED --add-exports=jdk.compiler/com.sun.tools.javac.api=ALL-UNNAMED --add-exports=jdk.compiler/com.sun.tools.javac.util=ALL-UNNAMED --add-opens=java.base/java.util=ALL-UNNAMED --add-opens=java.prefs/java.util.prefs=ALL-UNNAMED --add-opens=java.base/java.nio.charset=ALL-UNNAMED --add-opens=java.base/java.net=ALL-UNNAMED --add-opens=java.base/java.util.concurrent.atomic=ALL-UNNAMED --add-opens=java.xml/javax.xml.namespace=ALL-UNNAMED -XX:MaxMetaspaceSize=4G -XX:ReservedCodeCacheSize=512m -XX:+HeapDumpOnOutOfMemoryError -Xmx8G -Dfile.encoding=UTF-8 -Duser.country=US -Duser.language=en -Duser.variant -javaagent:C:\Users\User\.gradle\wrapper\dists\gradle-8.14-all\c2qonpi39x1mddn7hk5gh9iqj\gradle-8.14\lib\agents\gradle-instrumentation-agent-8.14.jar 
java_command: org.gradle.launcher.daemon.bootstrap.GradleDaemon 8.14
java_class_path (initial): C:\Users\User\.gradle\wrapper\dists\gradle-8.14-all\c2qonpi39x1mddn7hk5gh9iqj\gradle-8.14\lib\gradle-daemon-main-8.14.jar
Launcher Type: SUN_STANDARD

[Global flags]
     intx CICompilerCount                          = 3                                         {product} {ergonomic}
     uint ConcGCThreads                            = 1                                         {product} {ergonomic}
     uint G1ConcRefinementThreads                  = 4                                         {product} {ergonomic}
   size_t G1HeapRegionSize                         = 4194304                                   {product} {ergonomic}
     bool HeapDumpOnOutOfMemoryError               = true                                   {manageable} {command line}
   size_t InitialHeapSize                          = 134217728                                 {product} {ergonomic}
   size_t MarkStackSize                            = 4194304                                   {product} {ergonomic}
   size_t MarkStackSizeMax                         = 536870912                                 {product} {ergonomic}
   size_t MaxHeapSize                              = 8589934592                                {product} {command line}
   size_t MaxMetaspaceSize                         = 4294967296                                {product} {command line}
   size_t MaxNewSize                               = 5150605312                                {product} {ergonomic}
   size_t MinHeapDeltaBytes                        = 4194304                                   {product} {ergonomic}
   size_t MinHeapSize                              = 8388608                                   {product} {ergonomic}
    uintx NonNMethodCodeHeapSize                   = 5832704                                {pd product} {ergonomic}
    uintx NonProfiledCodeHeapSize                  = 265551872                              {pd product} {ergonomic}
    uintx ProfiledCodeHeapSize                     = 265486336                              {pd product} {ergonomic}
    uintx ReservedCodeCacheSize                    = 536870912                              {pd product} {command line, ergonomic}
     bool SegmentedCodeCache                       = true                                      {product} {ergonomic}
   size_t SoftMaxHeapSize                          = 8589934592                             {manageable} {ergonomic}
     bool UseCompressedOops                        = true                           {product lp64_product} {ergonomic}
     bool UseG1GC                                  = true                                      {product} {ergonomic}
     bool UseLargePagesIndividualAllocation        = false                                  {pd product} {ergonomic}

Logging:
Log output configuration:
 #0: stdout all=warning uptime,level,tags foldmultilines=false
 #1: stderr all=off uptime,level,tags foldmultilines=false

Environment Variables:
JAVA_HOME=C:\Program Files\Java\jdk-17
PATH=C:\Program Files (x86)\Common Files\Oracle\Java\javapath;C:\Program Files (x86)\Common Files\Oracle\Java\java8path;C:\Program Files\Java\jdk-17\bin;C:\Program Files (x86)\Common Files\Intel\Shared Files\cpp\bin\Intel64;C:\WINDOWS\system32;C:\WINDOWS;C:\WINDOWS\System32\Wbem;C:\WINDOWS\System32\WindowsPowerShell\v1.0\;C:\WINDOWS\System32\OpenSSH\;C:\TDM-GCC-64\bin;C:\Program Files\dotnet\;C:\xampp\php;C:\ProgramData\ComposerSetup\bin;C:\Program Files\Python313\Scripts;C:\Users\User\AppData\Roaming\Python\Python313\Scripts;C:\Program Files\Python313\;D:\Git\cmd;C:\Program Files\nodejs\;C:\Users\User\AppData\Local\Microsoft\WindowsApps;C:\Users\User\AppData\Local\Programs\Microsoft VS Code\bin;C:\Users\User\AppData\Roaming\Composer\vendor\bin;C:\Users\User\AppData\Local\GitHubDesktop\bin;C:\Program Files\Graphviz\bin;C:\Users\User\AppData\Roaming\npm;C:\Users\User\.antigravity\extensions\flutter\bin;D:\Users\User\AppData\Local\Google\Cloud SDK\google-cloud-sdk\bin;D:\cursor\resources\app\bin;D:\Antigravity\bin
USERNAME=User
OS=Windows_NT
PROCESSOR_IDENTIFIER=Intel64 Family 6 Model 78 Stepping 3, GenuineIntel
TMP=C:\Users\User\AppData\Local\Temp
TEMP=C:\Users\User\AppData\Local\Temp




Periodic native trim disabled

---------------  S Y S T E M  ---------------

OS:
 Windows 10 , 64 bit Build 19041 (10.0.19041.3636)
OS uptime: 2 days 10:33 hours

CPU: total 4 (initial active 4) (2 cores per cpu, 2 threads per core) family 6 model 78 stepping 3 microcode 0xcc, cx8, cmov, fxsr, ht, mmx, 3dnowpref, sse, sse2, sse3, ssse3, sse4.1, sse4.2, popcnt, lzcnt, tsc, tscinvbit, avx, avx2, aes, erms, clmul, bmi1, bmi2, rtm, adx, fma, vzeroupper, clflush, clflushopt, rdtscp, f16c
Processor Information for the first 4 processors :
  Max Mhz: 2304, Current Mhz: 2304, Mhz Limit: 2304

Memory: 4k page, system-wide physical 8088M (483M free)
TotalPageFile size 21105M (AvailPageFile size 1056M)
current process WorkingSet (physical memory assigned to process): 1862M, peak: 1939M
current process commit charge ("private bytes"): 2339M, peak: 4955M

vm_info: Java HotSpot(TM) 64-Bit Server VM (23.0.2+7-58) for windows-amd64 JRE (23.0.2+7-58), built on 2024-11-29T09:34:55Z with MS VC++ 17.6 (VS2022)

END.
